event_id,match_id,period,minute,second,total_seconds,goal_diff,event_type,affected_team,severity
28617ccb-0dc9-4ed0-846b-2b5dd68df1bf,9575,1,16,41,1001,0,Converted Turnover,Barcelona,81.0
67ea6bf6-72d1-411c-a1b0-6f396f905d83,9575,1,27,52,1672,0,Final Third Dribble,Real Betis,109.0
006a8844-8a57-4ca8-bc1a-283b20b7104a,9581,1,15,20,920,0,Final Third Dribble,Barcelona,82.6
d4f3540f-f685-4de3-a14f-34b3bcc4ea14,9581,1,33,10,1990,0,Converted Turnover,Deportivo Alavés,96.0
1918c154-f5ea-4656-bc0b-4ce574874075,9581,2,54,38,3278,0,Crucial Goal,Barcelona,108.0
9d5cde55-3027-40b5-9c54-d277f9801e48,9581,2,64,55,3895,-1,Converted Turnover,Deportivo Alavés,105.1
11f01954-e393-44c5-a50f-dc4e45551670,9592,1,30,14,1814,1,Converted Turnover,Barcelona,109.0
87727662-fc00-461f-878c-07b5e917d58b,9592,2,66,5,3965,2,Final Third Dribble,Barcelona,106.0
eaaafa2f-79fa-4269-85df-caad85583a3c,9592,2,88,7,5287,-4,Converted Turnover,Espanyol,101.0
c556a498-11e2-44e1-b646-247d8d3f307a,9602,1,10,30,630,0,Converted Turnover,Getafe,96.1
16156fb1-7b5b-4e55-b5ad-dba0d09351ad,9602,2,83,37,5017,0,Crucial Goal,Barcelona,166.0
d4705b10-9d1a-4ab1-8b79-52d63507923f,9609,1,20,1,1201,0,Crucial Goal,Barcelona,40.0
4e296b6f-a21c-443a-9797-7bfb903a82bc,9609,1,25,37,1537,1,Converted Turnover,Barcelona,80.9
729d9c9c-0e93-45ce-86a8-fa33008bf1ec,9609,2,70,37,4237,4,Let Off,Eibar,0.3201587
9029faee-a702-4b43-bc97-41d147d2a8df,9620,1,39,47,2387,-1,Final Third Dribble,Girona,102.9
cd089d66-8f1d-47bf-9659-c1e3e278f643,9620,2,78,15,4695,-3,Converted Turnover,Girona,91.0
011eeb63-cdff-400b-a103-ed53af953e87,9620,2,86,24,5184,-3,Let Off,Barcelona,0.38266447
b40b3df2-b0be-492f-810c-2e32ef72db3b,9636,1,25,24,1524,0,Converted Turnover,Las Palmas,82.1
1a7a6fff-fb8e-414a-8344-6f11dd5c745e,9636,2,55,13,3313,1,Final Third Dribble,Barcelona,112.3
795de4e7-99d5-42e8-a09b-3da027e0a8d5,9636,2,64,27,3867,1,Final Third Dribble,Barcelona,101.8
20bcea68-05dd-44d4-a725-ccf545003f62,9636,2,69,56,4196,1,Final Third Dribble,Barcelona,114.0
0d5ba51b-9826-4d73-8f7d-2d14812e8b56,9642,2,64,56,3896,-1,Converted Turnover,Barcelona,111.2
3a88f2eb-5b62-4827-a1ef-915138c7d432,9642,2,70,7,4207,-1,Converted Turnover,Barcelona,104.5
696c454f-5e2d-4cec-9a53-116923008006,9642,2,81,0,4860,-1,Crucial Goal,Barcelona,81.0
0acc3c82-4eac-4211-af97-702a7abd2191,9650,2,52,46,3166,1,Converted Turnover,Barcelona,91.9
19eaa183-f068-4c4d-8707-3c8ff21ea5a2,9650,2,59,35,3575,2,Final Third Dribble,Barcelona,99.7
c6b48c77-deb3-40c8-9521-041e6fda4888,9661,1,5,36,336,0,Converted Turnover,Barcelona,92.7
9a76d505-711a-4b19-81bb-c20e85b83d1f,9673,1,5,59,359,0,Converted Turnover,Barcelona,112.7
ff14c24a-31d3-489c-ac98-262bbdc87344,9682,1,19,38,1178,0,Final Third Dribble,Leganés,98.1
14b5ac38-e7fc-4a21-8f77-e3a2554cefa4,9682,1,27,37,1657,0,Crucial Goal,Barcelona,54.0
33e00655-ff7a-4ace-99ed-52a561f917e0,9682,2,74,1,4441,2,Final Third Dribble,Barcelona,82.9
3665895d-adfc-4812-bd05-5fb5da7c0193,9695,1,9,28,568,0,Converted Turnover,Barcelona,88.0
32754b05-227b-4ecb-92c8-5897d357c146,9695,2,59,20,3560,0,Crucial Goal,Valencia,118.0
1152e759-c6f1-4750-b5ae-9a39c0da06e1,9695,2,81,51,4911,-1,Crucial Goal,Barcelona,81.0
a4529126-1c53-4d9d-8b62-4c62121c4591,9726,2,74,32,4472,3,Let Off,RC Deportivo La Coruña,0.3204966
11bfe737-a561-4999-af38-3d96a2433e10,9736,2,53,32,3212,0,Crucial Goal,Barcelona,106.0
7f87f747-3d03-46f4-8d59-a898dafbdf44,9742,1,18,18,1098,-1,Converted Turnover,Levante UD,96.6
0ba7351c-1186-4bde-bdb2-f0a56d39ab4b,9742,1,24,38,1478,1,Converted Turnover,Barcelona,116.7
0ceaa556-8f5a-4961-ab0e-4abb811abef8,9742,2,71,27,4287,2,Converted Turnover,Barcelona,109.7
53acc3ec-1483-4a6d-b59b-5ee33089dd89,9754,1,33,28,2008,1,Final Third Dribble,Real Sociedad,93.0
9a5a221a-7466-4c77-bb1f-e9e6bf817f26,9754,2,81,9,4869,1,Final Third Dribble,Barcelona,101.0
4aa491b5-2ea1-43da-b70a-0565cd6497de,9765,2,58,16,3496,0,Crucial Goal,Barcelona,116.0
9c923261-5380-46ea-98d3-15c7bb109488,9765,2,68,33,4113,2,Final Third Dribble,Barcelona,96.0
77719395-acef-4e32-a7dd-62a664f4e196,9774,1,6,4,364,0,Converted Turnover,Barcelona,93.1
acb7de0a-1a7e-4956-84cc-439c198ea9df,9774,1,14,49,889,0,Let Off,Barcelona,0.3475795
c7593e40-c7f6-4250-925c-38f9a18501c3,9774,1,31,0,1860,-1,Converted Turnover,Barcelona,91.6
6d8b260c-f12a-4328-bff1-6a2cafb88604,9774,2,83,15,4995,0,Crucial Goal,Barcelona,166.0
875eaca8-ae0d-4565-bd42-b89fc3f15946,9783,2,81,53,4913,-1,Crucial Goal,Barcelona,81.0
877883b0-7997-4ddf-99fd-cf27702d6e94,9794,2,55,26,3326,0,Let Off,Getafe,0.39653078
625a017e-30cb-4ebe-8263-0598845d7f06,9794,2,65,9,3909,0,Converted Turnover,Getafe,83.9
a3182cbc-3d23-4c8a-b8ed-f429d86c91c0,9794,2,79,34,4774,0,Converted Turnover,Barcelona,112.4
489656f8-f7e0-4c88-96d5-0f5e53e8b94c,9799,1,30,56,1856,-1,Converted Turnover,Eibar,95.2
7dc10981-1425-450c-abb7-98fd2273b08f,9811,2,65,19,3919,3,Converted Turnover,Barcelona,110.6
85c730a1-4ed6-4956-a141-a3dc4f110d5c,9811,2,74,12,4452,4,Converted Turnover,Barcelona,105.9
38b29f4d-c8d6-4d9c-a33b-835f4b628b2a,9827,1,7,35,455,0,Let Off,Las Palmas,0.46260795
76c635b6-4fbc-428b-a42f-55eeeca26a4b,9827,1,20,12,1212,0,Crucial Goal,Barcelona,40.0
51a5ee91-fd91-406e-b9fd-022e4ad66f19,9827,1,31,24,1884,-1,Converted Turnover,Las Palmas,90.5
8b9e032c-cd42-4edb-bef0-29584d15197a,9827,2,61,33,3693,0,Converted Turnover,Barcelona,85.6
97ef529b-e5c6-439e-bdf4-f4d9cd27c32f,9837,1,31,16,1876,1,Converted Turnover,Barcelona,103.6
3530745b-18f3-493f-90e4-8dcf098b741e,9837,2,73,34,4414,-1,Converted Turnover,Atlético Madrid,80.6
e472e061-bb70-413a-94e3-1dc1378437b6,9855,1,7,31,451,0,Crucial Goal,Barcelona,14.0
373f3d3e-08b6-4772-9979-3a6e95148c2a,9855,1,33,53,2033,2,Let Off,Athletic Club,0.38453746
4e294923-f160-44b7-8e78-b3c34225646c,9855,2,74,53,4493,-2,Converted Turnover,Athletic Club,99.9
1c48b2a4-2b7e-4835-b5f1-364025a99359,9855,2,80,37,4837,2,Converted Turnover,Barcelona,104.5
733264ac-af84-4c74-bd5e-b68ca66169a1,9860,1,6,35,395,0,Converted Turnover,Barcelona,85.1
7374cc42-d0d5-46b4-bf07-5b717a80cbf0,9860,2,60,1,3601,-2,Final Third Dribble,Barcelona,95.5
1a1cb231-6eb5-4e11-a41c-b59a4ce89e9a,9870,1,18,57,1137,0,Let Off,Leganés,0.6732671
31cd4bd0-556a-43d4-8c61-0148fb58eb33,9880,1,31,3,1863,1,Converted Turnover,Barcelona,87.4
64535425-c1c7-445b-b5e3-aa47ce99c4c2,9880,2,56,34,3394,2,Converted Turnover,Barcelona,96.1
7d1cc52a-f0fc-4767-bdcf-df1e9b8ca8bc,9880,2,76,36,4596,-2,Converted Turnover,Valencia,109.4
e3fa3d64-834f-47c3-9933-a6ecce5f866f,9889,1,16,52,1012,0,Converted Turnover,Celta Vigo,91.0
375973d9-6ffa-4df8-8eec-d48ae7791eb0,9889,2,51,33,3093,0,Final Third Dribble,Barcelona,114.0
21dc0586-793a-450c-83c9-731ad0df93ce,9889,2,81,29,4889,-1,Crucial Goal,Celta Vigo,81.0
3265274e-82b5-4a55-9c88-15f81f4c652a,9912,1,21,7,1267,1,Converted Turnover,Barcelona,89.7
926f251e-1a78-4ec4-83ea-f92f237d818d,9912,1,27,3,1623,-1,Converted Turnover,RC Deportivo La Coruña,80.1
686464d5-4500-467b-adaf-2d346a53241a,9912,2,68,58,4138,0,Converted Turnover,RC Deportivo La Coruña,89.1
0ff16888-d84b-4bf8-805f-35ee781257e0,9924,1,41,24,2484,0,Converted Turnover,Barcelona,90.8
bc08e4d9-74b4-438e-83b4-082aa9dfda34,9928,1,21,44,1304,2,Final Third Dribble,Barcelona,87.0
610236e5-8db3-4824-8bd5-7f064bc4dfc3,9928,1,40,19,2419,-2,Converted Turnover,Villarreal,113.0
b86916dc-bed1-45fd-9466-14d4fc0f7292,9948,1,11,27,687,0,Converted Turnover,Barcelona,106.1
07bf2ae2-7de1-4c63-938a-8ca0792de661,9948,2,56,21,3381,0,Crucial Goal,Barcelona,112.0
3a4d26ee-e2bf-48fb-b1cf-4241ef1a2864,9948,2,68,28,4108,1,Let Off,Real Sociedad,0.34898853
d03fe4f3-2070-4f9b-9e39-4edac2381c21,9948,2,79,53,4793,-1,Converted Turnover,Real Sociedad,101.2
11556765-ca80-43c2-9514-ee140ebf732c,15946,1,5,34,334,0,Converted Turnover,Barcelona,103.2
abc8b6e3-c97a-4837-bc9d-f8848c2116aa,15946,1,34,59,2099,0,Converted Turnover,Barcelona,110.9
0f6ef815-9bb2-4501-99d8-08a2c3d13de0,15946,2,53,50,3230,0,Converted Turnover,Barcelona,114.1
f8132d81-31dc-45ec-ae0a-455471f6aba7,15946,2,63,12,3792,0,Crucial Goal,Barcelona,126.0
e6ed74b7-0a3d-4dea-9460-8284204e259d,15946,2,81,31,4891,1,Let Off,Deportivo Alavés,0.33453467
5eaf5429-463c-46c6-afaa-80e1265a960b,15956,1,33,59,2039,0,Converted Turnover,Barcelona,103.7
416e1326-31ef-4cff-a219-112321d2aab8,15956,2,56,29,3389,0,Crucial Goal,Barcelona,112.0
57983df2-e209-4010-9cc5-74df8d531615,15956,2,69,20,4160,-1,Converted Turnover,Real Valladolid,104.3
f8fd5c09-fc8a-4c8e-9c47-351b3b3a6efb,15973,1,31,30,1890,-1,Converted Turnover,Huesca,100.5
d62d9101-531f-4c6c-9b2a-14c9ae9c0e0f,15973,2,80,48,4848,4,Converted Turnover,Barcelona,102.5
96a32f5b-1ef6-4454-858e-28f181d37a81,15978,2,78,36,4716,1,Final Third Dribble,Barcelona,93.1
53d249e0-a278-47af-8f1b-acc3e7056269,15978,2,85,38,5138,-1,Converted Turnover,Real Sociedad,94.8
3ff0f094-0eae-4ae5-bc89-a5be4012c3c8,15986,2,62,10,3730,-1,Crucial Goal,Barcelona,62.0
038e137e-b1a5-4e62-81d2-cbbce59d0446,15998,1,11,8,668,0,Crucial Goal,Barcelona,22.0
c47ffcd6-d483-471a-a937-1b46b6ff36c4,15998,1,17,31,1051,1,Final Third Dribble,Barcelona,109.0
555b0582-c27d-4ea2-8a3d-3ac97e585c29,15998,1,24,39,1479,-1,Converted Turnover,Leganés,107.0
d35d401e-6fa3-4aaa-9769-c714cd7373b1,15998,1,32,3,1923,-1,Final Third Dribble,Leganés,92.0
d2a3cd74-59ab-4bca-b3b8-d8f8a5385119,15998,2,65,25,3925,1,Final Third Dribble,Leganés,101.0
04da4cd2-a875-4ae0-8ba6-d106f8507a93,16010,1,24,58,1498,0,Let Off,Athletic Club,0.4847557
4fd1fb47-60ce-4555-9590-ec982d1ff4f4,16010,2,53,40,3220,-1,Final Third Dribble,Barcelona,90.0
6fe60db3-25eb-40e5-9a1a-6422ab4d004a,16010,2,83,27,5007,-1,Crucial Goal,Barcelona,83.0
e7a5b498-c4f3-4da9-8600-ae2a3168caf8,16023,2,72,42,4362,0,Final Third Dribble,Barcelona,82.9
12c75079-1cc1-40af-b86e-93c71ef8c0ff,16029,1,35,46,2146,2,Converted Turnover,Barcelona,89.0
7bef5a18-08f1-4659-9f8c-ffb979edf65a,16056,1,11,43,703,0,Final Third Dribble,Barcelona,91.6
57e5cffd-4b42-4b03-b7fe-02a7cda0031e,16056,2,88,6,5286,-2,Let Off,Real Betis,0.5591529
51b82ac7-32d4-4d48-aced-66939a46eac8,16073,2,76,54,4614,0,Crucial Goal,Atlético Madrid,152.0
781227e4-b6eb-478a-aba1-4ed145fb69f5,16079,1,22,37,1357,0,Converted Turnover,Barcelona,94.5
fc555769-c0c2-444c-9d99-9c2d0bef9e2a,16079,2,61,42,3702,-1,Converted Turnover,Villarreal,90.5
7fb057cd-b017-4e3a-9342-1ebcfe03e18c,16086,1,16,41,1001,0,Crucial Goal,Barcelona,32.0
5ba47323-5075-475c-9d0f-239df0b30837,16086,1,25,17,1517,1,Final Third Dribble,Barcelona,94.0
412ed232-629d-490e-a084-ca6b0cb2c611,16086,1,31,11,1871,-2,Converted Turnover,Espanyol,103.0
0e6b924c-8506-44bf-b3de-3cf584ef988f,16086,2,57,3,3423,3,Converted Turnover,Barcelona,107.0
942eaf4b-45bf-4ff9-b479-f94cf63169e8,16086,2,68,59,4139,4,Let Off,Espanyol,0.38777235
e65702e0-042a-4feb-a528-7eae1d6acdff,16086,2,90,2,5402,-4,Converted Turnover,Espanyol,98.0
d6c0ab7a-deb9-440d-8a75-d79938bbddb4,16095,1,12,46,766,0,Converted Turnover,Levante UD,81.0
d0eb55bc-53da-4470-81fe-ca4f6ff9c14c,16095,2,74,52,4492,-4,Converted Turnover,Levante UD,91.3
d0b808f8-368a-4bc5-88f4-9204923d72a6,16095,2,79,55,4795,4,Let Off,Levante UD,0.38925165
52be24fb-e703-460d-89f3-a4414d97de0f,16109,1,9,36,576,0,Crucial Goal,Barcelona,18.0
a885655d-0bf3-4ba7-9d1f-0d46e5813b57,16109,1,23,41,1421,-1,Final Third Dribble,Celta Vigo,93.1
6c4faa5b-6407-40e9-b093-98d2b63a9058,16109,1,30,8,1808,1,Final Third Dribble,Barcelona,102.8
27aba44a-2938-4119-a28b-8f0b3782be85,16109,2,76,20,4580,-2,Converted Turnover,Celta Vigo,86.3
f96397fc-0e5d-4d04-884c-88074b4728a3,16120,1,25,30,1530,1,Let Off,Getafe,0.37003344
89d24625-e536-48ed-b2ca-dd0960af3537,16120,2,59,44,3584,-1,Converted Turnover,Getafe,92.0
e2e53519-8040-4477-be8a-b76d2cde185a,16120,2,81,3,4863,-1,Final Third Dribble,Getafe,104.0
06c6745f-da6f-4737-affb-21c421a43a75,16131,1,10,12,612,0,Converted Turnover,Eibar,95.5
0c02d1b1-4ee6-4024-b5eb-5b99ed41c4f0,16131,1,18,22,1102,0,Crucial Goal,Barcelona,36.0
2a8c7ee9-1fb1-4bbd-86d0-5707a6670cac,16131,1,37,11,2231,-1,Converted Turnover,Eibar,95.3
1a09bed7-2b83-4bfb-9538-31414600836a,16131,2,70,25,4225,-3,Converted Turnover,Eibar,89.6
ce114f12-b3f7-4491-b7ea-9cf9accb0216,16131,2,78,51,4731,-3,Converted Turnover,Eibar,111.5
807ae589-b763-4eda-9d2e-c7cb6a46a666,16136,1,31,34,1894,0,Crucial Goal,Barcelona,62.0
4606edd4-98d1-4ebc-b8b9-72627fb7bc1a,16149,1,15,3,903,1,Let Off,Girona,0.41482452
8acdedbf-b6ad-41c1-b60a-34447f75926f,16149,1,34,59,2099,-1,Converted Turnover,Girona,87.0
fe0c8bd0-769c-4c33-8676-b3863311a848,16149,2,77,37,4657,2,Converted Turnover,Barcelona,89.6
fc0c167c-92e6-429c-8455-00c7a2719b12,16157,1,23,18,1398,0,Crucial Goal,Valencia,46.0
8e0728b0-4915-4600-bd6a-a52ae1ecfe9f,16173,1,23,46,1426,0,Converted Turnover,Athletic Club,106.5
a689a283-9de8-4018-8284-c7cd6f475574,16173,2,81,2,4862,0,Let Off,Barcelona,0.41884318
c4bf267c-33ac-4e9b-9e61-b3a8887a0cc6,16182,1,17,45,1065,0,Final Third Dribble,Barcelona,91.0
fdf3217b-c5bd-49d2-a555-6b54432f64b5,16182,1,26,11,1571,0,Converted Turnover,Real Valladolid,107.0
6e429865-4ecd-40fc-b25c-8a5d8901b7a8,16182,2,79,15,4755,-1,Converted Turnover,Real Valladolid,101.0
57396888-405a-4824-87ad-0b4bd7745b60,16190,1,35,45,2145,0,Converted Turnover,Sevilla,92.0
61e87623-6229-46b9-aa03-01fcfa943bef,16196,1,9,11,551,0,Final Third Dribble,Real Madrid,104.0
30eed986-fb64-408a-81a0-d21c396a00a5,16196,1,18,36,1116,0,Let Off,Real Madrid,0.40198335
032c53f7-7b5f-4a93-8067-5ef563de0f0f,16196,1,25,37,1537,0,Crucial Goal,Barcelona,50.0
78330327-ce80-4b9a-9f19-d2eb1620dd71,16196,1,31,38,1898,-1,Converted Turnover,Real Madrid,91.0
a8e17a80-e5d0-4e9d-aa95-01e47d3a2702,16196,2,58,57,3537,-1,Converted Turnover,Real Madrid,115.0
7028a89f-e6b2-4761-add5-bff93eaf2e8c,16205,2,50,36,3036,0,Crucial Goal,Barcelona,100.0
b45bf78d-6fcf-482d-8f27-fc08e3f5ac70,16205,2,62,4,3724,1,Converted Turnover,Barcelona,87.0
770a28c2-4a50-4262-b122-b817c9528274,16205,2,74,42,4482,-1,Converted Turnover,Rayo Vallecano,108.0
0a5c780a-30a6-4097-a0ad-5b3db745d9ec,16215,1,40,36,2436,1,Final Third Dribble,Barcelona,110.0
40eae3e8-a5d7-4749-94e4-25d83656c0c2,16215,2,81,12,4872,-3,Converted Turnover,Real Betis,106.0
afac88b3-5def-446f-80f9-b1a87bb63bad,16231,2,61,50,3710,0,Converted Turnover,Barcelona,95.0
0fd97468-83da-4460-8e14-c2c87180ddd4,16231,2,70,40,4240,0,Crucial Goal,Barcelona,140.0
48b0ba5c-bf26-4976-8d04-9b90f52b526b,16240,1,31,17,1877,-1,Converted Turnover,Villarreal,119.0
782ba23f-6be0-4990-9c30-a6f876065f29,16240,1,39,21,2361,-1,Let Off,Barcelona,0.31726184
05e765e7-fa8a-49e2-a642-79879dea0658,16248,1,26,57,1617,0,Final Third Dribble,Barcelona,101.0
441855f6-a36d-45a4-a10a-a8eb1da0151d,16248,2,68,44,4124,0,Converted Turnover,Barcelona,100.0
ee135c92-e281-41af-b01b-3214184a2e99,16265,1,35,7,2107,0,Converted Turnover,Real Sociedad,111.0
c3d30c75-a759-47ea-a2e9-e2a96520e632,16265,2,55,6,3306,-1,Converted Turnover,Real Sociedad,100.0
56c2a6b2-71eb-4c57-bd78-ed1803003d94,16275,1,29,20,1760,0,Final Third Dribble,Barcelona,118.0
6297799f-be26-47f2-be54-9fe16c828200,16275,2,68,47,4127,2,Final Third Dribble,Barcelona,86.0
7a5924ac-782a-4696-a93f-bf5dc54fc95f,16289,2,68,48,4128,-1,Converted Turnover,Levante UD,97.0
e96fb144-8e4d-4363-9533-e7d339c28926,16306,1,29,6,1746,0,Converted Turnover,Getafe,93.0
887ac2a9-66cd-4de7-a032-38c8b77ce443,16317,1,9,41,581,0,Converted Turnover,Eibar,94.0
9026d1fd-28ce-4caf-819a-ad1d40c9e72e,16317,2,53,18,3198,0,Converted Turnover,Eibar,81.0
13049f78-f36c-4d68-843a-cccd60321ffa,16317,2,80,37,4837,0,Converted Turnover,Eibar,97.0
6c2a6b02-73d5-45c5-80e9-73dde969ef3a,16317,2,87,9,5229,0,Converted Turnover,Barcelona,89.0
662e09af-f31c-4259-ad2d-d2d2264c7fd4,265839,1,7,26,446,0,Let Off,Barcelona,0.40467066
74b1bbae-c2aa-4497-b198-81fd2cea51c3,265839,1,19,17,1157,0,Crucial Goal,Sevilla,38.0
6fedab83-5b7a-4b90-b6bd-d31b98473e94,265839,2,58,19,3499,-1,Converted Turnover,Sevilla,84.9
6969b028-6e6e-4f8d-b638-cc4ab92cf33c,265839,2,72,32,4352,1,Let Off,Sevilla,0.47185755
c4560d31-977c-491e-801f-c1149bf0bee9,265894,1,13,42,822,-1,Converted Turnover,Málaga,96.6
82b83f49-9e9b-4dcb-857c-fcb650fbf129,265894,2,50,54,3054,0,Crucial Goal,Barcelona,100.0
34dbec0b-1d88-4093-8a39-3de0790c9f2c,265894,2,72,38,4358,-1,Converted Turnover,Málaga,108.7
c56bb424-4240-44fe-95f1-57743c575c33,265944,1,26,16,1576,1,Converted Turnover,Barcelona,97.8
5a3bbd0b-3938-46ff-8e49-33b74670715e,265944,2,54,17,3257,1,Converted Turnover,Barcelona,94.9
14c843bb-35fd-4c48-874c-350edcc8a3d5,265944,2,68,34,4114,2,Converted Turnover,Barcelona,91.6
474c18c6-74c3-4fbf-a080-64eeb3f6d7c9,265952,1,8,2,482,0,Crucial Goal,Barcelona,16.0
2bb42f2d-f162-48ad-8278-5b93ebee2341,265952,1,26,8,1568,1,Converted Turnover,Barcelona,100.6
54486dd0-d0e5-4eab-8db8-f1c1138cfc7d,265958,1,7,31,451,0,Crucial Goal,Barcelona,14.0
70f5f6a5-1136-4c14-8d10-ca5ab9effb0a,265958,1,21,44,1304,1,Converted Turnover,Barcelona,89.8
a0d463d9-4e1d-4d22-9cf3-44ab938ebfe7,265958,2,82,13,4933,4,Converted Turnover,Barcelona,95.2
00df0453-9964-49f6-bae4-e7c419e47a05,266033,1,21,51,1311,0,Crucial Goal,Barcelona,42.0
a3d891de-4575-46e2-82c4-37ba61fc0e7d,266033,2,61,11,3671,-1,Crucial Goal,Barcelona,61.0
a5619074-38b7-400e-821e-11bdf950d7d5,266056,2,83,29,5009,3,Final Third Dribble,Barcelona,109.2
c76d1722-6b05-4781-967e-9b6c8f47149e,266106,1,14,36,876,0,Converted Turnover,Barcelona,94.9
9620f6a5-f9bb-4324-96de-a15f5b0ee1b2,266106,1,19,50,1190,0,Crucial Goal,Barcelona,38.0
490b4c0c-66b8-45a8-84d6-d2bebad9bbad,266106,1,34,15,2055,1,Converted Turnover,Barcelona,97.5
a06b3506-9d21-40e0-b3a9-9ee5c0325979,266106,2,73,0,4380,0,Converted Turnover,Villarreal,86.7
000735bd-b723-4ec9-af5e-de273be86e4f,266149,1,28,2,1682,1,Converted Turnover,Barcelona,88.9
7be3a3aa-ca1a-42d2-867f-c86db514eabf,266160,1,11,7,667,0,Final Third Dribble,Levante UD,101.4
0645bdbc-c725-4197-b044-889dfbe86b4e,266160,2,50,1,3001,-1,Final Third Dribble,Levante UD,117.9
53c8f1c0-036f-41f7-b25d-ee8903e76c22,266191,2,79,54,4794,0,Final Third Dribble,Barcelona,86.2
9212eb80-785e-49f5-ac0f-b3986e776bd2,266236,1,20,37,1237,0,Converted Turnover,Barcelona,103.7
e901388c-192c-44a9-aab8-cd256cfeec72,266236,1,33,51,2031,0,Final Third Dribble,Barcelona,106.4
442bff23-9334-46c5-bfba-cdfb5bcff89c,266236,2,53,50,3230,0,Crucial Goal,Barcelona,106.0
fcb7642d-6813-4dbd-874d-ce5a99c60914,266236,2,79,16,4756,-1,Converted Turnover,Athletic Club,101.0
f8620d1f-0d91-4703-8add-13423800a404,266273,2,64,44,3884,4,Smash and Grab,Barcelona,0.4444444444444444
cdc6fc57-3501-43fc-92b2-72f7c4826c1f,266280,1,15,33,933,0,Final Third Dribble,Sevilla,106.8
96d09295-3adb-4a9f-89a7-67d82e0b1cef,266280,1,40,1,2401,3,Final Third Dribble,Barcelona,109.6
fe2a15e5-bc8d-4341-8da0-06215a12cf3c,266280,2,68,40,4120,-3,Converted Turnover,Sevilla,82.7
3c34c467-6387-4094-a4b4-ee7188743434,266280,2,79,43,4783,-3,Converted Turnover,Sevilla,85.0
46205f2d-29bb-4370-8800-2d82d95e443d,266299,1,33,44,2024,1,Final Third Dribble,Barcelona,105.6
cac43e5d-4352-42f7-8d24-029c3341b72e,266299,1,39,34,2374,1,Final Third Dribble,Barcelona,80.8
154b2712-c83d-49e1-9639-275e2aa67df4,266310,1,10,44,644,0,Crucial Goal,Barcelona,20.0
a010dc2a-0f27-4c42-a733-24aeb2288500,266310,2,81,48,4908,-8,Converted Turnover,RC Deportivo La Coruña,107.8
d86b7d5e-103f-4a9f-8ef7-b5da3eefd61a,266357,1,14,15,855,0,Let Off,Osasuna,0.36875984
5e8ba3db-ecc3-475f-890d-44f3993858d9,266424,1,10,6,606,0,Crucial Goal,Barcelona,20.0
da3aacbc-f24e-4eef-aef2-be01328c6af5,266424,1,27,22,1642,-1,Converted Turnover,Real Madrid,82.1
02a579e4-aadd-40fb-8c5f-3348a484e577,266424,2,67,54,4074,-3,Let Off,Barcelona,0.32582042
0eb8aad5-4bc6-4552-875c-9c0337ebdde5,266424,2,81,0,4860,4,Converted Turnover,Barcelona,87.9
689b1f02-c14a-4a1f-8679-a1ae82bd3a58,266440,1,7,26,446,0,Final Third Dribble,Barcelona,117.3
a6466dec-126a-4fb9-952e-57aae7114b64,266440,2,60,40,3640,1,Converted Turnover,Barcelona,87.7
8ed856bb-9e58-44d8-91f7-7e58cee17adb,266440,2,77,51,4671,1,Final Third Dribble,Barcelona,83.8
c2c6e1a2-800b-4894-a110-0cce23d0c56b,266467,1,14,13,853,0,Final Third Dribble,Barcelona,85.3
365ca8c9-1ce3-43d4-882c-2d4f1d5aa2c4,266467,1,20,0,1200,0,Final Third Dribble,Barcelona,83.5
3c6c1686-11ee-4466-91eb-6da68703296e,266467,1,25,31,1531,0,Crucial Goal,Celta Vigo,50.0
16258ed3-32ab-4e25-b552-6e2d019dc28e,266467,1,32,42,1962,2,Converted Turnover,Celta Vigo,104.1
17bc3580-28e2-4318-a4f4-2619d182965b,266467,2,55,40,3340,2,Smash and Grab,Celta Vigo,0.7432432432432432
fff33953-dd21-4555-aed0-ae6ba93c178b,266467,2,72,34,4354,3,Final Third Dribble,Celta Vigo,107.8
480349e9-6d4c-4859-a173-d87b54183346,266477,1,23,38,1418,0,Final Third Dribble,Barcelona,96.5
ed62db3b-eb0c-43a5-b00b-b676f0410349,266477,2,74,4,4444,1,Final Third Dribble,Villarreal,98.6
5a18e9f6-7dd7-43ec-a50e-a1e011dbdd50,266477,2,83,30,5010,-1,Converted Turnover,Barcelona,117.2
57eddc3f-3043-4bb2-9d0c-f6894a4f00fe,266490,2,55,3,3303,1,Converted Turnover,Barcelona,116.1
7de60647-4b4b-47d7-a4aa-ea3d6377ba9d,266490,2,72,37,4357,-2,Converted Turnover,Levante UD,81.0
245fd613-cc7f-412a-9b87-4d19ce0b6b32,266498,1,30,9,1809,2,Let Off,Getafe,0.30672285
13051645-db8c-482b-9a35-787d0a580440,266498,1,39,56,2396,3,Final Third Dribble,Barcelona,92.2
d5e8323d-3408-4ea7-a104-7e3acb30b493,266516,1,5,15,315,0,Final Third Dribble,Barcelona,95.3
fed96a1b-1c4a-4865-97e1-b664bd8d8943,266516,1,18,4,1084,0,Converted Turnover,Real Betis,97.6
b263f8a5-ec1e-4a5b-9eaf-72cc476fd24c,266516,2,80,49,4849,1,Let Off,Barcelona,0.3819494
9177952d-37f2-4126-a996-32b22a463da7,266528,1,17,17,1037,0,Crucial Goal,Barcelona,34.0
ee3ac307-ebda-491f-bc0f-aca74f69b8a0,266528,1,28,40,1720,1,Final Third Dribble,Barcelona,109.5
e8b345c0-707a-4f53-b2ac-ad4d263d9026,266528,2,56,27,3387,1,Final Third Dribble,Barcelona,97.1
1a16808e-4c92-4aa0-b48c-fc4c4948980e,266528,2,78,42,4722,-3,Smash and Grab,Espanyol,0.7652173913043478
913c6d16-ff65-450e-9059-370bf542f1fe,266557,1,21,38,1298,0,Let Off,Valencia,0.33280447
75c374a0-2d45-4f26-a360-3dae15b29a1c,266557,1,32,42,1962,-1,Converted Turnover,Barcelona,85.3
451074c8-d655-4ba1-bf90-399b067fca27,266557,1,38,23,2303,-1,Converted Turnover,Barcelona,86.7
2eab2a52-f612-4388-be2b-4058bf160304,266557,2,64,32,3872,1,Converted Turnover,Valencia,115.7
b36dc6d5-d9f7-4a4e-8402-f6c3a1afdeb2,266557,2,83,31,5011,-1,Final Third Dribble,Barcelona,92.9
eeea1f9a-5dfa-4de0-b11f-97fd2efd062d,266620,1,35,49,2149,2,Converted Turnover,Barcelona,105.6
6086ebd5-6d54-437c-aa48-3234af4e4f6d,266620,2,85,24,5124,4,Converted Turnover,Barcelona,100.9
30d6bb07-07f8-4251-bc91-8ba9e56bbb19,266653,1,26,38,1598,2,Converted Turnover,Barcelona,106.4
db8741dc-1b30-40e4-9bf2-f92467514f8e,266653,2,81,49,4909,3,Converted Turnover,Barcelona,104.8
7531eb4b-65af-4a0f-b974-f7d5166449cc,266669,1,13,19,799,0,Final Third Dribble,Deportivo Alavés,91.2
26d6a8f1-f1d2-45fc-90dd-4e74a00f9d92,266669,1,24,50,1490,0,Converted Turnover,Barcelona,105.7
5a5e71c7-1fd1-450f-9b51-fe1823e1feb5,266731,1,22,2,1322,0,Converted Turnover,Eibar,89.0
578612ea-b46c-4275-951e-dfef13568375,266731,2,59,2,3542,-2,Converted Turnover,Eibar,94.0
5cb61e2c-de7a-4bc4-90ea-1c965b7a50d9,266731,2,67,30,4050,2,Smash and Grab,Barcelona,0.295774647887324
2013c27d-517e-4818-9fd4-389e89092255,266731,2,81,48,4908,-3,Converted Turnover,Eibar,85.9
c283e323-d9da-4398-9e92-0c06fee7cec6,266815,2,55,0,3300,1,Let Off,Sporting Gijón,0.37670532
e1ba0da3-7549-457e-ab31-3fba1d3ebccd,266815,2,66,32,3992,1,Final Third Dribble,Barcelona,108.8
c917a634-d73b-46f8-8474-fe0a4e1815f2,266874,2,56,49,3409,2,Converted Turnover,Barcelona,89.6
bc7593bb-9c02-41fc-b273-13251065ec70,266885,1,21,7,1267,0,Crucial Goal,Barcelona,42.0
00454341-cd12-43d4-a4fb-e18807fa50c4,266885,2,58,58,3538,3,Converted Turnover,Barcelona,81.7
7b0bf30a-b34b-4304-bf85-ac8eb36e53ea,266885,2,73,31,4411,-3,Converted Turnover,Real Sociedad,80.7
42b40799-6843-4af3-b747-ebbcebc2e2d4,266885,2,81,8,4868,-3,Converted Turnover,Real Sociedad,94.2
04df19fd-9e21-4b8b-be0d-72a2fe19f88e,266892,1,11,22,682,0,Converted Turnover,Athletic Club,98.0
e18ef741-15bd-4e85-8a44-6f5fc13ce161,266892,1,20,43,1243,0,Crucial Goal,Barcelona,40.0
35ca45af-5726-4758-826b-aad2afa9dc41,266892,1,33,54,2034,1,Converted Turnover,Barcelona,109.7
852bf303-ac74-4331-8c4d-d0dec95a7f37,266892,2,64,35,3875,-1,Final Third Dribble,Athletic Club,89.9
fd15e9d4-21cf-49fb-9410-31f3923aba33,266952,2,79,59,4799,2,Final Third Dribble,Barcelona,118.3
bb01d7ec-b14f-4c9b-8148-b5b417ea09ed,266952,2,86,0,5160,3,Converted Turnover,Barcelona,94.5
c9c3902b-d13d-443d-96ba-db57af59784e,266961,1,26,34,1594,0,Converted Turnover,Barcelona,100.0
75d33711-acaa-4010-bffb-4a7217cc81bc,266961,1,38,3,2283,0,Crucial Goal,Barcelona,76.0
7d3989ba-2c31-489e-9ec2-4b0f4bad7062,266961,2,59,26,3566,1,Final Third Dribble,Barcelona,115.9
23d5a7a0-54a5-49c5-85d2-c81e964e2e72,266986,1,25,27,1527,0,Converted Turnover,Barcelona,83.0
86038a75-e082-42d8-9413-8ab353c3e21f,266986,2,56,58,3418,1,Converted Turnover,Barcelona,112.9
0337c63a-2aaf-405d-86c5-715281712846,266989,1,14,50,890,0,Crucial Goal,Sevilla,28.0
d9d2569d-ccff-490c-b9bf-e9be2e25f241,266989,1,20,50,1250,-1,Converted Turnover,Barcelona,85.1
659e74c2-9073-4ffa-b914-7fd69c0e6ee3,266989,1,31,57,1917,1,Converted Turnover,Sevilla,93.6
fb3ce15f-66c2-4c2d-b383-f54bcd184d3f,266989,2,79,41,4781,-1,Converted Turnover,Sevilla,113.3
b87b5f59-6f7e-4999-afe6-94502c98adca,267058,2,57,35,3455,1,Final Third Dribble,Barcelona,109.9
0cf93b21-77ed-4c88-8521-226fa6c4d18b,267076,1,11,31,691,0,Converted Turnover,Real Madrid,102.6
f3a0988a-0496-41ca-bfee-97a5b113a226,267076,1,31,8,1868,0,Final Third Dribble,Real Madrid,83.9
526901d7-2a82-445c-ad69-1d7f3d852fa4,267076,2,52,23,3143,0,Crucial Goal,Barcelona,104.0
764ce8d3-347c-4f1a-91a4-f07dc74907b6,267077,2,69,37,4177,-1,Converted Turnover,Espanyol,83.8
4ba34aef-3c15-487a-9dc2-090e82991ab3,267101,1,11,46,706,0,Crucial Goal,Barcelona,22.0
52665808-f376-4c51-870f-e280f9ffbe22,267101,2,85,40,5140,5,Converted Turnover,Barcelona,101.0
9ed9fa1e-b998-46f5-ac6f-24994fcc3402,267212,1,7,8,428,0,Converted Turnover,Leganés,91.0
43804cea-cd26-4c47-900f-06517d0b6dbb,267212,2,79,55,4795,-5,Smash and Grab,Leganés,0.20547945205479445
a88f43ec-a5de-4bfd-8d6e-38ee765274f5,267220,1,23,58,1438,0,Final Third Dribble,Barcelona,84.5
d9c9b24c-d326-4c5d-bc92-5d83b28a6ff3,267220,2,60,11,3611,-1,Crucial Goal,Atlético Madrid,60.0
412fe470-1ce4-401a-ad29-7467e9e15542,267274,1,35,55,2155,0,Converted Turnover,Barcelona,108.9
fccfb387-8de1-4c4f-b3f6-322ee7b0b290,267327,1,6,27,387,0,Converted Turnover,Barcelona,100.5
af652d16-ee4e-4743-8364-e4ac2a109172,267373,1,36,0,2160,1,Converted Turnover,Barcelona,109.0
734258b6-5056-4af1-b968-8dcf7bb9d48c,267373,2,50,46,3046,1,Converted Turnover,Barcelona,115.1
edeb4dbf-bed0-44e0-b938-5cf1a50af5c1,267395,1,13,34,814,0,Crucial Goal,Barcelona,26.0
ad617f69-34f5-457c-8dcf-7c9265885ad0,267395,1,32,47,1967,1,Converted Turnover,Barcelona,114.8
162f53cb-66ec-46dc-ad07-776c03d99f63,267395,2,51,29,3089,1,Converted Turnover,Barcelona,116.2
517eb325-186c-4e3d-856a-ad599891e38e,267422,1,8,4,484,0,Converted Turnover,Barcelona,90.1
de899593-8734-4423-97b4-0e78c92b9421,267422,1,13,20,800,0,Final Third Dribble,Barcelona,99.5
b077d868-a343-4c53-9563-8319c89f4a4c,267422,2,51,29,3089,0,Final Third Dribble,Barcelona,97.2
30265341-16da-411a-a135-e91f88d3011d,267422,2,72,6,4326,0,Crucial Goal,Barcelona,144.0
13800a43-2d85-404f-b90d-3fc2fe5060e8,267422,2,83,19,4999,1,Converted Turnover,Barcelona,84.1
140baa8b-9414-45a1-81c8-f5b87f4d70ec,267464,1,7,23,443,0,Final Third Dribble,Barcelona,84.4
ed3ed4fb-e91b-4d3b-ab90-8b0ec29820ce,267464,1,15,43,943,0,Converted Turnover,Atlético Madrid,106.7
17b5c93c-1bf6-4b95-b254-06c63f07649e,267464,2,85,59,5159,0,Crucial Goal,Barcelona,170.0
c6ea99cd-9879-44af-9c43-5b43f2c8cd98,267492,1,27,18,1638,1,Converted Turnover,Barcelona,115.7
03e99e01-d0af-4cb2-bf41-a52ae169efda,267492,1,40,23,2423,2,Final Third Dribble,Barcelona,111.1
40752aad-5e83-4959-a019-e3d519d3ae10,267506,1,21,5,1265,0,Crucial Goal,Barcelona,42.0
2c2a4621-294b-4fed-9b91-cf30e85462fa,267506,1,39,17,2357,2,Final Third Dribble,Barcelona,99.3
075c8b9e-0877-440d-a0b9-b1c5f89d8762,267506,2,79,52,4792,-2,Converted Turnover,Granada,99.3
bb3347c5-ab6c-4cec-8df2-e31adf32abce,267506,2,87,31,5251,3,Final Third Dribble,Barcelona,105.3
78f4c78f-0fc8-493b-9321-bdad695a9d36,267533,2,55,45,3345,0,Crucial Goal,Barcelona,110.0
776305e1-20c6-4d50-9c53-fbeae5cd98d6,267569,2,66,40,4000,0,Let Off,Barcelona,0.4439942
464f4db5-f45f-4ef3-b06f-0104f5ac2bc3,267576,2,55,45,3345,-1,Let Off,Barcelona,0.38035107
0fd9743b-1467-476b-9240-d747632583f6,267590,1,15,3,903,0,Let Off,Málaga,0.35922593
e90eab67-7d7d-4f64-8c18-5827c393783c,267596,2,54,22,3262,-1,Converted Turnover,Leganés,105.7
9636e425-4b74-4d93-8daa-14356ea9440b,267611,1,32,16,1936,1,Let Off,Las Palmas,0.3314851
05fab753-42b4-458d-9477-f992ae27e425,267611,2,70,25,4225,2,Final Third Dribble,Barcelona,109.7
057fc5db-d772-4db9-ab2c-13841e075ec9,267660,1,29,7,1747,0,Final Third Dribble,Barcelona,112.9
abfc701f-b11b-46c7-8669-37828a550aec,267660,1,39,43,2383,0,Crucial Goal,RC Deportivo La Coruña,78.0
56b57bdb-6cc4-44f6-af57-a3830cda0031,267660,2,53,38,3218,0,Converted Turnover,RC Deportivo La Coruña,90.9
8b437a30-bb6e-4781-8e2e-e68940d55c0d,267660,2,73,44,4424,0,Crucial Goal,RC Deportivo La Coruña,146.0
b6bb14fb-e7c5-482c-ac7b-a3071bd35360,267670,1,5,48,348,0,Crucial Goal,Barcelona,10.0
caa5879d-6d3b-4ede-a333-982d82769b69,267670,1,36,44,2204,0,Crucial Goal,Barcelona,72.0
31b1ee91-1f29-40b4-90ec-e4c7f9b37b6b,267670,2,73,59,4439,4,Converted Turnover,Barcelona,91.0
bb7f136c-06c3-4e16-bb08-420bc0264091,303377,1,21,33,1293,0,Converted Turnover,Getafe,99.4
f8d8faa1-de77-43e2-b3c4-4d7b02bd9f21,303377,1,32,58,1978,0,Crucial Goal,Barcelona,64.0
83f59127-1f02-46e2-b1d8-8661f3e5975d,303377,2,65,54,3954,-2,Smash and Grab,Getafe,0.36559139784946226
f2acff37-b1fd-4bbf-a821-c748894c64d2,303377,2,71,48,4308,-1,Let Off,Barcelona,0.36221805
c65d8920-1dba-4160-ba78-5ad020136e9d,303400,2,85,48,5148,-2,Converted Turnover,Barcelona,101.0
3d6ddad5-87af-42b6-a6f7-de18f0c74112,303421,1,12,29,749,0,Converted Turnover,Deportivo Alavés,84.4
aa4e7775-b693-4b68-ac30-b2733b5555e0,303421,1,33,1,1981,1,Final Third Dribble,Barcelona,105.6
584153e5-921c-43a9-a59f-49e99d13be09,303421,2,84,26,5066,-5,Converted Turnover,Deportivo Alavés,111.8
9d494d22-f23e-443b-878b-578fc8acdda6,303430,1,27,13,1633,-2,Final Third Dribble,Villarreal,86.1
7b9b5c20-1c5a-4ac2-807a-e9be160e60f4,303430,2,79,44,4784,1,Converted Turnover,Barcelona,106.2
3a152078-b2b8-4720-98bf-eee9d3ce5b0a,303451,1,12,56,776,1,Converted Turnover,Barcelona,92.5
688722c4-88aa-42e4-ab7e-6e87939bc398,303451,2,76,37,4597,-2,Converted Turnover,Mallorca,103.4
44da8457-9ec0-4797-be89-04fe044aa3f5,303470,1,6,7,367,0,Converted Turnover,Real Madrid,103.9
69e16ef7-016d-46e4-999c-9ab0cc9467e9,303470,1,20,41,1241,0,Let Off,Real Madrid,0.3189691
654759d8-c081-4091-936c-b3e37072e90d,303470,1,32,58,1978,0,Converted Turnover,Real Madrid,111.7
4ec07c4e-745b-4ac1-9f63-58feab2e0e32,303470,1,39,37,2377,0,Final Third Dribble,Barcelona,94.1
54976e40-89be-4363-a614-b3de55ec9d1b,303470,2,62,16,3736,0,Final Third Dribble,Real Madrid,98.9
a0ab6b5d-1a45-468f-bd06-ba1a65fc6773,303470,2,70,33,4233,0,Crucial Goal,Real Madrid,140.0
600e2c78-a562-4af9-8dbf-15f8353e98d2,303473,2,66,59,4019,3,Converted Turnover,Barcelona,80.3
dbe29b1d-218b-4f7f-8a25-efab55306de1,303473,2,79,33,4773,-4,Let Off,Barcelona,0.35264602
c81e9934-e7ce-4e8a-8ac1-055b565bce49,303479,1,28,52,1732,0,Final Third Dribble,Barcelona,112.0
ae2e10e3-d773-4a87-9342-5c990effbe7c,303479,2,53,7,3187,0,Final Third Dribble,Barcelona,101.2
1d86d89c-c25b-4cd0-a352-d4b039c980f3,303479,2,80,32,4832,0,Crucial Goal,Barcelona,160.0
f815d2e1-f2a1-4eda-899a-d6373b3b19a8,303487,1,13,30,810,0,Converted Turnover,Barcelona,88.2
d0cb82f7-bf75-4e1c-9f10-295ec30f0b06,303487,1,22,32,1352,0,Crucial Goal,Barcelona,44.0
a7cc9ec8-cd64-45ba-b75c-d8da2de848c4,303487,2,52,9,3129,-2,Converted Turnover,Celta Vigo,98.1
84283b55-4de8-4fad-a69d-7f4792f139c4,303493,1,9,46,586,0,Final Third Dribble,Barcelona,97.5
ed9f7170-554b-4b1d-aa96-a9114e0a5fd9,303493,2,53,28,3208,0,Converted Turnover,Barcelona,97.6
d39d95a4-94f0-429d-b4ab-fb2f63f7b34b,303493,2,88,6,5286,1,Final Third Dribble,Barcelona,104.4
ca3967ab-4f5b-4e38-9fc9-82a9eeb3aa99,303504,1,16,13,973,0,Converted Turnover,Levante UD,107.7
d30db613-31b1-4eba-8cd6-94830e9ba36d,303504,1,37,33,2253,0,Crucial Goal,Barcelona,74.0
300ba604-90ba-49e0-ab92-0aa6ab6c692f,303504,2,85,59,5159,-2,Final Third Dribble,Barcelona,110.1
c36a045d-7d6e-4fa2-b87e-03ed82ef5bd2,303516,1,5,28,328,0,Let Off,Celta Vigo,0.3160265
4a6e7af9-2494-4044-985b-d6c9964f175b,303516,2,87,37,5257,-1,Crucial Goal,Celta Vigo,87.0
3e5f0b86-6800-45a8-a11b-c87b86b54f0c,303517,1,13,47,827,0,Crucial Goal,Barcelona,26.0
6f0f9835-bb86-466a-b863-e582e24cc4c8,303517,2,57,35,3455,-1,Converted Turnover,Deportivo Alavés,90.7
956adc89-7e9a-4ab1-9ac9-e48fa4514761,303517,2,71,35,4295,2,Final Third Dribble,Barcelona,110.9
30421d29-ea91-4ca5-bfe5-071121c5b373,303524,1,19,38,1178,0,Converted Turnover,Atlético Madrid,116.3
d24578ea-96b8-45c1-927c-59131931d9b6,303524,2,55,7,3307,0,Converted Turnover,Atlético Madrid,98.6
230c2d9f-a815-499e-9ac4-47e866922d18,303524,2,85,18,5118,0,Crucial Goal,Barcelona,170.0
23f61ee1-735f-45d7-b3a3-8cadfafcb949,303532,2,87,16,5236,2,Let Off,Leganés,0.4384072
d4a1db30-ca8a-4ceb-9fbd-962e636f080c,303548,1,21,4,1264,-1,Final Third Dribble,Mallorca,85.3
347e382c-634d-4a21-9602-785fdff27e35,303548,1,27,30,1650,-1,Converted Turnover,Mallorca,105.3
056af3b4-3862-4e67-be59-0cf97f1a6fef,303548,2,65,10,3910,2,Converted Turnover,Barcelona,106.9
6871f91c-d3a8-4608-a295-2e60ea746ef3,303548,2,78,39,4719,2,Smash and Grab,Barcelona,0.36956521739130443
eb1e4162-8bbd-4f60-ad9e-c5e12ff58118,303596,1,24,59,1499,0,Converted Turnover,Real Madrid,84.5
3708f96f-4050-4df1-a053-5c7e328a11cf,303596,1,40,20,2420,0,Converted Turnover,Barcelona,100.5
57d49f86-41b6-4bf7-b1df-7eea41ae4672,303596,2,53,29,3209,0,Converted Turnover,Real Madrid,84.2
315d9625-2817-4aa1-a7df-f857691f5c69,303596,2,61,16,3676,0,Converted Turnover,Real Madrid,98.2
0f88e87e-f861-4af8-aefc-38ada5cc89f6,303596,2,73,50,4430,0,Final Third Dribble,Barcelona,105.0
d0ae36c7-0e2e-4981-8ac4-2778266e34b5,303600,1,14,25,865,-1,Crucial Goal,Real Valladolid,14.0
a2dddabc-9a9b-4ce9-9328-7f9b666ae88b,303600,1,21,28,1288,0,Converted Turnover,Barcelona,102.7
d117f275-50b5-46a0-833f-c5065dc1d8e7,303610,1,10,17,617,0,Final Third Dribble,Barcelona,84.2
38a2e42c-7258-4160-9842-d5eff70ba2b4,303610,1,17,59,1079,0,Converted Turnover,Barcelona,113.2
38f49fee-58c0-4553-95cc-ada1756fedc2,303615,2,55,40,3340,0,Crucial Goal,Barcelona,110.0
ebf5022c-1e8e-4593-b6a3-fac4538acbab,303615,2,89,7,5347,-1,Final Third Dribble,Espanyol,84.1
9bfdcd73-1865-4753-8cc1-6fc2a557beb4,303634,1,5,14,314,0,Converted Turnover,Osasuna,86.6
89e5bbb2-a1c8-42f9-ae4d-a940ead3ceab,303634,1,20,12,1212,1,Converted Turnover,Osasuna,105.8
41acb0bc-52ac-403e-bfc9-789c1e5911d7,303634,2,61,19,3679,-1,Crucial Goal,Barcelona,61.0
f45cb589-f9c5-47da-89c0-87e6f756d1fc,303664,1,11,23,683,0,Crucial Goal,Real Sociedad,22.0
d3b10e3b-2f1e-44c6-8049-5c9d3dae258a,303664,1,37,41,2261,-1,Crucial Goal,Barcelona,37.0
667c89e5-506e-46f8-8102-b1cfe08074cd,303664,2,54,25,3265,-1,Converted Turnover,Real Sociedad,101.4
2529d1f4-2c07-4f5d-997c-de296090bd24,303664,2,61,35,3695,-1,Crucial Goal,Real Sociedad,61.0
0826ff5e-071c-4303-965e-f4a1108bdaa2,303664,2,80,50,4850,0,Converted Turnover,Real Sociedad,86.0
8cc81481-d3bb-4046-a475-89d3728f1dbe,303674,1,10,19,619,0,Converted Turnover,Sevilla,104.2
74a6c2bb-d80d-46fc-b8f5-fea7360f62b3,303674,2,73,17,4397,0,Converted Turnover,Barcelona,111.2
c964988a-5802-438d-9502-936b37f668d8,303674,2,90,35,5435,0,Let Off,Barcelona,0.3416625
9c46f658-30ff-4a97-86bb-f543d9ef718e,303680,2,60,3,3603,-1,Converted Turnover,Real Valladolid,92.1
2149dc18-0132-4d36-8bb7-5ec307f4e91f,303680,2,67,29,4049,-1,Converted Turnover,Real Valladolid,87.0
f2010ee8-3512-4cbd-b846-88097b054933,303680,2,80,42,4842,-1,Converted Turnover,Real Valladolid,96.4
0b387dde-fe35-4f76-847d-4d7648e9b5f3,303682,2,86,41,5201,-2,Let Off,Barcelona,0.3885865
c3f3fe55-9d39-4a3b-a32b-ca6bf012452a,303696,2,61,45,3705,-1,Crucial Goal,Atlético Madrid,61.0
0958652b-4088-4ec2-914d-31e7b5fee02b,303696,2,74,33,4473,0,Final Third Dribble,Barcelona,94.5
611dc045-3639-4dec-b478-f01b50079ac2,303696,2,86,25,5185,0,Final Third Dribble,Atlético Madrid,116.7
de8d6be4-ae3d-43de-ba2c-1b891681e209,303700,1,12,56,776,0,Crucial Goal,Barcelona,24.0
25a2a6a1-dfa5-452c-9aca-5c6d3e446b94,303700,2,57,23,3443,1,Converted Turnover,Barcelona,80.5
102dd3e5-851c-4ad1-b7c1-fc6bc37a12e1,303700,2,65,51,3951,2,Smash and Grab,Barcelona,0.3984962406015038
27ed2f2d-fdcd-44b0-8721-daf35036dc00,303700,2,75,51,4551,-3,Converted Turnover,Eibar,95.3
ff8cbc15-4813-45ee-88aa-38e4e418d8d2,303707,2,71,41,4301,0,Crucial Goal,Barcelona,142.0
a79f18de-b5dd-4e37-bb86-6c74b13cbaaa,303715,1,11,12,672,0,Crucial Goal,Leganés,22.0
ba6d2784-e555-4599-8f5d-4a6492194198,303715,1,23,23,1403,-1,Final Third Dribble,Barcelona,97.6
29d78275-e967-49e1-bf64-da6355fc24cb,303715,2,52,11,3131,-1,Crucial Goal,Barcelona,52.0
94480ba9-1010-4abd-890e-dfaf92a93725,303715,2,78,51,4731,0,Crucial Goal,Barcelona,156.0
b8fe4ce4-e6eb-46a1-8cba-aad6d3e4fe65,303725,2,80,29,4829,2,Let Off,Villarreal,0.45269498
3ff67ee9-315c-40ff-af34-f3d78f69ab4e,303731,2,73,21,4401,-3,Converted Turnover,Eibar,99.5
732fb532-6ffa-45f8-9466-1a54a162ab63,3753972,1,27,3,1623,-2,Converted Turnover,Swansea City,105.5
2643f647-af48-45fb-939c-aa0c18135268,3753972,2,68,16,4096,0,Converted Turnover,Swansea City,116.6
7c0049e8-cc1c-4ed6-a684-8108070055a5,3753972,2,73,31,4411,0,Converted Turnover,AFC Bournemouth,98.9
2a9f2e11-623f-4638-ae45-2cb2d0e76f74,3753972,2,82,3,4923,0,Final Third Dribble,Swansea City,115.8
ddbe9e9b-44f7-4e46-82b1-6b42ade6132e,3753972,2,87,44,5264,0,Converted Turnover,AFC Bournemouth,81.6
7337972c-7209-4513-911b-2d36f43b49ca,3753973,2,67,38,4058,-1,Let Off,West Ham United,0.3256806
fa0869cc-e937-4b47-8a85-9f5361df3910,3753974,2,67,27,4047,0,Converted Turnover,Everton,97.1
9d069aa8-c775-4fea-99bb-b0fc8d9073da,3753975,1,33,6,1986,-1,Converted Turnover,Sunderland,94.2
4d4cdb7b-cb1c-45bb-90af-458370f586f2,3753975,2,72,48,4368,0,Converted Turnover,Sunderland,105.2
d2b16693-202a-42ad-b350-15ecec496d95,3753975,2,82,18,4938,0,Let Off,Sunderland,0.44838935
022cab74-cb23-4912-83f0-ffe9200b289d,3753976,1,24,14,1454,1,Converted Turnover,Arsenal,86.2
a11300bb-5989-4a51-b7e4-b89ff33510dc,3753976,1,31,35,1895,-1,Crucial Goal,Swansea City,31.0
0c934fef-63dc-4485-86cc-d87fb4bdd7b5,3753976,1,40,35,2435,0,Converted Turnover,Arsenal,95.6
939cd295-6f43-4203-8512-c98a6be53b7c,3753976,2,73,52,4432,0,Crucial Goal,Swansea City,146.0
eb5fd308-44c0-490e-aeb8-4607d07f404c,3753977,1,17,40,1060,0,Crucial Goal,Stoke City,34.0
1e646c1f-c3cc-480d-ad9e-7e18d86ba95f,3753977,1,27,38,1658,-1,Final Third Dribble,Watford,105.4
307e1d4a-1e4c-4ac8-adc1-9727127bfb2d,3753978,1,5,14,314,0,Converted Turnover,Swansea City,96.8
2a401799-b2ba-48ce-b50b-ed2fe604d778,3753978,2,60,16,3616,2,Converted Turnover,Southampton,105.7
ef7f03d0-54a0-4a5a-88b3-e9a68731cf73,3753978,2,76,18,4578,3,Converted Turnover,Southampton,106.1
bf02518b-c9d6-4771-9197-c72e4be04965,3753980,1,22,30,1350,-1,Converted Turnover,Everton,105.8
23353331-5f9e-49ac-bf8e-34ab7a96c17a,3753980,2,52,47,3167,2,Converted Turnover,Arsenal,88.4
c077c13a-72e1-46d1-a077-9f50b9a1e241,3753981,1,40,50,2450,0,Converted Turnover,Aston Villa,84.4
255fdf0e-3fff-4fca-a530-01842caadfef,3753981,2,51,35,3095,0,Converted Turnover,Aston Villa,88.2
dea6762e-5d4b-4d25-b32f-e429a2330487,3753981,2,70,48,4248,-1,Final Third Dribble,Crystal Palace,83.9
c15e1597-e473-4a81-aac9-2fc8d3d22427,3753981,2,84,43,5083,1,Final Third Dribble,Aston Villa,117.8
c74d19f0-47aa-4557-bda2-b674d9af2e7e,3753982,2,62,8,3728,-1,Converted Turnover,Southampton,85.1
eace103b-b53b-4734-ac87-13dca90638ab,3753982,2,70,24,4224,1,Let Off,Southampton,0.5782761
940cb8aa-e987-4f30-a079-fa166bfe678a,3753983,1,7,25,445,0,Converted Turnover,Arsenal,108.7
1dd2cff0-050f-4db5-b5ba-063c60939bb3,3753983,1,31,22,1882,0,Converted Turnover,Swansea City,94.6
258daa59-22a3-414f-a7e9-289471489ab3,3753984,2,50,46,3046,-2,Final Third Dribble,Liverpool,91.8
f1fd9d7d-e19e-4982-ab2e-a18ad6aeb407,3753984,2,91,21,5481,2,Converted Turnover,West Ham United,100.1
1555d4c6-822f-4c8c-95f1-da565ca53c3b,3753985,1,18,47,1127,0,Converted Turnover,Liverpool,93.2
71845ff1-79cc-4935-ac6d-5b7c3fee8cb2,3753985,1,35,12,2112,0,Converted Turnover,Stoke City,107.5
f4594568-e429-4c65-b192-aa42cb936f73,3753986,1,7,37,457,0,Crucial Goal,Liverpool,14.0
485ebf8d-1cb7-4058-b6a4-d160de23bec4,3753986,1,21,33,1293,-1,Crucial Goal,Stoke City,21.0
4bb19ab7-a6f1-426d-9afc-c3418e20e7da,3753986,2,60,12,3612,2,Let Off,Stoke City,0.5258913
2f8f4c1f-4fe4-43b6-9fdd-0c782d0e7634,3753986,2,65,23,3923,3,Converted Turnover,Liverpool,91.8
7a645727-d0d4-432d-93c4-e3a5626f4606,3753988,1,17,47,1067,0,Converted Turnover,Swansea City,90.5
b4f48492-df49-4278-ae2e-30311f88a44a,3753989,1,17,12,1032,0,Converted Turnover,Sunderland,95.4
9d85c9a9-0898-4bed-8bee-dfb2beb9cebc,3753989,1,37,55,2275,0,Crucial Goal,Sunderland,74.0
3f207769-ba7e-4d06-a7a4-546e614e8be5,3753989,2,51,8,3068,-2,Converted Turnover,Everton,106.4
afd83646-8a78-4881-8b27-81f5d646387a,3753989,2,67,3,4023,-3,Converted Turnover,Everton,96.7
c2501af6-1158-4ab8-8bf3-4a55fbbcf668,3753990,1,14,7,847,0,Converted Turnover,Sunderland,96.3
2d0b44b4-7573-40e3-952f-bfe147f69924,3753990,1,34,8,2048,0,Let Off,Sunderland,0.34009302
f49b70e3-8747-4caf-bd5f-afb9b79949fb,3753990,1,40,27,2427,0,Converted Turnover,Arsenal,91.5
6481711f-52b9-48c2-8360-91d79edc93cc,3753990,2,55,40,3340,0,Final Third Dribble,Arsenal,86.5
76551a3a-162e-4997-9c6c-5e0232e01639,3753990,2,75,14,4514,0,Converted Turnover,Arsenal,82.6
41825670-432b-44e5-901e-1441fa2b299c,3753991,1,40,13,2413,1,Smash and Grab,Liverpool,0.2970711297071129
8517e128-3196-4b1b-9bc9-7d5dcea869a4,3753992,1,30,20,1820,-1,Crucial Goal,Southampton,30.0
598e4f04-19a8-4cd0-874d-2a9fb8d109ec,3753992,1,39,1,2341,0,Converted Turnover,Tottenham Hotspur,88.0
497d7a2b-6001-4648-a73f-faea8acb997a,3753993,1,36,41,2201,1,Final Third Dribble,Norwich City,99.1
f5f8c016-4fd7-4118-a503-a18d812ed0a5,3753994,1,12,5,725,0,Converted Turnover,Southampton,95.7
eec0b045-8450-4b26-b092-fab772d5eee1,3753994,1,32,45,1965,0,Converted Turnover,Crystal Palace,83.9
f653e398-2ec7-4cff-b9ea-6219ce934345,3753995,1,9,29,569,0,Crucial Goal,Chelsea,18.0
557ba801-fc6b-4a00-b260-2e712fa70c32,3753995,1,18,21,1101,-1,Converted Turnover,Southampton,84.9
5bc133fa-0001-4c57-b737-b6e9d4f4400c,3753995,2,81,10,4870,-2,Converted Turnover,Chelsea,117.1
acc8a0dc-afb7-4a82-a777-d6da5d462d81,3753996,2,77,12,4632,1,Converted Turnover,Chelsea,109.6
6e274626-5f03-4c8f-980b-61ec1cf6db2a,3753997,1,30,11,1811,0,Let Off,Aston Villa,0.60372007
a005cfdc-a337-47ee-a4be-0f13ef626a1a,3753997,1,36,4,2164,0,Converted Turnover,West Ham United,105.1
f6d10c88-f61f-44b2-9532-d45fb9cf52d2,3753997,2,57,30,3450,0,Crucial Goal,West Ham United,114.0
c5844c4f-af36-4ec2-bd13-36d8d8b922bb,3753997,2,64,33,3873,1,Let Off,Aston Villa,0.39291096
1f89ebce-3108-41f9-8c60-8ddd20a994cc,3753999,1,20,16,1216,0,Converted Turnover,Watford,94.4
7e8d94bd-fa85-485f-bc32-5154bc431ce4,3753999,1,28,0,1680,0,Let Off,Watford,0.40443832
2b8ca1a7-17e0-4330-97de-900927463f38,3753999,2,73,8,4388,2,Final Third Dribble,Arsenal,99.2
943477bf-a56d-40a6-ab14-f6063ffd7af2,3754000,1,9,19,559,0,Converted Turnover,Southampton,107.9
c0ec64f5-999f-4dd6-966d-6dab0a2badb3,3754000,2,59,46,3586,0,Converted Turnover,Southampton,106.1
daf405a6-c36b-4243-8279-ff3e3c2da943,3754000,2,68,48,4128,0,Crucial Goal,Southampton,136.0
aee5e0b3-e186-4f95-a6cb-fc4f23cb6f8f,3754001,1,15,30,930,0,Converted Turnover,Newcastle United,86.8
669a05dd-8b00-42e7-ac21-f5a4d05bda4c,3754001,1,27,40,1660,0,Converted Turnover,Newcastle United,116.3
0a0fd805-8308-497d-9c0a-10da9cc3646c,3754001,1,35,14,2114,0,Final Third Dribble,Newcastle United,96.1
abdfd18f-3c34-4937-ae52-61e1a1ffa50a,3754001,2,51,26,3086,-1,Converted Turnover,Chelsea,81.6
85785d58-a8cc-48f5-af95-e2906987cee2,3754001,2,59,25,3565,1,Smash and Grab,Newcastle United,0.45562130177514804
02d10152-bddc-40a9-92e9-9d35f1dd8148,3754002,1,16,22,982,0,Let Off,Leicester City,0.30547488
2a6e58d0-2cc9-496a-bab5-3b5fccfb49e1,3754002,2,50,58,3058,1,Converted Turnover,Leicester City,99.2
f43d3150-6aed-4bff-97a0-e9541af2b695,3754002,2,87,16,5236,1,Converted Turnover,Leicester City,117.9
303bd48c-b053-47d5-9aa1-8f42aa4287bd,3754003,1,6,41,401,0,Converted Turnover,Manchester United,97.7
909409c5-b076-40e8-b41d-cbd9187b29ba,3754004,2,84,48,5088,-3,Converted Turnover,Norwich City,107.3
6425e069-cef9-4451-96f8-818d29b279c9,3754006,1,7,16,436,0,Final Third Dribble,Leicester City,109.2
d9dfac98-e063-437a-818c-3f63c4434a67,3754006,2,56,30,3390,-1,Crucial Goal,Leicester City,56.0
dd3926ce-3e3e-4184-85f0-b9de9c5b3db5,3754007,1,5,10,310,0,Final Third Dribble,Stoke City,88.4
98c743d8-dd3f-46b3-910f-3050ec5466dc,3754007,1,37,22,2242,0,Final Third Dribble,West Bromwich Albion,105.3
3e28626f-eaae-494f-bc8b-1810ade0c6f5,3754007,2,55,57,3357,1,Converted Turnover,West Bromwich Albion,98.2
e17f1e2b-409c-406d-8841-cca9effca794,3754008,1,10,20,620,0,Converted Turnover,Sunderland,115.8
b053b9f7-dff7-465c-82ee-9fd38798d862,3754008,1,24,50,1490,0,Converted Turnover,Manchester United,94.5
44254f0b-1243-4319-9ba1-afce579dbafb,3754008,2,66,48,4008,2,Let Off,Sunderland,0.38897714
c15841e3-378c-4ccd-b678-e2873c1eb0de,3754009,2,64,20,3860,1,Converted Turnover,Arsenal,116.7
3e1e96ff-8505-481b-a719-19e64a79b115,3754010,2,66,24,3984,-1,Converted Turnover,Newcastle United,106.0
378fbc50-5d50-427a-bd43-7a6abbc95376,3754011,2,67,41,4061,1,Final Third Dribble,Manchester United,109.5
eb2fc841-69a6-4a7f-920c-e8f4068f92f2,3754012,1,9,7,547,0,Let Off,Chelsea,0.3947514
1e060360-82f4-4e82-aa90-fb4e99c5845b,3754012,1,16,24,984,0,Converted Turnover,Southampton,111.4
341759a0-c3e9-4fb6-9de7-dee7615014f5,3754012,2,52,7,3127,-1,Let Off,Southampton,0.46305713
3a277c0c-5739-40f7-83f9-001d13e91aed,3754012,2,67,8,4028,1,Final Third Dribble,Southampton,96.7
3e456853-d597-4f61-9d7d-276fe347aab8,3754012,2,88,1,5281,0,Crucial Goal,Chelsea,176.0
4abc9351-e27f-4e9c-bc37-e1ac7bf2aee2,3754013,1,33,4,1984,0,Crucial Goal,Leicester City,66.0
3e9ac1ed-0058-48c0-933e-a9d0589012f1,3754014,1,39,41,2381,-2,Final Third Dribble,Manchester United,92.9
b0d6cdf4-dde0-4ed8-916a-470c17546342,3754015,2,64,7,3847,0,Final Third Dribble,Manchester United,93.2
7816ec47-ff8e-492a-b04d-5df5373432ec,3754015,2,87,46,5266,0,Converted Turnover,Manchester United,99.6
aef4cb40-3c35-4d06-aff8-aca8e3e8e5b2,3754017,1,12,32,752,0,Let Off,Aston Villa,0.3969457
47899928-9b1c-46d1-86eb-11a6041c3df5,3754017,2,61,44,3704,0,Crucial Goal,Aston Villa,122.0
7a63c80f-ded6-4341-b60e-9f9256227813,3754017,2,67,16,4036,-1,Crucial Goal,Swansea City,67.0
7f1a304c-c316-4f7b-ae0e-ec5ebb6c7d9b,3754017,2,77,10,4630,0,Converted Turnover,Swansea City,89.5
46aa7279-f9cc-439c-8641-7c6beb2067f4,3754017,2,86,0,5160,0,Crucial Goal,Swansea City,172.0
d473b7e0-c0ea-4780-9984-6361bbef86d5,3754018,1,41,0,2460,-2,Converted Turnover,Liverpool,92.7
3da5fdfc-aedf-448c-bf54-330d5f30c637,3754018,2,74,36,4476,-2,Converted Turnover,Liverpool,81.9
a24c59cb-c737-407b-8c88-541e46d60dc0,3754018,2,86,56,5216,2,Final Third Dribble,Swansea City,87.8
1e9b762c-271e-4993-b48a-740cebe67340,3754019,1,15,55,955,0,Final Third Dribble,Manchester United,108.0
b6e6db87-8649-47b6-b988-83ea6b977442,3754019,2,55,22,3322,0,Let Off,Chelsea,0.70852625
9c808929-f259-4855-a3d0-cfccc724c035,3754020,2,64,44,3884,-1,Converted Turnover,AFC Bournemouth,92.1
5e09243f-5188-43c2-978e-caf15fdd340f,3754020,2,72,59,4379,1,Converted Turnover,Liverpool,93.2
c44857f9-40ee-4f67-9daf-07a0ad829672,3754020,2,87,39,5259,1,Converted Turnover,Liverpool,92.0
ebb114f3-80a7-447b-8fdf-37f46a3ac683,3754021,1,24,10,1450,1,Converted Turnover,AFC Bournemouth,82.8
b2666cd5-56a0-43c9-a1ed-57f97322515e,3754021,2,59,54,3594,-1,Converted Turnover,West Ham United,83.0
7d8dd766-3135-473d-b6bd-d42f8f1c3f9f,3754021,2,66,38,3998,-1,Crucial Goal,West Ham United,66.0
efa9d29f-f605-49e3-912e-a909e59b747a,3754021,2,83,53,5033,1,Smash and Grab,West Ham United,0.6065573770491803
aa5ae58b-9d45-4b41-9b82-a8589d5a85f1,3754022,1,17,5,1025,0,Converted Turnover,Crystal Palace,111.6
719771bc-5281-497d-813a-4f68e971e3db,3754022,1,40,24,2424,0,Final Third Dribble,Norwich City,104.0
78ab0f50-3bfe-4c35-a806-ecc5c3a7f690,3754022,2,78,59,4739,1,Let Off,Norwich City,0.36475572
3ece18c5-237c-4276-96c1-6dc298939d88,3754023,1,15,43,943,0,Converted Turnover,Leicester City,107.5
075dd9c9-ef15-44eb-8225-8c38da7a4c24,3754023,1,23,28,1408,0,Crucial Goal,AFC Bournemouth,46.0
383f19d3-cd51-4cff-9c87-81b65512f7c7,3754024,1,8,24,504,0,Converted Turnover,Newcastle United,116.7
754f23f6-1348-49a1-b7a7-aea88bb5ee6b,3754024,1,14,13,853,0,Converted Turnover,Newcastle United,106.5
f2405789-493e-4010-bf70-64e794234430,3754024,1,40,0,2400,0,Crucial Goal,Newcastle United,80.0
ed8b89ac-0a4b-4d75-a3a6-a8c8f0c22037,3754024,2,50,17,3017,1,Converted Turnover,Newcastle United,84.4
1f32b368-1288-410a-83b8-eaea68b82ebc,3754024,2,55,53,3353,-1,Converted Turnover,Swansea City,84.7
0c8bc473-3d43-412c-b3ab-a5dd5e216719,3754024,2,70,3,4203,-1,Converted Turnover,Swansea City,103.6
75b98150-6a02-4c96-a900-b8c0d88e43ae,3754025,1,25,17,1517,2,Let Off,Sunderland,0.36561233
b7a75d38-6655-4e52-b017-737ffa9371bf,3754026,2,59,19,3559,0,Converted Turnover,Stoke City,88.4
3c1ea8d2-0199-431e-8892-54cdafebe55b,3754026,2,72,33,4353,-1,Converted Turnover,Stoke City,80.1
0fee4e03-3d5c-4fe1-8fdb-bc94ef53f5a5,3754026,2,85,27,5127,-1,Let Off,Crystal Palace,0.30972648
bdee9191-adb5-4eb7-b743-a09b95c94e3b,3754027,1,8,39,519,0,Converted Turnover,Tottenham Hotspur,100.0
d803d2be-11aa-490d-9067-34f4a17c4f94,3754027,2,52,24,3144,0,Final Third Dribble,Sunderland,81.0
a81499e8-7dfd-47f0-a31c-4a6b0ef06976,3754028,1,8,13,493,0,Crucial Goal,Manchester City,16.0
69b909da-9bca-478d-a845-93d82b83f94a,3754028,1,21,29,1289,-2,Final Third Dribble,Southampton,90.8
cb93bcef-9cc1-4319-beb0-27d037308cf2,3754028,1,40,33,2433,-2,Converted Turnover,Southampton,104.7
a7fcfcdb-009d-48b7-a29c-f02fcb08de52,3754029,1,28,59,1739,-1,Converted Turnover,Aston Villa,91.3
af1d7c4a-10dd-480f-996d-1dd40981cb2a,3754029,2,72,44,4364,-2,Converted Turnover,Aston Villa,91.6
6bbde117-d6a0-4494-bd4c-f101c9fbef6b,3754030,1,27,43,1663,0,Converted Turnover,Watford,105.1
dfe65d79-fd0a-47d3-b1c3-5e94c584c2fc,3754030,1,36,41,2201,0,Converted Turnover,Everton,102.2
2d6b6f20-fad0-494f-b5d3-2d8e91b1963a,3754031,1,10,24,624,1,Let Off,Manchester United,0.39785093
153c6b67-90bf-48e2-b80a-7a69f4835728,3754031,2,52,52,3172,0,Converted Turnover,Sunderland,85.0
dce1d5ff-d905-4d0e-8aa4-1670da7f4ac3,3754031,2,61,28,3688,0,Converted Turnover,Sunderland,112.1
2be44d4a-f13a-485e-9468-1b6395298f19,3754032,1,7,12,432,0,Converted Turnover,Stoke City,99.1
fb2b9c8b-9e4f-4036-acdb-240f2afbe6ec,3754032,1,27,38,1658,0,Converted Turnover,Norwich City,83.9
e5fc4e6b-6ade-493d-b946-c7804f94827e,3754033,1,25,16,1516,-1,Converted Turnover,Everton,99.8
a15ab3dd-f18a-4be0-9f66-741cef91b9a2,3754033,1,32,11,1931,1,Converted Turnover,Leicester City,108.6
42692ca1-169f-4cce-bf13-5146e2145659,3754034,1,13,19,799,0,Converted Turnover,Southampton,105.7
2e625f88-2ad3-48bb-9f1f-280021e148d1,3754034,2,85,32,5132,-3,Final Third Dribble,Southampton,100.0
4d4317d8-1c5f-44fa-b55f-ea86260efc8d,3754035,1,5,3,303,0,Crucial Goal,West Bromwich Albion,10.0
931486b1-8649-41cd-acf2-ca00bf6cf97b,3754035,1,18,10,1090,-1,Crucial Goal,Manchester City,18.0
5c7ad79d-58ab-49e8-8296-c0511c8da0c3,3754035,1,28,3,1683,0,Converted Turnover,West Bromwich Albion,88.5
584e09c6-7b56-4416-bb28-cfe23b2ec4cb,3754036,1,12,49,769,0,Converted Turnover,Sunderland,96.5
ad11fa7f-195a-4ea6-848e-761cd68756fc,3754036,1,33,46,2026,-1,Final Third Dribble,Aston Villa,94.5
33e67e1e-75ef-4f35-8dac-edf26b52103a,3754036,2,71,55,4315,0,Crucial Goal,Sunderland,142.0
5ad34b16-2386-47ae-bbd9-86c3a7aff4d1,3754036,2,84,29,5069,1,Converted Turnover,Sunderland,80.5
295e435c-b1d5-4630-a96b-ee3c68f83a5b,3754037,1,27,20,1640,0,Converted Turnover,AFC Bournemouth,93.3
0273933e-f89a-4726-ba09-24c98fa2cc62,3754037,1,35,2,2102,0,Final Third Dribble,Everton,103.1
46374425-28c2-4ef3-8ffb-a50a51cdfe4c,3754037,2,53,7,3187,0,Converted Turnover,Everton,104.3
c975d76a-0990-4f6e-8a88-f3d39823d8ac,3754038,1,16,1,961,0,Let Off,Norwich City,0.31408322
f6ba8665-c823-437b-b821-573111571903,3754039,1,15,11,911,0,Crucial Goal,Watford,30.0
1f0178b2-9be8-42f9-ac18-f181af9e43c1,3754039,2,57,9,3429,0,Let Off,Watford,0.6640972
a352e257-28f8-4b4b-b8ba-1004ffe62078,3754039,2,74,51,4491,0,Final Third Dribble,Watford,84.6
d7d73bc8-a99d-4770-84d1-997fbbdd44bb,3754039,2,81,42,4902,0,Crucial Goal,Watford,162.0
70fbcc85-c53d-4c22-af0b-48156d8f4c2f,3754039,2,89,56,5396,-1,Converted Turnover,Crystal Palace,96.3
ebad0daf-235f-47ce-8816-349f1fa9c2ae,3754040,1,7,15,435,0,Converted Turnover,Liverpool,97.4
2359baed-e15c-4162-a5d2-e6006845f4d0,3754040,1,17,34,1054,0,Final Third Dribble,Liverpool,114.9
01c92808-2aeb-4d65-b912-ff8126df235c,3754040,1,29,35,1775,0,Converted Turnover,Liverpool,86.5
f0015718-f23e-4cd3-854b-47d5c67579c5,3754040,1,40,44,2444,0,Converted Turnover,Liverpool,93.9
ff0cb074-a3b3-4544-8780-b70372222966,3754040,2,77,19,4639,0,Let Off,Norwich City,0.46533623
4e3aa302-5f31-4e51-bcc6-a91289adad99,3754041,2,74,32,4472,1,Converted Turnover,Arsenal,93.0
7f9f23a7-034e-44f7-92f0-639c41f3deea,3754041,2,83,6,4986,-3,Final Third Dribble,Aston Villa,100.7
25bc6d55-2028-421e-9226-3f14f66e4a79,3754042,1,22,26,1346,-1,Crucial Goal,Liverpool,22.0
a9ab0aa4-73ae-407e-8183-d7711cdce030,3754042,1,38,36,2316,0,Converted Turnover,West Bromwich Albion,94.3
36e9b939-9987-4705-85eb-3331b8b954ec,3754042,2,65,36,3936,0,Converted Turnover,West Bromwich Albion,110.8
bc5f2ebf-47b2-4c7b-a3ce-5eacda614125,3754043,1,32,55,1975,2,Converted Turnover,Tottenham Hotspur,89.5
b793d32e-24b9-4dfb-a04e-802cdc5de969,3754043,2,51,18,3078,2,Converted Turnover,Tottenham Hotspur,111.3
3a7915bb-e2e8-40ba-8ebb-e7a5bf02ce3b,3754043,2,67,9,4029,-3,Final Third Dribble,AFC Bournemouth,104.2
520b8ec5-59bc-4633-bcd8-59d2e1a24222,3754043,2,80,2,4802,3,Final Third Dribble,Tottenham Hotspur,96.7
7d35eb89-a9f5-486e-83c0-efe9cfab3507,3754044,1,20,20,1220,0,Final Third Dribble,Norwich City,92.2
12bcbf40-1f17-4103-814c-0782ab6e8157,3754044,2,53,56,3236,1,Smash and Grab,Norwich City,0.408450704225352
37070e90-8b12-47c3-a1b1-33369c8b6f11,3754044,2,75,22,4522,-1,Converted Turnover,Manchester United,97.6
8cfede01-5a63-47ab-b863-2b2b1df592cf,3754044,2,82,48,4968,1,Converted Turnover,Norwich City,112.2
18cb67a4-4dae-457a-b279-038e20b98b43,3754045,1,18,15,1095,0,Converted Turnover,Manchester City,83.2
b4d60018-fa3d-4f2b-8990-9ea32c6ab1af,3754045,1,39,29,2369,0,Converted Turnover,Leicester City,92.0
9ed5ea84-f05b-4434-b9f8-379f0ed5590e,3754045,2,68,51,4131,0,Final Third Dribble,Manchester City,109.1
aba262e0-be99-41e5-8ea1-80e782cf38cd,3754046,2,65,24,3924,0,Converted Turnover,Everton,91.1
7e123fda-cb65-4847-bfb4-49c5a2257ca1,3754046,2,75,31,4531,0,Crucial Goal,Crystal Palace,150.0
fdfab4ab-c82d-45f3-b7be-622ace887f0d,3754047,2,76,26,4586,-1,Converted Turnover,Swansea City,92.7
a13d9172-5704-4ad4-9017-c8fa372ac0bd,3754048,1,19,41,1181,0,Converted Turnover,Everton,90.4
bdfea231-f6f9-4025-ac59-77bb5427c2a6,3754048,2,81,26,4886,0,Let Off,Everton,0.40024403
19da90b0-381d-4932-85de-c20f04084824,3754049,1,12,38,758,0,Final Third Dribble,Leicester City,116.7
89ec940a-0f82-445f-a0bc-8ff0846bda89,3754049,1,34,50,2090,0,Final Third Dribble,Leicester City,90.8
7e13cd45-9fba-440c-8bdc-a6416166cbbf,3754049,2,66,32,3992,0,Converted Turnover,Leicester City,95.3
a12b857b-d595-4e7c-8fb3-c79532dde792,3754050,1,9,35,575,0,Final Third Dribble,Crystal Palace,113.8
0c30a378-df0e-4367-8243-c59636916b38,3754051,1,32,56,1976,2,Converted Turnover,Watford,114.9
0b1a7d64-fe05-4fc4-bdee-ae376005bb46,3754051,2,62,45,3765,2,Let Off,Liverpool,0.47352463
1abc2666-c87c-42c5-bb67-de7ba98c50b3,3754051,2,71,36,4296,-2,Converted Turnover,Liverpool,91.2
38c0d263-3453-4c5d-a48b-3f3591a00538,3754052,1,18,43,1123,0,Converted Turnover,West Bromwich Albion,107.8
3f1f527b-98e8-471d-9b62-8675206768b0,3754052,1,36,50,2210,0,Final Third Dribble,Norwich City,101.6
093a06f3-ffb6-44d5-8f82-bc374bd6b76f,3754052,2,67,55,4075,-1,Converted Turnover,West Bromwich Albion,84.3
9e384e2d-775a-4f15-9b48-c88d7edd45bc,3754053,2,74,47,4487,2,Converted Turnover,Tottenham Hotspur,100.1
8f0b5d6d-5f48-4095-bdc6-fb2f71870fb1,3754054,1,11,57,717,0,Crucial Goal,Manchester City,22.0
b30ddb78-df99-45ea-b464-fdb4c088321d,3754054,1,18,27,1107,-2,Converted Turnover,Sunderland,82.5
1169a56d-22c3-4f1b-9598-0b58078f5ce1,3754054,2,50,27,3027,3,Converted Turnover,Manchester City,110.8
9ee46fc8-672f-4552-b4f8-deb2428d32b5,3754055,1,38,58,2338,1,Final Third Dribble,Chelsea,101.6
c77d4106-0e44-4b06-83bc-7f1f9250b1d8,3754055,2,71,30,4290,1,Final Third Dribble,Chelsea,99.8
7f7cd805-aeda-4d59-8c25-5ffb643eb1b1,3754055,2,78,32,4712,-1,Converted Turnover,Liverpool,110.9
72688568-cab5-4f53-a68c-cad7618d4cd9,3754056,1,21,35,1295,-1,Crucial Goal,Everton,21.0
781b3da4-022a-43b0-8a51-30fb2af6004d,3754056,2,63,30,3810,-1,Crucial Goal,Everton,63.0
ca813dec-c15e-47de-85d6-106d1dedd719,3754057,1,25,52,1552,0,Crucial Goal,Tottenham Hotspur,50.0
cbe2a3e7-0468-4deb-9107-a90bc5bbcf8a,3754057,2,55,27,3327,2,Converted Turnover,Tottenham Hotspur,107.9
8e3a6f10-64e4-49bf-a157-16b15b552713,3754058,1,13,11,791,0,Let Off,Leicester City,0.38371146
2ca16169-0021-4623-97b1-4e73e5bc5ea8,3754058,1,36,55,2215,0,Final Third Dribble,AFC Bournemouth,115.3
30c759a1-d45c-497c-b50e-c5573107122b,3754058,2,50,55,3055,0,Let Off,AFC Bournemouth,0.64057934
94d2b924-6bfa-48fc-af6c-04e0809f1382,3754058,2,63,6,3786,0,Converted Turnover,AFC Bournemouth,94.6
e1e6d412-0503-4465-92df-5cd83e6eb95d,3754059,1,19,31,1171,0,Crucial Goal,Chelsea,38.0
d40a3d08-e5e9-4394-a0bb-6f45cd70a25b,3754059,2,55,54,3354,-2,Final Third Dribble,West Bromwich Albion,107.5
4ff593f1-cec0-43d8-b5dd-bad9489f6c9d,3754060,1,7,22,442,0,Converted Turnover,Liverpool,87.1
ae09253f-715b-4d2c-a8ad-953aa6effc80,3754060,1,25,28,1528,0,Final Third Dribble,Liverpool,112.2
7c2b83b2-3b69-4f35-a36f-3089bd40fdba,3754061,1,26,58,1618,0,Converted Turnover,Chelsea,84.8
00e7f04d-5aa0-4f26-8d07-bb240aa29a29,3754061,1,32,9,1929,0,Converted Turnover,Chelsea,107.9
36923adb-298e-4506-9b4a-bee221d9b932,3754061,2,84,18,5058,-1,Crucial Goal,Stoke City,84.0
f39b1d1e-5aa4-4d08-bc1a-277dbd00ba51,3754062,1,7,17,437,0,Converted Turnover,Chelsea,82.8
bfb4ee8a-14a3-4db5-8315-e2246e72be6a,3754062,1,19,35,1175,0,Crucial Goal,Chelsea,38.0
01b45b88-78d3-4c10-8703-aca8aabaf4d7,3754062,2,50,58,3058,0,Final Third Dribble,West Bromwich Albion,108.5
98b6cc7d-f0f8-4784-aa5b-c4c61af4b23e,3754062,2,62,44,3764,0,Converted Turnover,Chelsea,84.1
e4c09fae-4f84-4cc7-b582-6742e1747c28,3754062,2,84,59,5099,-1,Crucial Goal,West Bromwich Albion,84.0
8a3d6ae7-96c2-45bc-bba5-fe51989dab71,3754064,1,32,37,1957,2,Converted Turnover,Liverpool,107.0
f1a800ae-4baf-42f4-800d-a4dce3f54a4b,3754065,2,61,44,3704,0,Let Off,Leicester City,0.353871
5ead3c1d-d1ee-4bef-8f53-66b0631b018b,3754065,2,75,22,4522,0,Converted Turnover,Leicester City,109.7
f94b43d7-bc8c-4aa2-9cc7-802b4534ab5d,3754065,2,82,43,4963,0,Crucial Goal,Leicester City,164.0
4221ce04-47e6-4234-9f32-a71f9b27fb60,3754066,1,20,54,1254,0,Let Off,Chelsea,0.46588677
5fb198b5-b990-4ce5-9627-4d802d55a64a,3754066,1,41,17,2477,-1,Converted Turnover,Chelsea,95.7
a8e965a4-1fd5-4fcc-a6b6-5891fe516501,3754066,2,79,37,4777,2,Converted Turnover,Manchester City,112.5
805a96e9-560a-4dca-8889-c59e7cd035eb,3754067,1,30,20,1820,0,Converted Turnover,West Ham United,95.4
11e4884e-a9b1-4159-80a9-861ef47b5ef8,3754067,2,79,35,4775,0,Converted Turnover,West Ham United,81.4
42cd8862-f7fe-4e49-9858-3726c56f5c25,3754068,2,51,53,3113,-1,Converted Turnover,Aston Villa,92.0
a3a00baa-9031-4fec-ac96-864e37b810b6,3754069,1,15,50,950,0,Converted Turnover,Newcastle United,116.6
00cf1fdf-5c01-46d9-ac2a-a0f03570cbb2,3754069,2,71,44,4304,0,Crucial Goal,Arsenal,142.0
6ef0fa06-e91d-4c08-b75c-49b120772b27,3754070,1,35,31,2131,0,Final Third Dribble,Newcastle United,91.2
77c70cc6-70c9-46ad-b8bb-60029709661e,3754070,2,70,22,4222,0,Final Third Dribble,Newcastle United,90.7
4bdba452-1190-4aa4-a691-4043a1b3b852,3754071,1,20,40,1240,-1,Crucial Goal,Swansea City,20.0
c57d8e77-667a-4d49-9c2e-8a7db9717b38,3754071,2,84,50,5090,1,Smash and Grab,Sunderland,0.5522388059701493
018ec8f3-fee7-4807-9d15-ca94b6ab0647,3754072,2,50,58,3058,-1,Converted Turnover,Sunderland,104.6
e2a48368-7fc7-4c0e-9bd7-daaf30fe64ce,3754073,1,28,48,1728,0,Final Third Dribble,AFC Bournemouth,86.2
e5664a4d-1750-4409-a7bc-933bce26b2c9,3754073,2,53,5,3185,0,Converted Turnover,Chelsea,89.7
aa8c84a6-2701-423c-bf69-f9be5a5123d3,3754074,1,40,11,2411,-1,Converted Turnover,Tottenham Hotspur,84.1
6e97e43f-8fb3-4071-909c-9babcdca879b,3754074,2,64,24,3864,-1,Crucial Goal,Tottenham Hotspur,64.0
a94c89e0-5e48-4ef2-957a-719e65c18024,3754074,2,77,13,4633,0,Final Third Dribble,Tottenham Hotspur,106.0
05213af7-c7fe-413a-a6c2-f36b29947f43,3754075,1,10,22,622,0,Converted Turnover,Chelsea,92.2
b56982c6-b0f6-46c8-84b0-8f60b1d71e04,3754075,2,58,0,3480,3,Final Third Dribble,Chelsea,83.7
5553c122-7a63-403c-bb82-ae4bba80ff2d,3754075,2,87,38,5258,-4,Converted Turnover,Aston Villa,109.1
905b345f-080c-4c3c-8001-2baabea2f2a1,3754076,2,69,0,4140,0,Converted Turnover,West Ham United,88.4
17db0683-a2f7-4f2f-9c77-02f8d3d7bb43,3754077,1,38,15,2295,-2,Converted Turnover,Manchester City,111.5
c2f8681a-4a98-4af5-912b-7b5743b14812,3754077,2,62,21,3741,-1,Final Third Dribble,Manchester City,104.3
f208b4dc-2a5c-40d9-a859-110e533d954c,3754077,2,67,52,4072,-1,Converted Turnover,Manchester City,107.6
99bd484b-933d-4dd8-8e06-e2f435fe7174,3754077,2,88,36,5316,1,Converted Turnover,West Ham United,81.4
80674cec-1662-45a9-9bac-cf9742a421b3,3754078,1,14,16,856,0,Final Third Dribble,Swansea City,107.8
d3c140eb-ec80-43d2-9aca-1ae1d25ef65b,3754078,1,22,8,1328,0,Crucial Goal,Chelsea,44.0
c6449f88-065a-4ed9-a5a3-5b66eea49733,3754078,2,54,5,3245,-1,Crucial Goal,Swansea City,54.0
47197224-43a0-4456-a6fc-fe80d584a428,3754078,2,60,26,3626,0,Converted Turnover,Swansea City,90.3
17fb82ef-459e-429f-ad76-e85676e83d2b,3754080,2,50,8,3008,0,Converted Turnover,Tottenham Hotspur,115.1
1d01d901-c94c-4269-9a1e-576d2d1d0be4,3754080,2,63,44,3824,0,Crucial Goal,Tottenham Hotspur,126.0
5c1dff13-dae6-489e-a962-21f37fcc4e1a,3754080,2,83,38,5018,1,Converted Turnover,Tottenham Hotspur,95.2
92a971c5-1672-4282-b82c-c78364534b0a,3754081,1,16,35,995,0,Converted Turnover,West Bromwich Albion,89.4
2f581e24-d890-4bd2-b1d4-42cf2277c263,3754081,2,50,1,3001,0,Final Third Dribble,Manchester United,107.0
6598eab4-2ae8-45be-9177-7257bd527499,3754082,1,30,13,1813,1,Converted Turnover,Everton,84.0
a85d4f27-f633-4e0d-a4ef-526244df3bf1,3754082,1,41,37,2497,2,Final Third Dribble,Everton,96.1
4fd97964-597c-4efa-a05a-48c464066884,3754082,2,59,42,3582,1,Smash and Grab,Everton,0.24038461538461542
24f47156-6370-4e6f-8c6c-574e8694358d,3754083,1,12,25,745,0,Converted Turnover,Chelsea,87.6
00d46d13-6e3d-439e-aa06-13aec8f5f329,3754083,2,52,7,3127,0,Let Off,Chelsea,0.31239024
580c4298-4cc1-413a-bc74-9b269be91172,3754083,2,69,38,4178,-1,Final Third Dribble,Chelsea,90.7
edb0a610-6e03-42cf-839b-ef73fa186640,3754084,1,23,27,1407,0,Converted Turnover,Aston Villa,92.6
9a00b12d-c075-4e51-bd0e-cb9831585ee4,3754084,2,68,25,4105,0,Converted Turnover,Aston Villa,104.8
59575927-e359-4625-ac21-1ec140f3b822,3754085,1,14,32,872,1,Let Off,Swansea City,0.417406
6f053ea2-8434-47fe-83e7-87d5cb9e6124,3754085,2,58,37,3517,2,Converted Turnover,Leicester City,97.6
1bb537d8-137a-4176-890c-8f2669918357,3754085,2,66,45,4005,2,Smash and Grab,Leicester City,0.6842105263157894
d6f96c90-d06d-42fc-a377-65dc7f759c39,3754086,1,10,20,620,0,Crucial Goal,West Ham United,20.0
67b42ee0-c178-4745-aa92-659f818ec46a,3754086,1,24,51,1491,1,Final Third Dribble,West Ham United,97.3
59ae8798-0330-4e97-9d05-0b4ab59ce1c9,3754087,1,38,10,2290,0,Final Third Dribble,Tottenham Hotspur,83.8
c065f96a-8ef4-4229-b07c-98f00bb3b655,3754087,2,84,27,5067,0,Converted Turnover,Liverpool,89.5
2eadd720-134b-4fac-beb1-49174d26ba55,3754088,1,8,57,537,0,Crucial Goal,Manchester United,16.0
92f95052-f19c-4816-bef8-54fd7c1b9587,3754088,1,41,4,2464,-2,Converted Turnover,Newcastle United,87.3
ed0bc635-dcb3-427b-866e-5d217b30d2b7,3754089,1,25,2,1502,0,Crucial Goal,Crystal Palace,50.0
7a29c135-885e-49ed-b66a-29fb28ba38f0,3754089,1,30,39,1839,-1,Crucial Goal,AFC Bournemouth,30.0
75357511-0131-44f5-a139-58b45a93bc0e,3754089,2,66,53,4013,-1,Converted Turnover,Crystal Palace,102.5
dac5ca32-c014-41c7-bd5e-94bfd6f0fc81,3754089,2,73,29,4409,-1,Converted Turnover,Crystal Palace,94.6
9b6522c0-5ec8-4dbb-b80b-f0527b8f51c0,3754089,2,85,2,5102,-1,Converted Turnover,Crystal Palace,96.3
89ce6b95-ba12-4e94-9431-977dd04a44f3,3754090,1,6,46,406,0,Converted Turnover,Newcastle United,107.0
d499403b-bdae-4843-a8e2-07f92a821cdf,3754090,1,16,21,981,0,Let Off,Newcastle United,0.3401162
87821f33-bfbe-49b3-9471-e412e6167d0c,3754090,2,54,16,3256,0,Let Off,Stoke City,0.31255412
cdc86f2f-5e59-4035-a9c6-cfcf042652b7,3754090,2,68,12,4092,0,Final Third Dribble,Newcastle United,88.3
068bfa19-eef8-4b3c-8fec-f3c065ee00c2,3754091,1,8,12,492,0,Converted Turnover,Watford,90.6
35b96b00-6a2f-4439-8d16-c8490763f116,3754091,1,15,21,921,0,Converted Turnover,Stoke City,90.5
71852108-98ca-4ba4-904e-18bd81a031a8,3754091,1,36,6,2166,0,Converted Turnover,Watford,108.4
f015a584-0a88-4cb5-a238-eebb7c28a615,3754091,2,50,27,3027,1,Converted Turnover,Watford,84.3
6988568f-74d3-4e40-94c3-e3ba2a48ea52,3754091,2,81,22,4882,2,Converted Turnover,Watford,88.5
fefe7507-8cf0-4424-ba1f-a61013032474,3754092,1,10,9,609,0,Converted Turnover,Tottenham Hotspur,103.5
6276afd9-54aa-456e-92e5-a928fb01528a,3754092,2,53,53,3233,2,Final Third Dribble,Tottenham Hotspur,103.0
1fbc04d6-7980-4a0b-80b0-df32d4032fe3,3754092,2,65,42,3942,1,Converted Turnover,Tottenham Hotspur,86.1
d71c1435-acc9-4cf4-8b8a-46b0a29b54db,3754092,2,82,39,4959,-1,Crucial Goal,Chelsea,82.0
34d0d229-fb9b-4a21-baf7-ce098db9e851,3754093,1,41,48,2508,0,Final Third Dribble,Chelsea,108.4
4d510d9e-1a45-41ad-baf2-26c16d6906da,3754093,2,63,5,3785,0,Final Third Dribble,Tottenham Hotspur,90.3
1ed6d47f-ae99-4c55-923d-b43363313ca1,3754094,1,22,37,1357,1,Smash and Grab,Manchester United,0.2792792792792793
c0639936-f9ef-4eab-aa5a-04b251887594,3754094,2,72,19,4339,-3,Converted Turnover,Stoke City,85.2
ddf1728d-6f23-454c-9454-525f8cb821f9,3754095,1,26,52,1612,1,Converted Turnover,Manchester City,86.7
454e3c0d-6df3-48f3-b4cf-62ec342a3191,3754095,2,77,40,4660,-1,Converted Turnover,Sunderland,115.0
2de06380-363f-420b-aa0a-a5db8e73fb7e,3754096,1,28,45,1725,0,Let Off,West Ham United,0.3105806
931a4cb1-0688-46b1-86e8-f875d095dea3,3754096,1,38,7,2287,0,Converted Turnover,West Ham United,107.8
3572f360-bbb0-4d72-b89c-4302427a8c47,3754096,2,60,30,3630,0,Converted Turnover,Stoke City,85.6
108f7ea7-697a-4b88-a27a-8f0348b39630,3754096,2,88,18,5298,0,Let Off,West Ham United,0.42787996
a40c10dd-3423-42b2-8459-5dbcbb1b9efd,3754097,1,10,56,656,0,Converted Turnover,Tottenham Hotspur,85.3
e7612ab8-4906-42fd-a262-81eec5b3a146,3754097,1,27,42,1662,1,Converted Turnover,Manchester United,105.6
e3978b31-832b-4d9b-b889-dd0bf0bfc8d9,3754097,1,35,23,2123,1,Converted Turnover,Manchester United,105.1
458ab95f-f7f8-461f-a583-f1b3b6025f28,3754097,2,64,19,3859,1,Converted Turnover,Manchester United,111.3
a4efc8b3-cd8b-4f5c-9354-f5954674b3b4,3754098,1,18,26,1106,-1,Converted Turnover,Liverpool,83.2
1b7560fd-0aaa-4829-9348-9713561aab68,3754098,2,62,7,3727,0,Converted Turnover,Liverpool,83.2
51567e7f-399f-4bff-b347-2e29e47186f0,3754098,2,73,35,4415,0,Crucial Goal,Liverpool,146.0
f0926221-c3c0-4828-83c9-fc7bc46d7a0c,3754098,2,78,53,4733,-1,Final Third Dribble,Chelsea,100.7
8a56dd36-ce63-40d6-8daa-1ce259bf0cc8,3754099,1,28,9,1689,0,Converted Turnover,Crystal Palace,97.8
957ef365-c38f-4fc6-864f-75b4e35081c7,3754099,2,78,2,4682,1,Converted Turnover,Crystal Palace,85.9
d14369d5-a5f1-4f0a-9b46-0a3140364e08,3754100,2,65,14,3914,-1,Final Third Dribble,Newcastle United,106.5
32cad366-c026-4e2a-a936-76dc0221c411,3754100,2,73,13,4393,-1,Converted Turnover,Newcastle United,98.5
a6eb08a0-8632-4c3d-9cd8-7062262413e5,3754102,1,19,52,1192,-1,Crucial Goal,Norwich City,19.0
540fff16-25e7-43b3-86a6-cdc9f034472f,3754102,1,32,6,1926,1,Converted Turnover,Newcastle United,106.2
24697e6d-6c2e-4ec9-8b0e-c906af1ef10e,3754102,2,53,13,3193,-1,Converted Turnover,Norwich City,82.3
6f4a9412-d690-45f1-8392-c74e86b8e8c2,3754102,2,72,36,4356,-3,Converted Turnover,Norwich City,82.0
7b85170d-efcf-430b-bae0-13fbd2798c6d,3754103,1,14,41,881,0,Converted Turnover,Chelsea,91.6
9b859b0d-f1b6-4a92-a4d1-70937e266ed1,3754103,2,69,16,4156,0,Final Third Dribble,Chelsea,93.8
290f23af-7ed2-4413-9ce9-1bcacd7553f5,3754103,2,83,38,5018,0,Converted Turnover,Chelsea,85.1
6cd13bb0-1a41-464b-a2fd-e0a5be6892f8,3754104,1,27,15,1635,-1,Crucial Goal,Norwich City,27.0
07bcaa83-0ceb-4b09-8345-f0fdf0aa42d9,3754104,2,60,54,3654,0,Converted Turnover,Norwich City,89.2
2146a816-c847-450d-9554-18b8a306b38c,3754105,1,8,12,492,0,Converted Turnover,West Bromwich Albion,92.4
f8dec220-2983-4538-8da3-3b2c04beafe7,3754105,2,60,59,3659,1,Converted Turnover,West Bromwich Albion,91.2
8eb12787-bb62-4a26-a9d6-cac941891282,3754105,2,74,36,4476,-1,Crucial Goal,Everton,74.0
e4656992-dbf0-4830-807d-f5ca2fa816e1,3754106,1,12,56,776,0,Converted Turnover,Leicester City,112.0
74248228-ec10-4efb-be25-392da177e62a,3754106,1,31,4,1864,0,Final Third Dribble,Aston Villa,104.0
832161c9-dca7-405b-a6eb-b66df09ca70e,3754107,2,55,59,3359,-1,Converted Turnover,Aston Villa,91.0
8a9437ff-a355-4797-b056-a2d017423627,3754108,1,25,11,1511,-1,Let Off,Chelsea,0.32549846
07537cec-f8e2-45be-8fe3-4c0323038fb1,3754108,1,40,31,2431,-1,Crucial Goal,Sunderland,40.0
4038711f-0793-4d8e-a46e-f64afd806532,3754109,2,71,59,4319,-3,Converted Turnover,West Ham United,92.9
ffc3acc5-2af9-4de4-8f90-7654983f2157,3754109,2,80,29,4829,3,Converted Turnover,Tottenham Hotspur,105.3
241f1c5b-a70e-448c-8c78-a681fdaed8ff,3754109,2,86,7,5167,-4,Converted Turnover,West Ham United,89.9
6d341052-488b-419e-9b20-f700148fc5bd,3754111,1,14,13,853,0,Let Off,Arsenal,0.36865327
b452585b-73e1-4f62-87c3-acda0f94ca3f,3754111,1,22,15,1335,0,Crucial Goal,Chelsea,44.0
b5166fa5-38ef-4086-8f1f-1e5e5d5c4344,3754111,2,62,48,3768,-1,Converted Turnover,Arsenal,111.6
438d192d-1e22-4280-be0f-39eb5158fb15,3754112,1,14,4,844,0,Final Third Dribble,Southampton,106.8
43db7daf-c181-4956-8309-57a7978f5627,3754112,2,78,8,4688,-1,Crucial Goal,Southampton,78.0
2b487ae8-843b-4f04-a143-69497045f8fe,3754113,2,61,31,3691,-1,Final Third Dribble,Southampton,113.6
4dfa1dbc-d048-4c6a-9aa0-d85666c002cd,3754113,2,82,52,4972,0,Converted Turnover,Southampton,82.0
191b0d5b-30c4-4dbd-96ab-30f316fce625,3754113,2,91,14,5474,0,Converted Turnover,Southampton,108.3
602181a1-fbd4-4b8e-86e3-be1653b43cd6,3754114,1,6,47,407,0,Converted Turnover,Crystal Palace,93.2
3883aa61-bf0c-4cf5-b68b-612d05cef83c,3754114,2,58,47,3527,-1,Let Off,Chelsea,0.32925263
72e172aa-fe71-4a20-912e-9aeca82f3089,3754115,1,15,0,900,0,Final Third Dribble,Aston Villa,105.6
936efc8a-b6d6-47ba-b9ee-cdad3febfbc3,3754115,2,58,19,3499,2,Converted Turnover,Chelsea,87.7
0f132cd4-6de6-42da-bbf0-67eaaa86bfa9,3754116,1,16,43,1003,0,Converted Turnover,Swansea City,100.6
aa9abb8a-39ae-44d9-86b6-bb06140d06ef,3754116,2,59,8,3548,1,Converted Turnover,Swansea City,101.6
e78b5ec3-97f5-4e71-ae28-68a5c6162125,3754117,1,7,30,450,0,Crucial Goal,Arsenal,14.0
98546a3a-7491-4b0c-83b9-e818f9ea964b,3754117,1,30,13,1813,-1,Converted Turnover,Aston Villa,86.0
88021293-a303-4349-a1f0-21c1e9705aaa,3754117,1,40,47,2447,2,Converted Turnover,Arsenal,112.7
ba015be0-e83e-4c8d-bb95-5a150c551b9e,3754118,2,54,16,3256,-3,Converted Turnover,Watford,104.0
b90fa1ca-c24a-4230-b7b2-e4b565384012,3754118,2,69,19,4159,-3,Converted Turnover,Watford,107.0
47f6b616-1c95-41b9-9bb3-34171d05db45,3754119,1,18,14,1094,0,Let Off,Sunderland,0.8392974
3aa51a9a-6fb3-475b-bef7-7fb3a549bd9b,3754119,2,73,11,4391,-2,Converted Turnover,Newcastle United,99.0
1e332bc4-806a-48cc-9f4e-e7ec1f05d847,3754119,2,85,31,5131,2,Smash and Grab,Sunderland,0.4140127388535031
89194396-af96-4c4b-8f17-dbbdd5c47c3b,3754120,1,8,50,530,0,Crucial Goal,Southampton,16.0
e74fc4ef-8790-485d-b8f5-f241f4d755d3,3754120,1,40,45,2445,-1,Converted Turnover,West Ham United,85.0
39987bf2-1dfa-428e-965d-d01f97efad55,3754120,2,62,57,3777,1,Converted Turnover,Southampton,99.5
5da9bb66-2957-426a-95da-1cf858b6565d,3754121,1,30,17,1817,0,Converted Turnover,Watford,89.7
01b2275e-e1e8-4f68-bf0d-554b2a37e4fc,3754121,2,66,36,3996,0,Final Third Dribble,Watford,119.7
ec23933e-52da-4af2-885a-4d6bcaffa91d,3754121,2,79,36,4776,0,Final Third Dribble,AFC Bournemouth,84.0
8e292a85-2d04-4151-a8f9-42658c3f74ed,3754121,2,86,52,5212,0,Converted Turnover,AFC Bournemouth,110.6
c3da93fc-f95c-4108-ba9c-bb24b77aea50,3754122,1,7,49,469,0,Converted Turnover,Stoke City,110.3
f2f3aceb-c9ce-4b80-a15f-a025d5f4734e,3754122,1,14,3,843,0,Let Off,Stoke City,0.49459335
0a32083a-f94d-4d9b-9844-ce0b7903dfb6,3754122,1,19,18,1158,0,Converted Turnover,West Bromwich Albion,80.2
c60fa09e-3443-4103-960a-92034efae40d,3754122,2,80,26,4826,-1,Crucial Goal,Stoke City,80.0
b49e9bc1-6935-4e8b-9c9f-7478dd00ef45,3754123,1,38,8,2288,-1,Converted Turnover,Norwich City,99.2
448f7d30-cadf-4b07-9ab6-7cb9bbf41bec,3754123,2,74,23,4463,3,Final Third Dribble,Everton,101.7
255802ed-960d-4719-a69b-7f4ec294d03b,3754124,1,6,36,396,0,Converted Turnover,Manchester City,108.7
2ef88718-e3aa-4c10-9714-4c01a3c70987,3754124,2,63,11,3791,-1,Final Third Dribble,Manchester City,101.4
5d7724ab-e50b-478e-b855-4a3e5f0bff5c,3754124,2,69,4,4144,-1,Converted Turnover,Manchester City,92.3
c6a5f06f-ee1a-4fbb-8d45-6da026d75fcf,3754124,2,74,19,4459,-1,Final Third Dribble,Manchester City,98.9
8d7b16fb-842b-4035-bba5-9c884c8817ae,3754125,2,74,54,4494,0,Let Off,Everton,0.4791968
312b3095-f5e7-4f6c-92d5-517b170a7ac6,3754125,2,83,35,5015,0,Final Third Dribble,Chelsea,100.6
3f706719-dd2f-4251-b273-913b815668b8,3754126,2,53,20,3200,1,Converted Turnover,Arsenal,92.2
131563b3-37ef-447a-9d17-9426cb782bd6,3754127,1,30,16,1816,-2,Converted Turnover,Stoke City,94.8
bf35fd5b-54a7-456b-bfb6-4a65749cf07e,3754127,1,41,6,2466,2,Smash and Grab,Everton,0.44897959183673475
21e95907-8efe-4b82-8ba2-b646ba8aca48,3754127,2,76,37,4597,3,Let Off,Stoke City,0.50130856
01593073-523a-466d-a762-a6811031f2c7,3754129,1,6,43,403,0,Let Off,Liverpool,0.35746992
d88a4166-6db7-4fca-a45f-3880b3ebf2d7,3754129,1,13,32,812,0,Converted Turnover,Liverpool,97.1
f47bbe8d-9597-413c-894d-cc9366a977c0,3754129,1,23,52,1432,0,Final Third Dribble,Liverpool,86.1
fb9c16dc-ca3b-4e1d-b834-f5d74c19a4d9,3754129,1,38,12,2292,0,Let Off,Arsenal,0.49856853
ea8f2ac5-5376-49ff-8ef1-d8aa58109f06,3754129,2,63,32,3812,0,Converted Turnover,Arsenal,111.6
0178012c-3a95-4ecf-8800-1ae37f5995a8,3754129,2,84,0,5040,0,Converted Turnover,Arsenal,94.0
514027bc-7d4d-46bd-b59a-834516811cbd,3754130,1,7,45,465,0,Converted Turnover,Aston Villa,80.6
12c85155-be0c-4338-b258-ab7e89b0f9c8,3754130,1,23,30,1410,0,Crucial Goal,Norwich City,46.0
c9699e77-376e-4d1b-8bd1-10bb5e226486,3754130,2,78,49,4729,-1,Final Third Dribble,Aston Villa,111.9
93a84ac7-533a-4cb9-9b81-db12c32feb73,3754131,1,10,34,634,0,Crucial Goal,AFC Bournemouth,20.0
7a968f65-04ce-41cc-b2c8-2cf639346d30,3754131,2,81,38,4898,-2,Final Third Dribble,West Ham United,97.5
46e8d771-12c6-4ada-b11f-dd07831c28e2,3754132,2,74,39,4479,1,Converted Turnover,Stoke City,87.9
c06f3302-357c-475b-92db-b1305fbbffad,3754132,2,80,50,4850,-1,Converted Turnover,Sunderland,107.6
14fb89fd-0a5f-417a-89c4-6a534a6e0a90,3754133,1,15,28,928,0,Converted Turnover,Norwich City,104.4
10eb58f9-a59e-48a2-a575-00ea766a4685,3754133,2,72,32,4352,-1,Converted Turnover,Norwich City,87.9
7e37300e-65de-42f8-b109-5169ec017428,3754134,1,9,20,560,0,Crucial Goal,West Ham United,18.0
a1aeb88e-0339-467d-a1bc-5773c9f9444f,3754134,1,26,10,1570,1,Converted Turnover,West Ham United,105.5
9360ffb2-3ab2-4f3c-8793-6d3fa37441b5,3754135,1,13,48,828,-1,Final Third Dribble,Manchester City,89.9
50cf8cc4-0030-4f11-aab8-9387c9228057,3754135,2,52,14,3134,2,Final Third Dribble,Stoke City,99.3
3abb213b-0aa0-4f8b-9b99-100cdc1aef7e,3754135,2,75,5,4505,-2,Converted Turnover,Manchester City,97.0
58b8f80c-6544-486c-8329-fdb52321a7ba,3754136,1,37,7,2227,0,Crucial Goal,Newcastle United,74.0
fd7a29a2-13b1-4088-bc25-d26d298bd2fc,3754136,2,60,37,3637,-1,Crucial Goal,Aston Villa,60.0
4543392e-ec28-4ea7-8bdb-1b4ee3d412cd,3754137,2,67,39,4059,0,Crucial Goal,Everton,134.0
88181756-9b62-417d-87ec-6c0f912254f3,3754138,1,29,58,1798,0,Let Off,Norwich City,0.58396196
b366976a-99a1-4fad-a59e-6d94eef40baf,3754138,1,37,58,2278,0,Crucial Goal,Crystal Palace,74.0
1ef08ded-2db1-4c0a-8bb3-df4c3fecf0fd,3754138,2,61,20,3680,-2,Converted Turnover,Norwich City,91.7
f00a0480-e4f1-4f0b-a770-5ffa192c2537,3754138,2,66,24,3984,-2,Converted Turnover,Norwich City,89.9
5031fb7d-443c-40bb-90a0-c2205c9e947c,3754139,1,9,21,561,0,Converted Turnover,Southampton,82.8
e632e328-5147-4463-9f18-c0eac0cc396d,3754139,2,50,14,3014,0,Converted Turnover,Southampton,111.5
1f94d629-bcf3-40f9-9c7a-d32fac60c20a,3754139,2,55,20,3320,0,Converted Turnover,Swansea City,92.2
3add0444-dea2-4e2a-a59b-1b791595c092,3754139,2,68,58,4138,0,Crucial Goal,Southampton,136.0
aa77198e-94f2-4f8a-b6a5-c86e94ec6e80,3754139,2,84,10,5050,-1,Converted Turnover,Swansea City,89.2
0c99e2b9-f35b-4643-a12f-3540b80e3751,3754140,1,32,41,1961,-1,Converted Turnover,Tottenham Hotspur,84.6
ef34e04a-ace6-4f5d-8fc8-7e5993c0c5b1,3754140,2,73,52,4432,0,Converted Turnover,Tottenham Hotspur,84.3
9b7505c6-b580-4157-9a3d-368cd1264abb,3754141,1,25,8,1508,0,Converted Turnover,Arsenal,98.0
5d2ae7fa-d723-4302-8d4e-28a9d7b84e5e,3754141,1,30,43,1843,0,Converted Turnover,Arsenal,98.6
66fd3320-7c17-4b6a-b837-934c7dbfa6ed,3754141,2,72,34,4354,-2,Converted Turnover,Arsenal,101.8
8c98baee-0877-452a-a519-379c3f853a15,3754141,2,80,47,4847,-2,Converted Turnover,Arsenal,109.3
ce8f4ae9-3363-4302-8d6e-b8223f50a19d,3754142,1,16,36,996,0,Converted Turnover,Manchester City,97.4
4e5bc5ff-0f3c-4b78-8654-af3c360f7440,3754142,2,72,39,4359,0,Converted Turnover,Manchester City,94.5
cde8e2d1-ba77-4854-a4c4-4514290eb7b7,3754143,1,20,45,1245,0,Let Off,Newcastle United,0.58307284
4204cf54-732b-4b50-8c7a-d0825dae3587,3754143,2,54,2,3242,0,Final Third Dribble,Newcastle United,97.1
47face0d-35d8-476d-8ae7-607c19bddadc,3754144,1,6,38,398,0,Crucial Goal,Manchester City,12.0
b530a6bd-7db8-4468-8f49-305dc1d4a5d1,3754144,1,24,39,1479,3,Final Third Dribble,Manchester City,87.5
96603df3-8d0b-4a03-98ab-fbf9d229ddd7,3754144,1,29,55,1795,-3,Let Off,Manchester City,0.5614745
798f38c3-d8df-4622-b5fa-8d00484a37a1,3754144,2,68,12,4092,-3,Converted Turnover,AFC Bournemouth,103.7
a03435a7-c92f-4254-84d9-d9673ef35751,3754144,2,75,34,4534,-3,Converted Turnover,AFC Bournemouth,101.8
bb30c5ac-5956-4111-b6f8-ccc663791c26,3754145,2,86,47,5207,-3,Final Third Dribble,West Bromwich Albion,88.2
799ab63b-2e4e-48b4-b556-71ffeb9eaf2b,3754146,1,17,41,1061,1,Final Third Dribble,Stoke City,91.4
44cf0e91-fc97-4f00-815b-072a83f06242,3754146,1,30,0,1800,-2,Converted Turnover,Leicester City,100.1
c1152211-2f44-4601-b6ee-e732f825d3b2,3754146,1,41,16,2476,-2,Converted Turnover,Leicester City,85.0
be72462b-bdd4-4981-83d4-161439a5065b,3754146,2,68,22,4102,-1,Crucial Goal,Leicester City,68.0
6cc5801d-4808-4e13-8360-936b57d72bf4,3754147,2,52,58,3178,0,Crucial Goal,Tottenham Hotspur,104.0
942403fe-f113-4e97-9625-8d0f029dbabf,3754147,2,60,12,3612,-1,Final Third Dribble,Manchester City,112.0
26020396-9c4b-4a00-a9dc-b22f747a225e,3754147,2,73,40,4420,-1,Crucial Goal,Manchester City,73.0
37a21338-c868-4639-9dae-9980689f3db3,3754148,1,18,30,1110,0,Final Third Dribble,Tottenham Hotspur,84.7
b1f2c2f8-1066-4623-af9b-cfe855e13040,3754148,1,25,8,1508,0,Let Off,Tottenham Hotspur,0.46183652
13b4bde0-6644-42c6-8022-dedcf269a8b7,3754148,2,66,8,3968,0,Converted Turnover,Tottenham Hotspur,96.2
58eac00f-25e2-44ed-98ad-cfadeb5b23e4,3754149,1,22,55,1375,1,Converted Turnover,Manchester City,83.6
10dcb4e3-ac38-4707-963b-3001e5503c94,3754149,2,53,15,3195,0,Final Third Dribble,Manchester City,104.5
85cc91ce-b1bf-41e0-bbf5-e2fa622e717e,3754149,2,62,29,3749,0,Converted Turnover,Manchester City,100.5
aa72acd2-66ba-4ae7-a72f-91ffc6ba4652,3754150,1,32,7,1927,0,Let Off,Sunderland,0.66085654
29fa4803-e24b-4ece-83a4-c5d9cafee94e,3754150,2,64,16,3856,0,Converted Turnover,Sunderland,103.9
2b86e3c1-d157-4c18-b36b-f81b867a5ec4,3754151,2,80,19,4819,-1,Converted Turnover,Norwich City,84.9
437cd24c-fd09-4e25-9e35-92430165277e,3754151,2,87,3,5223,-1,Converted Turnover,Norwich City,115.0
4e566c84-3d1d-4199-8a60-255097610b0f,3754152,2,65,18,3918,0,Crucial Goal,Leicester City,130.0
015ba944-46f6-4672-a448-c8f6d70e5105,3754153,1,12,0,720,0,Converted Turnover,Stoke City,90.3
51d49134-1538-4c59-8516-a80a5327a312,3754154,1,15,50,950,1,Converted Turnover,Liverpool,81.6
7d99958a-4e69-4a14-8d2a-b6dceee83d80,3754154,2,65,35,3935,-1,Crucial Goal,Newcastle United,65.0
0d5928fd-e402-40c4-8990-aa66db823a78,3754154,2,78,20,4700,0,Converted Turnover,Liverpool,95.1
29fa856d-c974-4c6b-ac80-35176bbf88da,3754155,1,39,1,2341,-1,Converted Turnover,West Bromwich Albion,110.4
dc68de31-b0eb-4b5d-beb7-49ccf12408fa,3754155,2,66,54,4014,-1,Converted Turnover,West Bromwich Albion,110.2
1cbba92a-298a-4d31-ae78-7f5bc2896fc6,3754155,2,76,18,4578,1,Converted Turnover,Watford,98.5
74bbbece-b8c8-4ed5-8a4a-34b26e645532,3754156,1,14,17,857,0,Converted Turnover,Leicester City,105.3
d085b3ca-999f-46e9-8e1c-f175f9ae6afe,3754156,1,37,11,2231,0,Final Third Dribble,Leicester City,96.2
bfef7235-4d63-4fc7-99ac-57d78f524458,3754156,2,58,19,3499,-1,Converted Turnover,Watford,85.6
b860443d-2436-408d-8ff9-c8bb1d4a23c9,3754156,2,76,30,4590,1,Final Third Dribble,Leicester City,106.4
10051ae7-e9e1-420d-bf1b-467e532cfa66,3754156,2,82,38,4958,1,Final Third Dribble,Leicester City,85.4
52efdd83-93ff-4def-89d9-263d42f7e93a,3754157,2,54,14,3254,-2,Converted Turnover,AFC Bournemouth,91.8
85c81a31-0781-49ec-9c81-a281070f3997,3754157,2,79,10,4750,-2,Converted Turnover,AFC Bournemouth,93.9
d96af42e-8ca0-4343-8e46-5ec9bbb49d99,3754157,2,86,11,5171,-1,Crucial Goal,AFC Bournemouth,86.0
18d02003-a5d5-4c8e-9f23-2e27be3371c9,3754158,1,24,16,1456,0,Crucial Goal,Swansea City,48.0
242ebca0-2497-4e66-9efb-220dbec7f3ce,3754158,1,30,6,1806,1,Smash and Grab,Swansea City,0.22580645161290325
a3befc2d-7b5e-4f44-b5b2-93452f36298b,3754159,1,36,48,2208,0,Converted Turnover,AFC Bournemouth,89.8
26523d46-3d7a-45ec-ab1d-56571cb8f1af,3754160,2,71,34,4294,-1,Converted Turnover,Sunderland,94.6
dc3f6238-66db-476e-8dac-74aec215511e,3754162,1,17,14,1034,-1,Converted Turnover,Manchester United,90.6
02b15213-e4c1-49ea-8caf-9fd1c0766f40,3754162,2,53,40,3220,0,Crucial Goal,AFC Bournemouth,106.0
e9b9f65d-46b0-4707-a1f9-5f868e8e85f3,3754163,2,58,55,3535,1,Final Third Dribble,Swansea City,94.1
3986fc3e-541d-40a2-90be-829023ea9227,3754163,2,64,11,3851,1,Converted Turnover,Swansea City,97.2
d5c483d4-6672-4f79-b723-dde8cee85733,3754163,2,87,35,5255,-1,Final Third Dribble,Everton,114.4
cb3e23f1-5b24-40c3-bbf6-266da7c3cfcb,3754164,1,25,51,1551,0,Converted Turnover,Southampton,94.1
977ab641-4d51-4e28-873c-0afaa06ce0be,3754164,2,50,38,3038,0,Converted Turnover,Sunderland,99.7
74c30926-fa3b-4742-abb6-393556785f68,3754164,2,57,14,3434,0,Converted Turnover,Sunderland,85.0
83ae417a-9766-4953-a68d-a3d8d9fbc7d4,3754165,2,55,3,3303,0,Final Third Dribble,Manchester United,105.5
b8dc41b2-6b05-4b20-a461-433280454bce,3754166,1,9,51,591,0,Final Third Dribble,Leicester City,102.2
79ddfba9-a472-460a-9512-8282772c9ef8,3754167,1,9,51,591,0,Final Third Dribble,Manchester City,91.7
a3c7bf9a-b1b8-448c-ba3a-63ca5dfc75ef,3754167,1,25,41,1541,0,Final Third Dribble,Manchester City,105.4
8740158f-5237-4c1f-9250-552e60f917a9,3754167,1,39,53,2393,0,Converted Turnover,Manchester City,117.2
2445e1d2-fbd6-413c-ada0-6809306883a6,3754168,1,35,35,2135,2,Final Third Dribble,Southampton,110.0
8aa2a8ac-9614-4888-b0ef-b985f2752703,3754168,2,65,39,3939,-2,Converted Turnover,West Bromwich Albion,99.5
3d34a87d-f870-4940-9ea9-318a6b8e5229,3754168,2,73,46,4426,-3,Converted Turnover,West Bromwich Albion,85.2
8dadf15c-81e4-4f99-9a91-4f6244e824d2,3754168,2,85,18,5118,-3,Converted Turnover,West Bromwich Albion,99.6
dd9a2155-f38a-4ef5-a39c-f4ba39339eb4,3754169,1,23,52,1432,2,Converted Turnover,AFC Bournemouth,110.4
91357bd4-769e-4547-a0dd-d4b2dd7af904,3754169,2,52,17,3137,-2,Final Third Dribble,Sunderland,118.3
e94961f6-dd21-42dd-8ccd-0d2875948eab,3754169,2,59,32,3572,-2,Converted Turnover,Sunderland,91.7
414585bb-5338-4953-b21d-336f772e59bf,3754169,2,85,1,5101,2,Converted Turnover,AFC Bournemouth,87.1
aacb6aea-6439-48e6-b750-e7e2d50c2f04,3754170,1,42,12,2532,0,Converted Turnover,Crystal Palace,93.3
c3df9bda-c887-4064-9c37-9954c3a626db,3754170,2,57,48,3468,0,Crucial Goal,Newcastle United,114.0
56547c9b-0334-4705-8b07-7ea4ec29ef74,3754170,2,67,19,4039,1,Final Third Dribble,Newcastle United,81.2
39d39a67-41ad-44a0-83bc-4087a20f58fd,3754170,2,84,25,5065,1,Converted Turnover,Newcastle United,117.0
2ee90c3e-a2bd-4fb7-bf43-80211c6904f7,3754171,1,5,12,312,0,Crucial Goal,Arsenal,10.0
1f23e9b1-a807-40dd-8f34-a7f784f45003,3754171,1,24,37,1477,3,Final Third Dribble,Arsenal,86.8
623315f8-3223-479e-bb0a-d307f57bd814,3754171,1,33,38,2018,3,Let Off,Manchester United,0.30145916
0748000b-6b15-4e4a-b34b-dd1f1834a9e7,3754171,2,67,44,4064,-3,Let Off,Arsenal,0.54113483
13135ff6-8930-4d1a-8a67-23f2d30d894c,3754172,1,12,28,748,0,Converted Turnover,Norwich City,88.8
0c4c32bd-e610-4935-822b-0a0cc6b2fa60,3754172,1,40,28,2428,0,Crucial Goal,Sunderland,80.0
2ece8af0-722e-47c0-8729-16694daedbc4,3754172,2,64,38,3878,-2,Converted Turnover,Norwich City,109.0
4ba6a916-47a0-40fe-a3f6-51d4b863d242,3754173,1,26,47,1607,0,Crucial Goal,Arsenal,52.0
08f8c215-4aed-4a7e-9407-6053f220bb1d,3754173,2,70,55,4255,2,Converted Turnover,Arsenal,98.6
64146faa-1317-4a30-9bb7-31d5db4ce45b,3754174,1,32,52,1972,0,Crucial Goal,Arsenal,64.0
eedd6158-9fb0-4ff9-a8a7-977bb4fb61a1,3754175,1,31,31,1891,0,Let Off,West Bromwich Albion,0.30968755
7ca03997-f867-4ad3-999e-6a6bd2a3725e,3754176,1,22,44,1364,0,Final Third Dribble,West Ham United,89.3
75e30bc1-8172-4c3f-98fc-c360a3cd6a16,3754176,1,32,26,1946,0,Let Off,West Ham United,0.30971512
6b42d1dc-4f04-44dc-82cb-a9255a73459f,3754176,1,40,29,2429,0,Crucial Goal,West Ham United,80.0
3f89444f-7111-43b8-9bd5-05d76d823f9a,3754177,1,11,56,716,0,Final Third Dribble,Newcastle United,100.1
5eccaa99-fb9e-4c45-8bb0-18b578ada393,3754177,2,79,57,4797,-2,Smash and Grab,Newcastle United,0.371069182389937
1ab3676b-4cb5-4ed1-af02-d6569bd68b0b,3754178,2,84,9,5049,1,Converted Turnover,Watford,91.9
8c940004-002c-4bcc-babd-16bfe4ee2ed5,3754179,1,15,30,930,0,Converted Turnover,Tottenham Hotspur,100.1
b501443e-2630-48ba-913f-df535a31ec03,3754179,1,20,49,1249,0,Converted Turnover,Crystal Palace,115.3
dc33dd09-87f3-45eb-907a-521c99c14a44,3754179,2,62,35,3755,-1,Crucial Goal,Tottenham Hotspur,62.0
53ad077c-a67d-4018-a5c9-7811f673c14f,3754179,2,69,8,4148,0,Converted Turnover,Crystal Palace,109.0
c58565fb-e726-4de2-8db9-5be93b2d73b3,3754180,1,40,58,2458,0,Converted Turnover,Swansea City,107.0
5998d36a-63e1-4f57-979c-12ddcf8dfa16,3754180,2,79,44,4784,0,Converted Turnover,Swansea City,104.8
64bb790b-9035-4aed-a7d5-051bcf410327,3754181,1,17,41,1061,0,Let Off,Crystal Palace,0.4010443
28d087e1-ba63-4949-ab83-83d9335d4d66,3754181,2,64,49,3889,-1,Converted Turnover,Crystal Palace,115.2
4e43c787-4d6f-45b6-8ca1-2641627ac636,3754181,2,81,52,4912,-1,Final Third Dribble,Crystal Palace,89.9
7e94e8cb-ae84-4379-a072-3855c53a0ead,3754182,1,30,39,1839,1,Let Off,Norwich City,0.55252
aab876b2-1455-4c5f-ae5f-1405fb09821c,3754182,1,38,41,2321,1,Converted Turnover,Everton,106.4
4343c986-83a8-4b94-b057-620cd51b8338,3754182,2,56,55,3415,0,Converted Turnover,Norwich City,99.1
601cb67b-135f-49ae-b998-06bd5ae7f5cd,3754183,1,27,37,1657,-1,Final Third Dribble,Watford,107.3
c3b224a5-e521-49fd-b778-5eea71427e29,3754183,2,87,12,5232,2,Converted Turnover,Southampton,106.9
00a71e05-953e-4404-bd0b-d548c51c40f7,3754184,1,31,40,1900,0,Converted Turnover,Arsenal,95.1
23fba866-10ce-4ede-a493-24f903aa4e3c,3754184,1,39,56,2396,0,Converted Turnover,Arsenal,92.0
4ff01c6b-39d7-49cb-afbb-158ca96a4920,3754184,2,78,53,4733,-1,Converted Turnover,Norwich City,110.8
5ffe3a0a-0ec1-45cc-a2e3-067a882ae116,3754185,1,10,43,643,0,Crucial Goal,Manchester United,20.0
4f5e8364-7342-4f8e-b621-5bdcf9c61091,3754185,1,20,19,1219,-1,Final Third Dribble,Watford,104.8
fbc923ce-bf60-4388-8fe6-1f467ff8c4ce,3754185,1,26,57,1617,1,Converted Turnover,Manchester United,101.7
22c0d328-866d-436b-936e-da9405d741e3,3754185,2,50,29,3029,1,Converted Turnover,Manchester United,90.3
fdf46e49-148c-4d18-8825-899a82ee89ff,3754185,2,69,59,4199,-1,Converted Turnover,Watford,107.3
b1545a06-cdb9-48e1-bcf1-76bd7e177915,3754185,2,86,18,5178,-1,Crucial Goal,Watford,86.0
31a0fec5-422c-4013-bbef-75271f261571,3754186,1,11,55,715,0,Converted Turnover,Leicester City,108.6
3abeb840-b83e-490c-b187-80cddc189224,3754187,1,21,41,1301,1,Converted Turnover,Tottenham Hotspur,104.2
913fe191-39c8-4b79-a6a8-1a0e0770d241,3754187,1,27,2,1622,-1,Final Third Dribble,Stoke City,93.4
d717e440-a750-40ec-a965-b4519f34ad68,3754187,1,33,51,2031,1,Converted Turnover,Tottenham Hotspur,88.0
96476e88-75af-442f-ace6-1741e8e9b06a,3754188,1,15,29,929,0,Converted Turnover,Tottenham Hotspur,98.5
1ad1aa2b-c232-4675-87b0-454cbcfdf6b9,3754188,1,26,56,1616,0,Converted Turnover,Tottenham Hotspur,109.1
598fc088-29f6-4d62-abae-99a98c1fa22f,3754189,1,8,10,490,0,Converted Turnover,Watford,102.8
9bf5ce29-d50c-4458-b594-1da820280612,3754189,1,26,50,1610,0,Final Third Dribble,Southampton,110.7
353ba1a7-c8e0-407d-abab-9f26688b3b8c,3754189,2,60,5,3605,0,Final Third Dribble,Southampton,99.5
7f415a21-4250-4e6c-9df6-63517d61a16e,3754190,1,37,32,2252,0,Converted Turnover,Aston Villa,102.5
92976b54-467f-46c5-a1fe-a0eeee990d39,3754190,2,70,34,4234,0,Crucial Goal,Crystal Palace,140.0
7ea0649c-0a4d-4f97-8f19-dab6370536b0,3754190,2,77,43,4663,0,Final Third Dribble,Crystal Palace,110.9
8251976f-c3cd-403b-ab2e-8c48e757d770,3754191,1,30,50,1850,0,Crucial Goal,Southampton,60.0
c239e5d9-9025-46d5-b9ad-78ea01a5973d,3754191,2,51,4,3064,-2,Converted Turnover,AFC Bournemouth,88.0
e5a62130-2001-4957-be1b-8ca5c3526768,3754191,2,73,15,4395,2,Converted Turnover,Southampton,99.7
da890be8-700c-4792-8974-03f717e10135,3754191,2,82,41,4961,-2,Converted Turnover,AFC Bournemouth,95.8
a85bf7f2-0170-4877-a935-175a4275d551,3754192,1,22,28,1348,0,Converted Turnover,West Bromwich Albion,116.1
8121b142-a8c1-41e3-9ef6-79c73f4410f2,3754192,1,27,42,1662,0,Final Third Dribble,West Ham United,97.7
3e78adb6-704e-4943-a604-40358566c457,3754192,2,55,55,3355,-2,Converted Turnover,West Bromwich Albion,103.6
570fa733-5563-423c-8024-d53fbc951cf3,3754193,1,16,4,964,2,Converted Turnover,Manchester City,105.6
27a252e2-cf82-40cf-8a93-81f5ebfb3e9c,3754193,1,21,16,1276,-2,Smash and Grab,AFC Bournemouth,0.3719806763285025
ba53904e-52ce-4a58-b07f-094528834bfb,3754193,1,28,14,1694,1,Final Third Dribble,Manchester City,105.9
772ec5bf-21e5-4384-9b9a-6662d2bda1e2,3754194,1,22,56,1376,0,Converted Turnover,West Ham United,100.7
6be3f798-3441-46f7-946f-2d37b8afb39d,3754194,1,29,39,1779,0,Crucial Goal,West Ham United,58.0
a43fceb9-d0af-4002-9672-da15ac150e28,3754195,1,39,51,2391,0,Converted Turnover,West Bromwich Albion,105.9
61915b34-cd98-443e-94cf-df749595d4f0,3754195,2,60,11,3611,0,Converted Turnover,Newcastle United,85.6
3066c5c6-7467-47a2-9f9a-94cb67e8f2d0,3754196,1,10,28,628,0,Crucial Goal,Southampton,20.0
1b25625a-8a41-4800-9600-5845a9cc4023,3754196,2,50,58,3058,-2,Converted Turnover,Stoke City,88.2
7e247fb3-d2f5-4f3e-b556-3b019427d755,3754197,1,14,26,866,0,Converted Turnover,Manchester City,93.5
47e607dc-3a5a-453c-a2d7-c166a15f70fe,3754197,1,31,51,1911,-1,Converted Turnover,Tottenham Hotspur,88.0
35651aef-78c5-4b47-b86a-023e7025b633,3754198,1,27,35,1655,0,Converted Turnover,Tottenham Hotspur,87.0
02124dfb-dc6b-446a-aa35-f7baaa8ea566,3754198,2,70,4,4204,0,Converted Turnover,Tottenham Hotspur,96.3
e386abaf-59d2-48e4-99cb-3b625b54cee5,3754199,1,33,40,2020,1,Converted Turnover,West Ham United,98.0
384f10f6-391a-452c-a999-f182902c69fd,3754199,2,87,53,5273,0,Crucial Goal,Stoke City,174.0
dee04cd0-e0a5-4466-aeb7-75c7b6c10652,3754200,1,19,2,1142,0,Converted Turnover,Manchester United,91.0
edbf307a-6a17-45f8-8c02-f248c1899a68,3754201,1,20,37,1237,0,Let Off,Southampton,0.53752637
244cf88d-8000-4ef2-a410-2d65f7e6b666,3754201,1,40,4,2404,0,Let Off,Arsenal,0.35775807
b5268891-001b-419a-9c53-762930255d9b,3754201,2,71,19,4279,0,Converted Turnover,Southampton,95.2
d4a3e0d0-ef97-40aa-b509-81ad0039f439,3754201,2,84,0,5040,0,Converted Turnover,Arsenal,114.7
f2d8d433-be96-47dd-b92b-5deeba224f58,3754202,1,34,22,2062,0,Converted Turnover,Stoke City,91.4
39772f51-3e19-4135-90ce-2f8854cbcf99,3754202,2,72,3,4323,0,Converted Turnover,Arsenal,101.9
58710766-a8bf-404f-98c1-98db765f3aac,3754203,2,54,18,3258,-2,Final Third Dribble,West Ham United,86.2
da3a2d05-f410-40a5-8291-74bbfa230317,3754203,2,61,4,3664,-1,Final Third Dribble,West Ham United,103.5
ef49e404-e132-4b2b-aa35-379c8fb298d5,3754204,1,24,1,1441,0,Final Third Dribble,Aston Villa,91.2
b7be0e86-5298-4378-89ef-32b3c31e53f1,3754204,2,75,55,4555,0,Final Third Dribble,Aston Villa,107.4
b5a12f71-ee03-4055-80d6-ec9766196c11,3754205,2,51,24,3084,0,Converted Turnover,Arsenal,97.1
fcb03a57-0d07-4160-8fd3-c4b36bd6e75b,3754205,2,65,43,3943,1,Converted Turnover,Arsenal,87.2
b4f6a287-e063-4327-b60d-78f36c1e6ba0,3754206,1,13,58,838,0,Crucial Goal,Manchester City,26.0
f3410648-d8a5-4108-b207-f709ce149668,3754206,2,51,11,3071,0,Converted Turnover,Manchester City,106.2
9b1a3a86-b31d-4bc6-b8af-ce0b24d4157a,3754208,1,22,29,1349,1,Converted Turnover,Liverpool,85.0
86f200ea-89db-4255-b770-deaba6f07080,3754209,2,61,14,3674,0,Final Third Dribble,Manchester United,104.8
9d4d07a0-7d03-42d3-87a1-0c689cc040aa,3754209,2,69,19,4159,0,Crucial Goal,Tottenham Hotspur,138.0
f0858c68-e4ba-4cb8-9f68-de1940086695,3754210,1,42,20,2540,0,Converted Turnover,Manchester United,101.1
3176da60-63f7-4857-9971-b9f2c7cd5e9f,3754210,2,65,29,3929,0,Converted Turnover,Norwich City,87.0
5972ffa0-3b46-4539-b0fb-4811e50a01e5,3754211,1,20,45,1245,0,Converted Turnover,Newcastle United,97.3
cca95def-a5f1-490c-be9a-d0f9982f34f9,3754211,2,65,51,3951,-2,Converted Turnover,Newcastle United,94.2
712bb86e-4db8-4401-95a1-f874dc4ca301,3754211,2,74,35,4475,2,Converted Turnover,Leicester City,94.3
12d7b35f-7235-43d6-8bdc-3e5f83be37c3,3754212,1,8,33,513,1,Final Third Dribble,Liverpool,102.6
005df7bc-389a-4b4a-ad2e-6b81c7aab715,3754212,1,19,51,1191,1,Converted Turnover,Liverpool,88.2
4fd5926c-4c4b-412b-8f23-b00481f01306,3754212,1,40,11,2411,-1,Converted Turnover,Aston Villa,87.2
a016bedf-f72c-4815-8d45-678d24336445,3754212,2,57,58,3478,1,Converted Turnover,Liverpool,96.0
3cf56afb-d0f5-4a25-8f2c-550ae089db25,3754213,1,10,14,614,0,Converted Turnover,Watford,92.7
2867e8a8-8849-4aa5-bf09-9f2514f641a4,3754213,1,16,48,1008,0,Converted Turnover,Watford,93.8
9e6cc7e8-0104-41f3-8865-01a5d71eb2e3,3754213,1,22,37,1357,0,Converted Turnover,Watford,99.0
c443e79a-a3cc-4628-943b-98f71cb438c9,3754213,2,69,28,4168,1,Converted Turnover,Watford,104.7
c526bf8d-7e21-4271-a611-eac0b86623b7,3754213,2,88,47,5327,-1,Converted Turnover,Swansea City,84.3
e41d52c4-8934-4a88-bc03-4d51c0973920,3754214,1,15,14,914,0,Crucial Goal,Liverpool,30.0
72b97acb-bb6e-4b9f-8ca1-37762350f64c,3754215,1,7,58,478,0,Converted Turnover,Tottenham Hotspur,85.3
314745f5-7bd2-4cc9-bf0c-5758919e77b8,3754215,1,14,28,868,0,Crucial Goal,Tottenham Hotspur,28.0
ef61ad0f-2afb-485e-a273-a5eda22c294c,3754215,1,38,6,2286,-1,Crucial Goal,West Bromwich Albion,38.0
ecc954d2-088b-4c39-b294-d84ddb914bc1,3754216,1,6,58,418,0,Converted Turnover,Liverpool,87.2
0a8643c5-55fb-4454-bf21-ea82f609f396,3754216,2,52,5,3125,2,Converted Turnover,Liverpool,81.7
2d944a01-9778-4c82-83b5-e0ec9d46dcbc,3754216,2,57,58,3478,2,Converted Turnover,Liverpool,99.3
14457aae-6b00-4d57-bb24-b05c5e4860d0,3754216,2,67,39,4059,-2,Final Third Dribble,AFC Bournemouth,106.3
bddee358-5a53-4965-812a-534f182c8c9e,3754217,1,23,23,1403,0,Final Third Dribble,Chelsea,93.3
5ae6cf10-8742-428c-be02-6a2ea2079436,3754217,1,31,34,1894,0,Let Off,Arsenal,0.40097466
a9494c8c-9355-42c5-a020-dcc392b465f0,3754217,2,52,11,3131,0,Crucial Goal,Chelsea,104.0
2a689b30-055b-4136-a7fc-607b76f5eb3f,3754217,2,76,58,4618,-1,Final Third Dribble,Arsenal,84.3
3076f1f1-d7ee-4bcd-92d5-f3b42c2b3398,3754218,1,14,19,859,0,Converted Turnover,Southampton,91.3
a4fbfb04-f511-4580-814c-c03e87e50f5c,3754218,1,21,1,1261,0,Converted Turnover,Crystal Palace,91.8
ddefd926-de25-417d-a060-36c9baaeb0a1,3754218,2,63,36,3816,1,Final Third Dribble,Crystal Palace,89.0
f5061615-13ee-4ca3-90b5-1076400ef85e,3754218,2,86,21,5181,1,Converted Turnover,Crystal Palace,95.8
0220e736-bd97-4d4a-849f-c53c3e95786f,3754219,1,37,46,2266,0,Converted Turnover,AFC Bournemouth,111.0
00972aad-8062-4c94-9767-c8997a5eff46,3754219,2,67,46,4066,1,Final Third Dribble,AFC Bournemouth,117.2
b6519c7c-e204-41fb-b273-5a55b38e1c9e,3754219,2,78,36,4716,-1,Crucial Goal,West Bromwich Albion,78.0
a60ed319-a342-4699-bb7c-c1585c77925a,3754220,1,32,58,1978,0,Converted Turnover,Liverpool,115.7
bc4f474b-3d1a-41de-b59f-3debdc372a4d,3754220,2,54,43,3283,-1,Final Third Dribble,Liverpool,104.9
f2731260-e877-49b7-bbde-f9d4eed4f407,3754220,2,59,57,3597,-1,Final Third Dribble,Liverpool,90.1
917dbdc5-723b-4588-9b1a-d2834e8abe6c,3754220,2,80,8,4808,0,Converted Turnover,Crystal Palace,84.9
66b4cf5a-9801-490b-ab06-2a9efc8369bb,3754220,2,86,47,5207,0,Converted Turnover,Liverpool,82.1
7e3d63a0-529f-46b4-a024-ca5ae6e56a39,3754221,1,35,34,2134,0,Final Third Dribble,Manchester United,85.1
f0369d47-3cc3-4320-8a2c-5280e0ff246d,3754222,1,11,10,670,0,Converted Turnover,Tottenham Hotspur,105.0
e96144dc-391b-49b9-9fe1-b4bdd72b4853,3754222,1,34,17,2057,0,Converted Turnover,Tottenham Hotspur,83.1
76d2a0e4-f161-4227-b9da-2e67a8e8f8ad,3754222,2,77,37,4657,1,Final Third Dribble,Tottenham Hotspur,104.7
2258c23e-04f9-4ac2-b331-f1ca95d0a3c5,3754223,2,62,20,3740,0,Converted Turnover,Crystal Palace,103.6
3617cb67-65c8-42e3-8658-56594666ac35,3754224,1,17,22,1042,0,Converted Turnover,Aston Villa,97.9
e3641f4e-d6ab-4167-bf5c-11f572f8c644,3754224,2,52,56,3176,0,Crucial Goal,Swansea City,104.0
6703de78-ce1c-46a5-a739-b5676c8683cd,3754224,2,58,31,3511,1,Converted Turnover,Swansea City,95.7
0df9f28f-29f6-402e-bd66-7fd6cb13be89,3754224,2,74,22,4462,-1,Converted Turnover,Aston Villa,99.3
aff5ab9e-6383-4707-8451-771325c31928,3754226,1,14,46,886,0,Converted Turnover,Sunderland,89.5
e0503ddf-7166-43af-a7c0-d322ba0b8ef8,3754226,2,53,31,3211,-1,Final Third Dribble,Sunderland,106.6
4d9ec519-9801-4769-a3a7-7cced95f5b7f,3754226,2,61,38,3698,1,Converted Turnover,Liverpool,106.6
6164bc93-a2bb-4bf4-a029-eab3226d1e4a,3754226,2,73,9,4389,1,Converted Turnover,Liverpool,85.4
a4bdb0b9-3701-4481-af2a-8718059b3c4d,3754227,1,17,56,1076,0,Crucial Goal,Leicester City,34.0
c0179b44-dce7-493a-abeb-c195558d3b86,3754227,2,61,38,3698,-1,Converted Turnover,West Ham United,89.7
4ffe90fe-e649-4fc0-8212-078917f22c9b,3754228,1,25,41,1541,1,Final Third Dribble,Leicester City,98.2
d0d3327c-e200-43dd-8cd0-fd5b7bb3b6bc,3754228,1,33,8,1988,2,Final Third Dribble,Leicester City,110.5
1ad89cec-8cbd-41c8-8437-0f3b2dd72478,3754230,1,28,39,1719,0,Converted Turnover,Liverpool,100.4
cd140595-f7b9-4532-af98-dfb7464173a5,3754230,2,85,27,5127,-1,Crucial Goal,Southampton,85.0
7056b3d1-2752-439b-a599-20397fb3659c,3754231,1,38,50,2330,0,Converted Turnover,West Bromwich Albion,107.4
33fea78a-d802-418e-bdd0-b5dc0da0de14,3754231,2,85,39,5139,0,Converted Turnover,Leicester City,97.4
9bde9405-aad0-4156-ad2b-3db1c2a44c5a,3754232,1,10,59,659,0,Final Third Dribble,Watford,104.0
59de8412-6671-4741-abd3-3195fefa8d0b,3754232,1,17,23,1043,0,Converted Turnover,Watford,81.1
3d3f8f8e-76fe-4cd3-9913-373b8dcf6343,3754232,1,36,56,2216,0,Converted Turnover,Watford,90.1
ae06e64a-91ef-4c2a-b1ed-4733c12731d5,3754232,2,53,53,3233,0,Final Third Dribble,Watford,105.3
2bfce001-c913-4a14-9e23-fdd443d53a40,3754233,2,87,46,5266,1,Converted Turnover,Manchester City,112.0
bb5b7fa5-0433-4d04-a3c2-1dabf5790316,3754235,1,16,42,1002,0,Crucial Goal,West Ham United,32.0
22da1bd3-44be-4243-9018-509346ff9004,3754235,1,23,50,1430,1,Converted Turnover,West Ham United,82.9
d5f551e2-36a0-4874-90df-2d8069a522ff,3754235,2,88,31,5311,0,Converted Turnover,West Ham United,111.7
5565499b-4414-4a59-ba8d-43095de5e8c8,3754236,1,37,57,2277,-3,Converted Turnover,Crystal Palace,86.7
6c0acb05-76ea-48b2-8e31-99fa6286198d,3754236,2,72,7,4327,-2,Converted Turnover,Crystal Palace,92.8
4acc0757-ff3e-4b3e-9194-4606285332a4,3754236,2,81,8,4868,-1,Converted Turnover,Crystal Palace,97.4
98808e73-7f6e-4e36-ae4c-c15624fb51a2,3754237,1,5,14,314,0,Converted Turnover,Sunderland,106.5
d6955257-a1ed-4b64-a351-58e16eadc888,3754237,1,10,17,617,0,Crucial Goal,Leicester City,20.0
7165ef8b-c176-42fa-9f78-28a3228e998e,3754237,2,50,50,3050,3,Final Third Dribble,Leicester City,116.2
3dab2e67-5cd0-4838-83d2-239a42fa5c06,3754237,2,65,22,3922,2,Converted Turnover,Leicester City,87.7
e58b85eb-523c-4472-a240-47a2eb2623df,3754237,2,86,18,5178,2,Converted Turnover,Leicester City,87.5
8a97f267-0c7c-4268-a0cb-f6970f8f74ba,3754238,1,34,31,2071,-1,Converted Turnover,AFC Bournemouth,96.6
e2be944d-940c-4745-af90-ac392c76aa70,3754238,2,68,13,4093,-1,Converted Turnover,AFC Bournemouth,99.0
1caa1fde-90fd-4197-9f9a-7bd4e2a48ed4,3754238,2,79,31,4771,-1,Final Third Dribble,AFC Bournemouth,93.9
06fc9cf7-ae12-4a97-9710-a08e721c5be1,3754239,1,6,49,409,0,Let Off,Manchester United,0.3176393
f8b4d8e4-8881-40d5-95fa-3210d1737c0b,3754239,1,34,33,2073,2,Converted Turnover,Manchester United,95.8
0777ba99-98dc-4da4-b3dd-85789ffa40ee,3754239,2,51,36,3096,-1,Converted Turnover,Arsenal,83.9
55ea1005-7e9f-4a50-9657-9c98cc7e64f7,3754239,2,60,14,3614,1,Converted Turnover,Manchester United,85.3
5d008326-a98a-4da1-ad7b-bdabf7affec1,3754241,1,17,14,1034,0,Crucial Goal,Arsenal,34.0
a0203e9f-534f-43c0-924d-978c11b33952,3754241,2,56,11,3371,1,Converted Turnover,West Ham United,95.5
bd8b01dd-049a-4fed-95cf-2b308bfecb39,3754242,2,53,13,3193,1,Converted Turnover,Chelsea,97.7
b17b12ca-39e6-4535-9ed2-608473fec448,3754242,2,75,2,4502,2,Final Third Dribble,Chelsea,116.6
1e946ba4-c75a-4799-9784-a51f79650c76,3754243,1,10,9,609,0,Converted Turnover,Norwich City,92.2
0d113905-1256-462d-bca4-15d1fb9a598e,3754243,2,65,41,3941,1,Converted Turnover,Norwich City,111.5
253bd391-d241-42cd-ac43-08c313fdd85d,3754244,1,19,52,1192,0,Final Third Dribble,West Ham United,84.2
99ef432c-9c03-4097-9402-b9415e19fe26,3754244,2,53,54,3234,0,Crucial Goal,Norwich City,106.0
456903b3-3072-40ee-89b5-1ec8ec032323,3754244,2,68,4,4084,-2,Converted Turnover,West Ham United,105.5
e9283581-b271-492b-a3a5-f759edbe06d0,3754244,2,83,18,4998,0,Final Third Dribble,West Ham United,102.1
2fca8667-3e92-4745-b672-fc48f614db32,3754245,1,10,42,642,0,Converted Turnover,Sunderland,98.0
e38935e3-bec0-414d-b8ef-6f160a7fbbdf,3754245,1,36,7,2167,0,Converted Turnover,West Bromwich Albion,99.7
fc09eb39-aa9b-400a-b6e8-47e33f0252bb,3754245,2,73,10,4390,-1,Final Third Dribble,Sunderland,94.2
691a0a88-7c28-431d-84ef-f4a1cd2ec173,3754245,2,86,28,5188,-1,Final Third Dribble,Sunderland,92.3
76a44efa-1799-41f8-b6d6-db729759fece,3754246,1,13,53,833,0,Converted Turnover,Watford,111.9
c637197c-460e-4ae6-86fc-8fd226248237,3754246,1,33,49,2029,0,Converted Turnover,Manchester City,87.6
a33b617c-bc5d-4e53-bbbf-e6e903b0365b,3754246,2,57,47,3467,2,Converted Turnover,Manchester City,94.2
ed10eb5f-cd33-49f3-8957-310c18a12226,3754246,2,72,26,4346,-2,Final Third Dribble,Watford,100.7
c39cf161-16ab-48e0-960d-d1cdd23ab23d,3754247,1,18,16,1096,-1,Converted Turnover,Southampton,81.0
4484d344-6e5b-477b-851f-25791b115e32,3754247,2,72,12,4332,1,Final Third Dribble,Stoke City,98.1
c89a309f-54f4-4daf-b310-761df246406c,3754248,1,39,15,2355,0,Final Third Dribble,AFC Bournemouth,100.1
721fd88e-249d-49db-bafb-0800769bc895,3754248,2,50,34,3034,0,Final Third Dribble,AFC Bournemouth,97.8
041242c7-4f1f-4b98-91da-36bb65e802ed,3754248,2,58,14,3494,0,Converted Turnover,Crystal Palace,102.3
fb46f7af-82a9-46b8-a305-6c4e0d3511fb,3754248,2,78,26,4706,0,Converted Turnover,AFC Bournemouth,105.7
5c1c73a5-4011-4131-b408-0f7c27f950f4,3754249,1,25,15,1515,0,Converted Turnover,Aston Villa,93.1
99add138-5fde-4c89-9f6b-e00054f2e2b0,3754249,2,61,57,3717,3,Converted Turnover,Manchester City,98.8
ffabe9b6-88c4-4b0b-b674-25751d440512,3754250,1,19,5,1145,0,Converted Turnover,Aston Villa,95.6
b8335b1a-183b-4d19-8790-00eb7a8a0b48,3754250,2,74,58,4498,-1,Crucial Goal,Aston Villa,74.0
821efac5-2728-499b-9136-5b9dba41a06c,3754251,1,9,17,557,0,Crucial Goal,West Ham United,18.0
56861f3e-b97c-4605-aaad-3ae6b5d29aca,3754251,1,16,34,994,1,Converted Turnover,West Ham United,101.3
c59cd0e3-a2c6-4671-9a0f-576953afd934,3754251,2,56,1,3361,-2,Converted Turnover,Liverpool,85.1
2d150774-a7cd-4224-b754-c208ecfef252,3754251,2,68,6,4086,2,Let Off,Liverpool,0.51543957
97c97fa2-c16d-40c6-904f-54c2614780ed,3754251,2,75,7,4507,-2,Final Third Dribble,Liverpool,117.9
915c3094-bab5-4758-a760-05c753140258,3754252,1,35,17,2117,1,Converted Turnover,Everton,84.4
5e74c7e2-8060-4441-9dcf-154935e1c596,3754252,1,40,59,2459,1,Converted Turnover,Everton,106.1
ca28d5d7-479b-485f-8307-e1e865885e0a,3754252,2,50,45,3045,1,Converted Turnover,Everton,106.2
2c85e6ab-1460-44bf-b234-8ddcec716711,3754252,2,78,44,4724,1,Final Third Dribble,Everton,88.5
8b0d8cb5-9c56-4866-9f18-35b97b7bff8b,3754253,1,5,53,353,0,Converted Turnover,Arsenal,85.9
4a6d686b-6577-42e5-babb-add529c581ca,3754253,1,35,41,2141,2,Converted Turnover,Arsenal,85.2
663fc111-1075-4916-9b65-4746bfa9bced,3754254,2,62,51,3771,0,Final Third Dribble,Manchester United,98.7
04fe1c82-8929-44b2-a69a-4a459dc4ba2b,3754255,1,9,39,579,0,Converted Turnover,Liverpool,87.4
7b9823d2-003c-4076-904d-bdc446bce10a,3754255,2,72,28,4348,0,Crucial Goal,West Bromwich Albion,144.0
add6bbc4-7fa9-406f-b77f-779186f9fb13,3754256,1,11,8,668,0,Final Third Dribble,Everton,91.2
b4ca7329-a2fd-4edb-a558-c05316d6c8bd,3754256,1,29,39,1779,-2,Let Off,Manchester United,0.3005838
2429cf27-15ad-4d3a-9b8a-663fd80ac1b7,3754256,1,40,16,2416,-2,Converted Turnover,Everton,91.3
549263db-bf63-4a99-9d5d-550f3d738fd9,3754256,2,61,12,3672,2,Smash and Grab,Manchester United,0.3866666666666667
0d806cf7-9cac-4d1e-b415-ff335ccd9b75,3754256,2,67,25,4045,-3,Final Third Dribble,Everton,103.5
70425a30-9b2d-4879-b290-12715997f62b,3754257,1,10,43,643,0,Converted Turnover,Crystal Palace,95.9
d657309d-d1a8-49dd-a9b4-8e87121787a7,3754257,1,31,38,1898,0,Converted Turnover,Manchester City,116.6
61b99541-8e85-46ac-84e2-c7bd71ed3dc6,3754257,2,62,20,3740,0,Converted Turnover,Manchester City,114.5
6c8088b6-e6f2-45a9-a9aa-5fe7c19b7bf0,3754258,1,13,37,817,0,Final Third Dribble,Aston Villa,90.1
6fba6daa-1e05-4014-a867-59f97865b35f,3754258,2,52,59,3179,0,Let Off,Aston Villa,0.4332308
932172da-988a-4df1-a5b1-2bc77bee4a3f,3754258,2,65,8,3908,0,Let Off,Aston Villa,0.6067129
bd911c2a-40d8-4749-bd6c-e4814f39b192,3754259,1,6,40,400,0,Converted Turnover,Swansea City,92.9
12114553-8b7c-448b-932d-bcab245fe71c,3754259,1,25,36,1536,0,Converted Turnover,West Ham United,80.3
0f56ae77-b37a-484e-bd6d-05f3fdf9d591,3754259,1,33,18,1998,0,Converted Turnover,West Ham United,87.5
dbc02fe7-f46a-4865-972e-e011ae63f478,3754259,2,57,11,3431,0,Converted Turnover,Swansea City,89.1
8df92392-7234-4d14-93ec-03748ed27fb8,3754259,2,62,12,3732,0,Converted Turnover,Swansea City,91.5
2fa079c0-bba7-4d58-8aa9-69b68ad750f1,3754259,2,69,30,4170,0,Converted Turnover,Swansea City,104.8
1d283065-8fb5-412b-9615-14cdb11c35a7,3754260,1,37,24,2244,1,Converted Turnover,Manchester City,106.2
c51a9255-af42-40c6-a970-7ce77f804bcc,3754260,2,58,3,3483,-2,Final Third Dribble,Crystal Palace,89.7
19729765-b37d-4e17-83e0-e84e10c8e081,3754260,2,67,57,4077,2,Smash and Grab,Manchester City,0.506726457399103
2d4216b5-1e78-40bc-be84-3df33360c074,3754261,1,23,31,1411,0,Converted Turnover,Leicester City,105.7
5e11eab0-ba75-4472-b334-67a86dc52628,3754261,2,54,39,3279,-1,Converted Turnover,Arsenal,92.2
f89d352e-e07f-4e96-9e7c-41250511413d,3754262,1,27,51,1671,0,Final Third Dribble,Aston Villa,110.8
5f135f24-26cf-4db7-ad47-a1e1ac3fb993,3754262,2,66,39,3999,1,Converted Turnover,AFC Bournemouth,99.1
4f397d30-785f-48bc-9696-18307b154d25,3754262,2,84,15,5055,-2,Smash and Grab,Aston Villa,0.3557046979865772
0b28caf6-c48c-4cf6-b7dd-2c83ec22252b,3754263,1,9,16,556,0,Converted Turnover,Leicester City,93.2
461d281f-7d6d-44c5-9b70-2ed6e6708a15,3754263,2,69,2,4142,-1,Final Third Dribble,Crystal Palace,107.7
4fde58bf-e51d-4b0b-b6d4-e31c4b519256,3754263,2,76,33,4593,-1,Final Third Dribble,Crystal Palace,92.8
b60e99e1-b26f-44cc-80d6-260f20d712e9,3754263,2,82,42,4962,-1,Converted Turnover,Crystal Palace,84.1
9afbf5c7-d46c-429d-8ad2-3e6dca28aa86,3754264,1,16,11,971,2,Smash and Grab,Chelsea,0.3707865168539326
1d9902fd-ed76-437e-a911-705e2fac9fcf,3754265,1,18,28,1108,0,Converted Turnover,Tottenham Hotspur,90.5
fa89d36d-256a-464b-aad8-023a854885cc,3754265,1,31,47,1907,0,Crucial Goal,Tottenham Hotspur,62.0
8ce9e805-7469-4ecb-837e-f6fb9d294c54,3754265,2,83,2,4982,0,Converted Turnover,Arsenal,98.2
35d968d0-3e69-4b4d-b9ee-076fb046fd2b,3754266,1,12,32,752,0,Let Off,Watford,0.31376508
cdee36c9-4a43-4751-ab80-0fb4458e9967,3754266,1,17,39,1059,0,Converted Turnover,Crystal Palace,92.5
a168d2dd-3dd0-452b-b1ab-f35f1e15b6bc,3754266,1,29,19,1759,0,Converted Turnover,Watford,117.3
1e2a1466-d998-4b9e-a43f-6170c3292405,3754266,2,70,32,4232,0,Crucial Goal,Crystal Palace,140.0
ce9c2dac-77d6-40c3-b908-b9d691cd3191,3754266,2,77,55,4675,1,Final Third Dribble,Crystal Palace,101.7
b5aa8a43-31a1-4910-b9c0-12f8d869911c,3754266,2,83,51,5031,1,Converted Turnover,Crystal Palace,99.6
3edfc6cc-5389-4321-b7a8-d8a7a615da80,3754267,1,13,28,808,0,Converted Turnover,West Bromwich Albion,91.1
12a2aaae-b0e5-4432-b472-6ae1452875f0,3754267,2,73,35,4415,0,Converted Turnover,Watford,93.2
f4d2166f-5ab8-4f2e-a5a5-10b0ce5e1da6,3754267,2,79,25,4765,0,Let Off,Watford,0.41949457
7f622809-86b6-42f4-88d8-60b5ba4cbff8,3754268,2,54,29,3269,0,Let Off,Everton,0.39097217
6b579cbe-1eb5-4792-b632-a11576ebf8dc,3754269,1,18,23,1103,-1,Converted Turnover,Swansea City,88.0
7b4ab1cb-dda1-4af4-9b04-5b6f9597ce74,3754269,2,57,14,3434,-1,Converted Turnover,Swansea City,98.0
b009cc90-cc93-4c04-8ee5-d29aead0e897,3754270,1,11,22,682,0,Converted Turnover,Stoke City,103.3
79d76788-337f-45b0-ad7c-f9654688b653,3754270,1,18,27,1107,0,Crucial Goal,Tottenham Hotspur,36.0
ec1899a6-4851-48e6-827a-ffea5bc430a2,3754270,2,69,10,4150,2,Converted Turnover,Tottenham Hotspur,112.9
28609d0a-be68-4c09-b678-67a5ebd331a8,3754270,2,82,10,4930,-1,Crucial Goal,Stoke City,82.0
fbf4e782-d263-4979-8121-cfd0f02b2952,3754271,1,22,7,1327,0,Converted Turnover,Watford,83.3
1d1496aa-f939-4d6f-94a5-5da7dea4cd90,3754271,1,34,35,2075,0,Final Third Dribble,Watford,110.7
61192c9e-201f-41e7-b374-deae41b8fe72,3754271,2,60,22,3622,-2,Final Third Dribble,Newcastle United,93.7
c8da892d-421d-49c6-b928-fae7c6ae753f,3754271,2,77,34,4654,1,Final Third Dribble,Watford,110.9
a6159a74-22dc-441b-9745-5fbddcd5c7ec,3754272,1,33,2,1982,1,Final Third Dribble,Stoke City,97.4
b84b9e12-1295-4c60-939f-7a04d597aa8e,3754272,1,39,49,2389,1,Converted Turnover,Stoke City,83.7
99b2f5af-8905-436f-a501-acf2ac78bfbe,3754272,2,78,44,4724,-1,Crucial Goal,Swansea City,78.0
f4ea9d25-150a-43e2-aa72-d7d573bb32eb,3754273,1,9,45,585,0,Converted Turnover,Watford,110.4
22a18dc3-b7a5-4fd8-a72c-196ac1c38ad0,3754273,1,23,53,1433,0,Final Third Dribble,Watford,92.2
a4e805a8-5492-4e27-9982-e13d23642433,3754274,2,65,20,3920,-2,Let Off,Stoke City,0.42984185
909e16a8-d6a1-49c9-8f50-541965ba8f48,3754274,2,90,23,5423,-2,Converted Turnover,AFC Bournemouth,116.0
c05d1dc5-b8f8-445d-96c2-f0eef3b5d4e1,3754275,1,7,55,475,0,Let Off,Liverpool,0.35564327
e6ca0369-21cc-4d94-b184-81318c6601f7,3754275,1,19,37,1177,0,Final Third Dribble,Liverpool,102.1
0a9cddaa-34ce-481e-bfc5-1e4cdda1921c,3754276,1,9,3,543,0,Converted Turnover,Tottenham Hotspur,80.8
ad48a9f4-3913-47d7-861e-e53920a436f8,3754276,1,16,46,1006,0,Converted Turnover,Tottenham Hotspur,86.2
b173e304-77aa-4f6d-b5f5-beaf7431f52d,3754276,2,61,28,3688,-1,Converted Turnover,Newcastle United,87.3
0f4b3ac5-3ce5-4350-aacb-ffc333f752de,3754276,2,81,58,4918,0,Final Third Dribble,Tottenham Hotspur,81.1
c360b08f-e449-42ee-b97b-f7fc48b0a725,3754277,1,12,49,769,0,Crucial Goal,Everton,24.0
dad8fab3-cb84-4391-8fbf-84186ff28759,3754277,1,24,11,1451,1,Converted Turnover,Everton,107.6
720fd25d-fa7f-426e-a91e-b49b18b416f5,3754277,2,55,43,3343,1,Smash and Grab,Everton,0.24390243902439024
a3ed191f-8ef4-469e-bf1d-87ec6cedc3eb,3754278,1,11,16,676,0,Converted Turnover,Watford,112.6
f8aefc03-81eb-40ca-aa0e-0f876543f81c,3754278,2,67,38,4058,0,Let Off,AFC Bournemouth,0.33469117
0c7551cd-9374-4277-85c2-a13712ca434f,3754279,1,8,23,503,0,Crucial Goal,Swansea City,16.0
c7a727a9-acc1-47ac-aba6-ed1718cd7cc1,3754279,1,27,26,1646,-1,Converted Turnover,West Bromwich Albion,104.4
f36dc674-9f88-431e-97f7-33062a059bad,3754279,2,50,56,3056,-1,Converted Turnover,West Bromwich Albion,108.3
eef2212c-cd4a-4e12-aaa9-9df23c89d1b7,3754279,2,72,14,4334,-1,Converted Turnover,West Bromwich Albion,98.8
71ebabbf-ca75-4e83-b8b6-318145701bf1,3754280,1,34,40,2080,1,Converted Turnover,Chelsea,110.6
292fc3e8-35c3-4c63-8903-c57ffa6e0825,3754280,2,52,34,3154,-2,Let Off,Chelsea,0.30842608
c58c5815-3313-4351-8ae5-c65ea3624db9,3754280,2,73,15,4395,-1,Converted Turnover,Norwich City,87.9
06488f5a-0b73-45ba-924f-d43bcde1ae6f,3754280,2,87,44,5264,-1,Converted Turnover,Norwich City,99.1
a52676b6-4e1e-4349-92c3-103c8c1893f7,3754281,1,7,16,436,0,Converted Turnover,Manchester United,83.1
505de741-6835-4d79-903d-2756d4d3b0b5,3754281,1,12,28,748,0,Converted Turnover,Manchester United,86.5
4c5da21e-52e0-4eb3-8c74-29350b66f22e,3754281,2,52,24,3144,0,Converted Turnover,Manchester United,84.5
39abafd6-a289-4f95-8912-a1bd4ded7ae6,3754281,2,60,2,3602,0,Crucial Goal,Manchester United,120.0
0d1d6c4b-8035-49f1-8c4c-f75e18365f64,3754281,2,85,3,5103,-1,Converted Turnover,Chelsea,98.5
29c42c77-f3b6-42a7-8ad0-720504873738,3754282,1,7,7,427,0,Converted Turnover,Aston Villa,107.5
fc544d2f-8ba2-469f-be25-49cb34c089b3,3754282,1,14,40,880,0,Crucial Goal,Southampton,28.0
460ddec4-5ffa-40d8-8476-4a4055db70c3,3754282,1,20,55,1255,-1,Converted Turnover,Aston Villa,91.0
5c41fc09-d872-4e6c-b43c-7d94d9de4426,3754282,1,29,48,1788,1,Converted Turnover,Southampton,111.0
12c3637b-40e5-44a7-aa7e-d9de0a4925f0,3754282,2,70,42,4242,1,Smash and Grab,Southampton,0.6000000000000001
14c6ed97-ab93-47ad-92c0-a4962bf96c83,3754283,1,16,21,981,0,Crucial Goal,Everton,32.0
e7c64fd4-30b8-456f-92ae-ca7b75a7de9b,3754284,1,32,31,1951,1,Converted Turnover,Arsenal,86.4
2c796675-135e-4869-a953-87c08ad1941e,3754284,2,67,2,4022,2,Converted Turnover,Arsenal,109.2
adf962fb-f460-4b9e-9fa2-266b426bee87,3754284,2,72,5,4325,-2,Let Off,Arsenal,0.41806892
dbf18318-24db-4668-8585-77b57559fdcf,3754284,2,78,50,4730,-2,Converted Turnover,West Bromwich Albion,88.8
3923802b-a0da-42ae-afe8-fdaeea8233a3,3754285,1,17,10,1030,0,Converted Turnover,Aston Villa,116.7
97dfd20e-c1a9-4608-ae3b-2bce1c3e6672,3754286,1,29,57,1797,0,Crucial Goal,Watford,58.0
f9f8a5d9-78ae-4d96-aa65-fffe5028e36c,3754286,2,54,43,3283,1,Converted Turnover,Watford,115.6
7848d2bf-dec4-4ee6-9323-827fa08fc252,3754286,2,78,19,4699,1,Let Off,Norwich City,0.36011946
6c7a92c7-bb47-4253-ad37-c3b44ccf4e0b,3754287,1,17,38,1058,0,Converted Turnover,Watford,106.1
ce5fe8de-5f5b-45b9-8684-3e80e6f2842e,3754287,1,26,0,1560,0,Converted Turnover,Watford,83.6
96c6b592-d72c-40bc-9ba1-d7e9bd63a45d,3754287,1,31,50,1910,0,Crucial Goal,Chelsea,62.0
271e6081-f640-44cd-928a-64c62c34db9f,3754287,2,55,2,3302,0,Converted Turnover,Watford,100.7
830283f1-26f7-4f96-acf6-31175378061a,3754287,2,64,35,3875,-1,Crucial Goal,Chelsea,64.0
bac07ffd-0626-4abf-a437-2fd8147a2006,3754287,2,87,9,5229,0,Converted Turnover,Watford,89.0
4b33cc64-b852-45cf-8158-79e748b35efd,3754288,1,16,32,992,0,Crucial Goal,West Ham United,32.0
75b3df7d-1e43-4aa4-9b06-0f885eef8496,3754288,1,38,24,2304,1,Let Off,Chelsea,0.35501686
8eeffed9-0d80-4b0b-b6ba-c77e6ff940c7,3754288,2,55,27,3327,-1,Crucial Goal,Chelsea,55.0
fcb9c7ce-faea-479e-b1d3-fd1349113760,3754288,2,69,14,4154,0,Final Third Dribble,West Ham United,111.0
79f68533-c020-47d2-b28a-b8d7c00320bc,3754288,2,78,18,4698,0,Crucial Goal,West Ham United,156.0
934ee4c9-25b9-4937-ba0c-feaa7727c6ff,3754289,1,22,13,1333,0,Let Off,Watford,0.60810095
72364e16-395e-470f-bcc5-fdcfaa47bc93,3754289,2,67,44,4064,1,Final Third Dribble,Leicester City,98.6
c4eabb69-348c-477d-9b55-f52a758fd5f6,3754289,2,79,24,4764,-1,Let Off,Leicester City,0.38726464
cd04cc71-b81d-451f-9680-4890dd3201d1,3754290,2,56,3,3363,-2,Final Third Dribble,Manchester City,103.8
6ca9a865-792c-427b-a4c5-c5cf4697e0c6,3754290,2,75,30,4530,-3,Converted Turnover,Manchester City,92.0
2131277a-d31c-424d-aadd-69e0163d8070,3754292,1,31,36,1896,0,Crucial Goal,Newcastle United,62.0
e9969cc1-8acf-41e4-b6c4-bc85403e66ab,3754292,2,57,35,3455,-1,Converted Turnover,West Bromwich Albion,91.1
9b924c2f-0022-42d6-9e69-cd9aedd154d4,3754292,2,67,40,4060,1,Final Third Dribble,Newcastle United,97.8
6f9eff76-5e78-43ca-9fb2-fcf38628aff8,3754293,2,84,17,5057,-1,Final Third Dribble,Chelsea,109.7
00815f6c-4028-4a1e-a2cc-e7fe016669cd,3754294,1,11,12,672,0,Converted Turnover,Everton,91.2
d4945737-9326-4b91-bd29-b3a4c7cf0d8d,3754294,1,18,49,1129,0,Final Third Dribble,Everton,96.8
0d8e8990-f2ae-4636-a199-6effb474fd70,3754294,2,59,2,3542,2,Converted Turnover,Liverpool,98.6
0253c33b-f37e-42aa-b471-5593e064d952,3754294,2,71,7,4267,3,Converted Turnover,Liverpool,110.6
949e21f3-c709-44d7-9385-8849cd843127,3754294,2,90,12,5412,4,Final Third Dribble,Liverpool,98.9
5d6e5f37-020b-4f2b-8964-b757ab73a765,3754295,2,82,36,4956,-1,Converted Turnover,Aston Villa,99.5
aaad7522-6d33-4fba-8c1a-b56a40b0351d,3754296,1,9,3,543,0,Converted Turnover,Manchester City,88.0
839244fd-93a2-49ff-bf75-4751447832dd,3754296,1,32,43,1963,0,Crucial Goal,Arsenal,64.0
09e1c945-b7f4-4819-a88f-973314212aab,3754296,2,51,22,3082,-2,Converted Turnover,Manchester City,89.2
699bb3fc-820e-4549-9b37-09b3e478df02,3754296,2,59,2,3542,2,Let Off,Manchester City,0.49588525
8d928a4e-eb66-4d1a-8a92-09fe4ee1c126,3754297,1,40,7,2407,0,Converted Turnover,Manchester United,80.8
19acd417-9692-4078-9ea5-9f0403fb5509,3754297,2,51,27,3087,0,Crucial Goal,Manchester United,102.0
e5331b33-1b06-4adf-bb1c-7b53047e9b77,3754298,1,17,20,1040,0,Converted Turnover,Swansea City,85.6
0e561cce-81ec-4b46-a651-eaefe2f567c4,3754298,2,61,3,3663,0,Final Third Dribble,Swansea City,115.7
303941fc-6f04-40fe-ae61-55ed5dc20763,3754298,2,71,2,4262,0,Converted Turnover,Everton,111.6
bbebf852-7ae5-496d-aeb1-d07331f0319b,3754299,2,53,2,3182,0,Crucial Goal,Manchester United,106.0
8cd7aca1-afca-468d-95f2-767e43c30934,3754300,1,30,31,1831,-1,Converted Turnover,Everton,102.9
d156bf3e-5a9a-49fc-ab8c-2a8ffb15890d,3754300,1,40,33,2433,1,Converted Turnover,Watford,108.3
89f6b185-a98d-464c-a610-46179895607f,3754300,2,55,5,3305,-1,Converted Turnover,Everton,95.8
f7a6a933-a6a8-416c-a2b0-cef7f89c7db7,3754300,2,66,9,3969,1,Converted Turnover,Watford,97.5
c0895fb7-a9c2-4414-aff5-4dfaf460153b,3754300,2,75,12,4512,-1,Crucial Goal,Everton,75.0
fc483229-5a65-4b1b-88a6-ada32b3d4156,3754301,1,27,11,1631,0,Crucial Goal,Arsenal,54.0
1be825f0-dd51-48f8-99a2-cd4e0b0ccc3f,3754301,1,34,41,2081,-1,Crucial Goal,West Bromwich Albion,34.0
626fa0ae-c513-44df-82c2-f726e6f6e5dd,3754301,2,58,24,3504,-1,Converted Turnover,Arsenal,92.8
320cc6e8-8f20-4cde-afa3-8659bc20e7b6,3754301,2,66,47,4007,-1,Final Third Dribble,Arsenal,97.1
3b61998c-5daa-4229-abe4-b1850df8088d,3754303,2,61,33,3693,0,Converted Turnover,Swansea City,95.7
5aefa203-0255-4cc8-b27d-ef872c99fb7d,3754304,1,28,20,1700,1,Final Third Dribble,Crystal Palace,98.2
1fed767c-5028-47eb-a8c4-fe3c58e1864a,3754304,1,40,9,2409,1,Final Third Dribble,Crystal Palace,98.5
da4b9e7c-92a3-4e48-8823-4531b7e4fac4,3754306,1,9,9,549,0,Converted Turnover,Aston Villa,95.5
590d39e4-995a-41f8-b0c0-f3a5637838a2,3754306,2,62,17,3737,2,Converted Turnover,Aston Villa,100.9
0bff95c5-1846-47a1-a8c9-aef4f63e8e42,3754307,1,34,7,2047,0,Crucial Goal,Manchester City,68.0
d0ae0c98-5f56-48ee-9aac-0aa0ed2299bd,3754307,2,66,33,3993,-3,Final Third Dribble,Stoke City,80.8
af667465-b74a-4189-b6f7-09d9a0851159,3754307,2,73,52,4432,3,Final Third Dribble,Manchester City,105.6
c212f416-ac24-4a83-88ff-79b5be77a9da,3754307,2,88,38,5318,-4,Converted Turnover,Stoke City,105.8
a5c44500-6b58-41f3-ba9c-3ad444fdcd32,3754308,1,17,2,1022,0,Final Third Dribble,Watford,96.3
0099aa45-ba87-4676-9880-9a869f51d1a2,3754308,1,22,31,1351,0,Converted Turnover,Watford,99.5
be2f4547-6049-48f5-a5eb-4315ba523b6b,3754308,2,60,12,3612,-1,Crucial Goal,Watford,60.0
9bcb4405-a3aa-4b28-a03c-3db2d0cada1f,3754308,2,87,5,5225,0,Converted Turnover,Watford,92.7
b5ea2f6d-0efc-4a31-b985-43f79d1b4f1c,3754309,1,12,30,750,0,Final Third Dribble,Southampton,98.7
43ff1089-cc69-4c59-979e-98896ae2323c,3754309,1,18,24,1104,0,Crucial Goal,Southampton,36.0
e8228bcf-0573-47ab-bc12-417997432288,3754309,1,28,26,1706,1,Converted Turnover,Southampton,108.7
897094d6-6750-4714-86df-5866305e9666,3754309,2,54,20,3260,1,Smash and Grab,Southampton,0.2962962962962963
b4c0ddfc-d883-42e6-8dbe-b7bf1c4657f8,3754309,2,68,21,4101,2,Smash and Grab,Southampton,0.24137931034482762
080b81db-a3b4-4c35-a48e-3b0e008894e9,3754309,2,73,54,4434,3,Converted Turnover,Southampton,85.8
0ffe60b7-c7b9-43ed-8029-45eed6f21447,3754310,1,10,29,629,1,Converted Turnover,Manchester United,84.8
36e7b9ea-eb95-4df1-9f9c-0ab8ea0a36f7,3754310,1,39,27,2367,1,Converted Turnover,Manchester United,97.4
cd1360d6-af0d-43b4-9975-25857e5fb3d0,3754310,2,53,37,3217,1,Converted Turnover,Manchester United,86.2
93fd4008-6673-4fe2-a8fc-515d4ffe2657,3754311,1,11,55,715,0,Converted Turnover,Norwich City,83.9
1fdcc363-0d9a-4af5-882e-9e46beee4ffb,3754312,1,34,22,2062,0,Converted Turnover,Arsenal,108.5
e4b39f1b-9108-4851-92ca-87d67e3338bd,3754313,1,5,11,311,0,Converted Turnover,Manchester City,114.2
68484bca-b324-44b9-897b-d30bcdb12db7,3754313,1,18,12,1092,0,Converted Turnover,Manchester City,85.1
0fe37713-8e97-482a-b0ff-87e90f33ef94,3754313,1,38,49,2329,0,Converted Turnover,Norwich City,86.1
7d7b9ff6-ca5b-4a74-81e8-4b146a017cce,3754313,2,87,13,5233,0,Converted Turnover,Manchester City,110.5
32e0afdc-60e8-4a99-9605-babed3049b50,3754314,1,15,4,904,0,Final Third Dribble,Manchester City,104.0
99849595-6ed0-4b5b-9823-f349e1e2e3d8,3754314,2,50,55,3055,0,Crucial Goal,Manchester City,100.0
28a46c03-ca60-4145-9cfd-7a93bae19c3a,3754315,2,63,35,3815,2,Converted Turnover,Norwich City,92.2
5ad4c47e-e324-44f8-9e13-cf3f6b490dbf,3754316,2,68,57,4137,1,Converted Turnover,Liverpool,98.7
05f28a88-4497-4efb-9f02-4a0fcdb35451,3754316,2,81,15,4875,-2,Smash and Grab,Sunderland,0.37804878048780477
804e26fb-6d70-4128-b061-33d522734e7a,3754317,1,33,30,2010,2,Final Third Dribble,Tottenham Hotspur,108.4
3d0c6ced-4aff-47dd-92c7-6a136d34d88b,3754317,1,39,43,2383,2,Converted Turnover,Tottenham Hotspur,85.9
d94900c9-304b-4341-89ca-1f33afce6208,3754318,1,5,10,310,0,Converted Turnover,Tottenham Hotspur,87.0
9036003b-ffdd-4a50-9b7d-df6ddaa11933,3754318,2,82,29,4949,0,Converted Turnover,Tottenham Hotspur,93.2
96b1c771-35a4-4377-9941-ad58f2e500e0,3754319,1,20,17,1217,0,Converted Turnover,Manchester United,95.4
f2750282-a995-47a0-87e6-e4e613f1faff,3754319,1,32,49,1969,0,Converted Turnover,Manchester United,105.3
5c6cadea-b38c-4f5d-93d1-650fa1af8c6f,3754319,2,57,8,3428,1,Final Third Dribble,Manchester United,109.9
9daba6b0-eea9-42de-8735-82f0cc853704,3754319,2,64,39,3879,1,Converted Turnover,Manchester United,104.1
5d97001a-e990-4ca0-8996-0c3615c2486a,3754320,1,19,4,1144,0,Let Off,Southampton,0.31483424
246fd48f-a214-4258-8008-2467c2bd76b6,3754320,2,75,48,4548,-3,Converted Turnover,Manchester City,104.2
f6e64a10-e5e1-41fb-8998-5d7b47a80c53,3754321,1,26,34,1594,0,Converted Turnover,Aston Villa,85.0
2e312ffd-64d1-48b2-bb04-04edb3845fac,3754321,2,62,28,3748,2,Let Off,Aston Villa,0.8104217
06103e77-c7e4-4752-8082-f57822a3ea3e,3754322,1,18,50,1130,0,Final Third Dribble,Chelsea,97.9
b768c093-309f-49a6-b92a-ff88c8d0bbf6,3754322,1,26,30,1590,0,Let Off,Chelsea,0.40350288
89be8ddc-db7e-45ab-8213-d6468fb44162,3754323,1,32,53,1973,-1,Crucial Goal,West Ham United,32.0
57a41f28-a271-44d7-93ca-223fe1f4f705,3754324,1,30,40,1840,-1,Final Third Dribble,Tottenham Hotspur,99.1
ee21e575-5037-4892-b63e-1776ad80f7ad,3754324,2,86,43,5203,1,Converted Turnover,Tottenham Hotspur,97.6
d87f6ad8-6ad3-4562-8b21-68dcc8f1d62b,3754325,1,34,17,2057,0,Final Third Dribble,Southampton,99.4
217a158f-de18-4b9a-acb7-56947853f7f0,3754325,2,86,36,5196,0,Converted Turnover,Southampton,109.8
6449b3c6-894b-490d-939d-3f8c150798b5,3754326,1,17,59,1079,0,Converted Turnover,Crystal Palace,83.1
b8bc9946-5374-42e3-83e2-5fc32f47dc54,3754326,2,62,0,3720,0,Converted Turnover,Swansea City,92.6
152d7ba1-4ae8-43da-9f79-d671b1fa68a3,3754326,2,73,23,4403,0,Converted Turnover,Crystal Palace,97.7
0a6633b7-c3f6-403d-ae9f-b2d601e72c9e,3754326,2,88,46,5326,0,Final Third Dribble,Crystal Palace,108.7
8cc5bced-dd57-4d8d-b396-202ef718425e,3754327,1,14,9,849,-1,Converted Turnover,Aston Villa,91.4
72657050-a8ec-4719-919c-a2fe2be729c8,3754327,1,23,51,1431,-1,Converted Turnover,Aston Villa,97.2
d94fc0cc-5377-4543-984c-c2c8573489eb,3754327,1,32,4,1924,2,Converted Turnover,Everton,117.7
9f209d77-5b8f-4a97-b9a9-48255c9f75dd,3754328,1,39,17,2357,1,Converted Turnover,Manchester City,93.5
ba2bb38a-804e-47f9-92bc-3e6201921d4e,3754328,2,77,15,4635,-1,Converted Turnover,Swansea City,98.3
185a07f1-c78b-4b46-844b-96bdc6c23c38,3754330,2,70,50,4250,1,Final Third Dribble,Stoke City,100.5
228ef345-a8ed-4e1d-8f9f-8ac5410c4ca7,3754331,1,34,53,2093,1,Converted Turnover,West Ham United,92.0
3e1b8400-27ed-4233-adf1-49f06a24b4fd,3754331,2,59,11,3551,-1,Final Third Dribble,Sunderland,104.8
0e41a718-2a92-4c7d-acc5-a1b872bd2a1b,3754332,1,33,30,2010,1,Converted Turnover,Tottenham Hotspur,92.9
d76a6539-c535-46a5-b728-954b8a113b85,3754332,2,81,47,4907,0,Final Third Dribble,West Bromwich Albion,102.1
af467069-aea2-4a39-8629-f1a08850637e,3754333,2,72,48,4368,1,Smash and Grab,Newcastle United,0.7257142857142858
32d08a97-63ab-40bb-bd16-ee6f697db828,3754333,2,77,59,4679,2,Final Third Dribble,Newcastle United,97.5
f84d5204-9f2c-4f63-8596-f4c617da3bc9,3754334,1,16,54,1014,0,Converted Turnover,Southampton,87.8
c03265ff-0d8d-47d8-b01d-b9ee4b4afe0d,3754334,1,23,17,1397,0,Final Third Dribble,Southampton,107.6
79258ed7-5490-4720-a084-76c738ea0d06,3754335,1,13,54,834,0,Final Third Dribble,Norwich City,90.1
43b45635-cf36-4e72-8a48-8ef6e59726c0,3754335,2,66,10,3970,-2,Converted Turnover,Norwich City,118.3
027d7df6-6380-4859-ac75-dc6c3d1f9aff,3754335,2,78,32,4712,-1,Final Third Dribble,Norwich City,92.6
cc9f9790-cb07-4384-95f1-7c0fa7c8534a,3754335,2,85,1,5101,-1,Converted Turnover,Norwich City,93.8
93c78b39-a3cd-4394-a392-f208cc7b8d0f,3754336,2,74,37,4477,1,Converted Turnover,Everton,105.9
5c32a1c8-f9c9-48ae-a63a-52b1aa17d45f,3754336,2,81,56,4916,1,Smash and Grab,Everton,0.3450292397660819
7682be4c-248b-4ea8-bfda-51fd31369f90,3754337,1,25,21,1521,0,Converted Turnover,Southampton,91.8
402802c7-2276-4aff-9114-c21a1a55a575,3754337,2,55,17,3317,1,Converted Turnover,Southampton,86.7
95f1a366-32f9-487e-8da4-2c0b96a588c0,3754337,2,66,26,3986,2,Final Third Dribble,Southampton,98.7
41d58623-0a8c-4f40-97b1-781dde9ee7fa,3754338,1,5,6,306,0,Crucial Goal,Newcastle United,10.0
ad7fb302-5bb1-4db6-82be-965dd72a880e,3754338,1,30,10,1810,2,Converted Turnover,Newcastle United,108.8
7163d560-11b5-4e9e-b675-6ad7278ce1e5,3754338,2,75,14,4514,1,Final Third Dribble,Newcastle United,108.6
726c75f5-3977-40c1-81f7-439a4a27afac,3754338,2,88,50,5330,1,Converted Turnover,Newcastle United,103.8
a979c976-77b1-46c3-a118-27816be24926,3754339,1,24,36,1476,0,Converted Turnover,Stoke City,87.9
aa1da7da-d426-431e-9224-e4f798a63dd3,3754339,2,64,28,3868,-1,Converted Turnover,AFC Bournemouth,85.0
d25e843b-c6c2-40d1-8438-d6aa95914e5f,3754340,2,54,51,3291,0,Final Third Dribble,West Bromwich Albion,104.8
5daea28d-5c6a-4e84-8322-abce4ec4079e,3754341,1,25,0,1500,0,Converted Turnover,Leicester City,85.2
46da0a50-a5dd-4d2f-bb73-9e03d0a49228,3754341,1,35,31,2131,0,Converted Turnover,Leicester City,103.6
2d1cc667-10ec-4bad-88fe-97ee7830fe06,3754341,1,41,49,2509,0,Crucial Goal,Leicester City,82.0
a98ea1ed-fa86-4278-98d1-c84b05ac9d12,3754341,2,79,46,4786,2,Final Third Dribble,Leicester City,89.5
98f07022-579d-4b07-8df4-70d1111c675e,3754342,1,9,29,569,0,Final Third Dribble,Watford,114.4
4396c0ee-889a-4166-aacc-1c56707bf3d3,3754342,2,71,11,4271,-1,Final Third Dribble,Watford,100.8
db483e1e-222f-4a4e-b1cd-38e211ade8e9,3754343,1,10,20,620,0,Converted Turnover,Liverpool,97.2
8a31db1f-fcfc-4e6d-a208-322b8d8ec25d,3754343,1,41,7,2467,0,Final Third Dribble,Leicester City,93.2
f5cabf7c-d427-46ca-9523-1d909c14f952,3754343,2,73,24,4404,-1,Converted Turnover,Leicester City,85.8
764c6aa8-b7be-49a3-9eb9-350d28b96bef,3754344,2,78,4,4684,2,Final Third Dribble,Swansea City,117.2
53f126df-9599-4e2d-bfcd-30b617ce1d2a,3754345,2,71,47,4307,0,Converted Turnover,Liverpool,95.4
0d099262-31ad-498a-a758-1394b2dbc26b,3754345,2,77,38,4658,0,Crucial Goal,Manchester United,154.0
2eed9cbf-809b-4bcb-a38b-c67bed16dd7e,3754346,1,12,30,750,0,Final Third Dribble,Watford,105.6
838bf61f-b655-4553-a778-7a92ba020a27,3754346,1,28,5,1685,0,Converted Turnover,Manchester City,109.6
d07b5b95-3175-41c2-b1f3-687f34d19707,3754346,1,39,27,2367,0,Converted Turnover,Watford,105.7
69e030e3-7a23-4025-9f3a-00bdb4a45e94,3754346,2,52,31,3151,0,Final Third Dribble,Manchester City,104.4
ca3735a3-0edc-44a5-b255-f086727ebdbd,3754347,2,79,54,4794,0,Final Third Dribble,Manchester United,108.7
1db25c47-7025-4628-909f-0bbc89ba49b7,3754348,1,17,48,1068,0,Crucial Goal,Liverpool,34.0
bb624b8c-ea8f-4921-b25d-ee0b8182b0bc,3754348,2,62,37,3757,-1,Crucial Goal,Liverpool,62.0
4dbcb966-440d-44a8-9baa-2d6f0ee902a2,3754349,1,14,54,894,1,Converted Turnover,West Ham United,98.0
1c5fbe43-3e0c-4936-80ea-2d9670ce09de,3754350,1,40,47,2447,-1,Converted Turnover,Everton,113.3
a3135aad-c224-4f3f-8330-7a2e6975146b,3754350,2,59,6,3546,-1,Converted Turnover,Everton,90.4
af664fa7-a3c0-4375-ae7b-2019a1f9fca6,3754350,2,71,59,4319,-1,Converted Turnover,Everton,94.9
ecb8c0dd-bdcc-447a-8aad-ad830de18140,3754351,1,31,34,1894,-1,Final Third Dribble,Liverpool,82.7
a7f4145e-6013-451d-991c-55ebd13e11c4,3754351,2,81,17,4877,0,Crucial Goal,Crystal Palace,162.0
29d3b9a3-3fe5-4c5e-8bfa-688077486707,3764661,2,71,3,4263,2,Converted Turnover,Barcelona,114.4
5807a90f-5767-4abb-a512-00c4f92cd503,3773369,1,41,22,2482,2,Converted Turnover,Barcelona,86.3
e975fb47-aa37-48a1-af7e-06fdc34a2c6f,3773369,2,56,30,3390,-2,Let Off,Barcelona,0.8665923
b7790542-b4ee-4083-a25a-778b976e5890,3773369,2,81,29,4889,-2,Converted Turnover,Huesca,107.8
7ceac4f2-f591-4503-b4db-1a761615f6b8,3773372,1,33,35,2015,0,Converted Turnover,Atlético Madrid,103.1
a046196b-599f-4ee7-93c0-d4ee17a56c4c,3773372,2,62,24,3744,0,Converted Turnover,Barcelona,92.5
9bdb28f3-6411-4f24-87db-5e395aedf72c,3773377,2,62,30,3750,1,Converted Turnover,Barcelona,108.2
04ba699f-5705-4f64-a531-578d4571a3cb,3773386,2,73,41,4421,0,Converted Turnover,Barcelona,91.6
957d4789-9090-4cf6-a63b-05cd2a72c210,3773387,1,16,21,981,0,Converted Turnover,Levante UD,100.1
0bbe714a-bbad-4f2c-ac06-53b7e44b63fa,3773387,2,52,20,3140,-2,Final Third Dribble,Levante UD,84.3
b9c7c6e1-d1b2-4803-91f9-eb0e7d7179f3,3773403,1,13,20,800,0,Final Third Dribble,Barcelona,92.6
15b4fdfe-3022-4730-a372-0c85d39d0604,3773403,1,19,28,1168,0,Crucial Goal,Barcelona,38.0
03d7e189-80db-42ec-bc32-b04f53482e0a,3773403,1,24,43,1483,1,Final Third Dribble,Barcelona,94.8
3da8a509-13c7-4a60-acd3-6d4817b96faf,3773403,2,56,34,3394,0,Converted Turnover,Barcelona,106.2
ba7f9357-4033-41d1-87a9-c08ebc365d68,3773403,2,73,57,4437,0,Crucial Goal,Barcelona,146.0
639bfec4-4cba-44ba-9488-959ebffd387b,3773415,1,17,40,1060,0,Final Third Dribble,Barcelona,103.5
0ae7f067-0d54-49a4-85aa-3b930cc75fe5,3773415,2,62,2,3722,1,Final Third Dribble,Barcelona,97.8
6c0b80f0-d5e1-4d86-b5aa-923d8f34c742,3773415,2,88,16,5296,-1,Crucial Goal,Cádiz,88.0
1b657585-b09d-42c2-b960-bbab4eeed967,3773457,1,6,54,414,0,Final Third Dribble,Barcelona,97.7
668ec42f-a9a3-4beb-bdcd-e06074e45abd,3773457,2,53,8,3188,0,Converted Turnover,Barcelona,109.6
a5a3c4cd-622d-48f8-a5bf-ca59a06985fc,3773457,2,60,18,3618,0,Let Off,Celta Vigo,0.5642073
1950ba48-b27f-4f84-897a-ce06598bfa7c,3773457,2,80,7,4807,0,Converted Turnover,Barcelona,100.2
92ee9ece-c627-44c4-bda7-7db1700b3124,3773457,2,88,28,5308,0,Crucial Goal,Celta Vigo,176.0
822714f8-c3ad-475e-9be9-be08c2a750ba,3773466,2,52,14,3134,-2,Converted Turnover,Celta Vigo,88.4
89b7162a-f9eb-48ac-9847-de02d01c0e44,3773474,1,8,27,507,0,Converted Turnover,Real Valladolid,116.3
9a48c0ba-7158-432f-b6ae-5478c1123097,3773474,1,23,33,1413,0,Converted Turnover,Real Valladolid,95.4
e47ad519-b896-4c21-91f8-784efcd7e898,3773474,2,65,45,3945,0,Final Third Dribble,Barcelona,82.9
c712f0b2-94a7-4d45-ba36-553f9624e253,3773474,2,73,52,4432,0,Converted Turnover,Barcelona,99.9
981e9fba-fa32-48b2-9d31-c6f72c6a5f7c,3773477,2,57,2,3422,1,Final Third Dribble,Barcelona,117.9
9e878fbe-c998-4db4-adda-d4110af646b6,3773523,1,10,45,645,0,Final Third Dribble,Real Sociedad,93.5
0430c1a8-4ff6-49d2-8dff-0ad619963a49,3773523,2,54,29,3269,1,Let Off,Real Sociedad,0.9197092
7da52b06-cac9-4611-a540-9274f05c8ab6,3773523,2,67,45,4065,-1,Converted Turnover,Real Sociedad,109.3
3a299c07-ea91-4321-a7c3-b86d0d7e0f94,3773523,2,83,48,5028,-1,Converted Turnover,Real Sociedad,101.4
8cb6fc06-dd82-4961-8990-924ec5f0cfc4,3773526,1,28,54,1734,0,Crucial Goal,Barcelona,56.0
e8a920c9-eab0-491f-9ec4-07e63777523c,3773526,2,61,57,3717,1,Let Off,Deportivo Alavés,0.44745404
89bffe2b-39fd-40e4-b870-761b6e00c6e7,3773526,2,74,42,4482,2,Converted Turnover,Barcelona,85.3
8417c8c7-6a6d-4123-87fd-a020babc41bf,3773547,1,22,55,1375,0,Let Off,Osasuna,0.5476993
2f621fab-b042-4f2f-a12c-3ffc3773dde3,3773547,2,58,46,3526,-3,Converted Turnover,Osasuna,104.8
7ea9edb8-dfb7-4179-8ed2-97f79b03d287,3773547,2,78,17,4697,-4,Final Third Dribble,Osasuna,106.5
4f1d0d52-a7fe-4e3a-a7d9-9cb2382d8a2d,3773552,1,6,46,406,0,Let Off,Huesca,0.54601175
66313323-729e-4af4-836b-32f0260e8e0c,3773552,1,12,40,760,0,Final Third Dribble,Barcelona,116.6
f6b05684-ff92-4669-a204-a478918fce06,3773552,1,20,47,1247,0,Let Off,Huesca,0.3090264
a9b88b28-8489-4183-bf60-20f21fd92c1b,3773552,1,37,23,2243,1,Converted Turnover,Barcelona,100.4
2b903290-ee71-4b82-bf95-8c54e2106c2a,3773552,2,76,12,4572,1,Final Third Dribble,Barcelona,92.3
3ad7834e-6bcd-47c9-8695-5f8a09aa19b1,3773552,2,87,3,5223,-1,Converted Turnover,Huesca,105.9
c0998c96-0c11-4bac-ab31-dc96579f9b01,3773565,1,16,44,1004,-1,Converted Turnover,Granada,86.0
2202dbcd-5363-48fd-a9f7-b6b6bf38745e,3773571,1,40,31,2431,2,Converted Turnover,Barcelona,94.9
83d15891-2f51-47eb-a0f3-d58e6a814c19,3773571,2,64,33,3873,2,Final Third Dribble,Barcelona,107.8
d3a1ec4e-074d-4011-9f6f-857cfd01142a,3773571,2,82,27,4947,-3,Converted Turnover,Real Valladolid,106.9
dd08bb4b-1c22-4d5e-914c-ee5f23215541,3773586,1,8,7,487,0,Converted Turnover,Barcelona,97.0
e58c3c97-915e-4fed-907e-9af5c2992117,3773586,1,35,25,2125,1,Let Off,Granada,0.34449932
f229e111-78d8-4194-92c5-e0b3db88d91c,3773587,1,17,46,1066,0,Converted Turnover,Getafe,93.5
d293a899-d636-48f0-a992-5ff8d6f3b587,3773587,2,55,54,3354,0,Crucial Goal,Getafe,110.0
264858bb-e976-4072-abdb-b6237f2c638f,3773587,2,88,28,5308,1,Let Off,Barcelona,0.3204304
6a06b8cd-da74-4bc6-a094-fec648bd3995,3773593,1,14,50,890,0,Crucial Goal,Barcelona,28.0
25a5714e-dc0d-48e0-802c-1ed3f0cf09ec,3773593,2,71,14,4274,4,Let Off,Villarreal,0.38601032
8c4b0151-5d78-4398-9213-ec180571bb92,3773593,2,85,45,5145,4,Converted Turnover,Barcelona,97.2
5155a068-dbe3-4091-88f3-5d29b7a6dfd1,3773597,1,23,17,1397,0,Converted Turnover,Real Sociedad,115.4
4f4c2c3c-6632-4724-bf81-35ad9b53469d,3773597,2,59,2,3542,4,Final Third Dribble,Barcelona,92.9
65f0d36e-4715-4560-9943-5b7a7ccfb7f9,3773597,2,85,54,5154,-4,Converted Turnover,Real Sociedad,91.1
32fa3517-5c27-4ebb-8a60-d332a705b436,3773625,1,28,23,1703,0,Crucial Goal,Barcelona,56.0
6c1330ff-3f4c-4818-9f32-b14e69732372,3773631,2,74,5,4445,-1,Crucial Goal,Real Betis,74.0
7763d5f6-910e-40ac-a689-8d7ac2d04a0e,3773656,1,34,9,2049,0,Final Third Dribble,Atlético Madrid,90.0
947a13f9-3e6f-40ee-bb15-bbedc379a178,3773656,2,58,9,3489,1,Converted Turnover,Atlético Madrid,115.5
958eab0b-800d-4e1a-bd70-12e892976925,3773656,2,87,58,5278,-1,Converted Turnover,Barcelona,92.8
5999fad9-e810-46db-b985-849877105380,3773660,1,11,48,708,0,Let Off,Barcelona,0.4531274
eda1573c-bfc7-4495-95ec-5550c762f280,3773660,1,38,52,2332,0,Converted Turnover,Barcelona,110.4
b0c85ec7-3d7b-45e5-8e47-d418cd8d23f4,3773660,2,61,31,3691,0,Converted Turnover,Barcelona,86.2
e7e074ff-307a-430a-a7b2-ead97550f219,3773660,2,75,30,4530,0,Crucial Goal,Barcelona,150.0
8c7755e3-f523-4840-a8f2-8026f360ddfe,3773661,2,68,31,4111,-2,Smash and Grab,Getafe,0.6000000000000001
6584ba2a-2914-4396-88f0-ce634fb47136,3773665,2,69,9,4149,-1,Converted Turnover,Osasuna,102.0
59f15ff2-221a-4f6d-8bf8-8dc7c6424911,3773689,2,62,5,3725,-1,Final Third Dribble,Villarreal,117.7
19d24aa1-6458-4ef8-991f-dad634d1b138,3773689,2,71,10,4270,1,Final Third Dribble,Barcelona,112.9
81fe3259-5499-4b70-a71c-330d34609c1b,3773695,1,11,54,714,0,Let Off,Valencia,0.37712702
f9b85dac-a282-49a8-a9c5-19f8ea312b87,3825562,1,29,45,1785,0,Converted Turnover,Málaga,107.0
ed570b1a-3bf9-47b8-9678-536139bf8f46,3825563,1,15,44,944,0,Crucial Goal,Atlético Madrid,30.0
43489215-4ffd-45b1-b971-352e5a1f7aa7,3825564,1,21,27,1287,0,Converted Turnover,RC Deportivo La Coruña,93.5
800c0d95-2321-458a-a2be-6534e632c849,3825565,1,7,45,465,-1,Converted Turnover,Getafe,89.2
526f552a-4426-4da8-ae5c-cb2efce1f5b9,3825565,1,37,1,2221,-1,Converted Turnover,Getafe,100.8
53288072-aa97-4a6d-83c4-18484767e87e,3825565,2,61,48,3708,-1,Converted Turnover,Getafe,92.3
2fb8ad35-2bf0-4f64-b78b-7bb486a4d2c2,3825566,1,5,56,356,0,Converted Turnover,Rayo Vallecano,106.2
5889735b-2f06-492d-9da8-bb93a150763d,3825566,1,18,11,1091,0,Let Off,Rayo Vallecano,0.3598923
dc9ae73b-e8aa-46c6-891e-0c0ea75c4eae,3825566,1,35,47,2147,0,Converted Turnover,Valencia,95.4
cc6bfae6-5a18-4fcb-b8b4-3b89aeebcfe7,3825567,1,18,49,1129,0,Converted Turnover,Real Madrid,81.9
91b6b2cb-e915-48c0-b0e8-1b42fd0b6ce7,3825567,2,68,50,4130,0,Final Third Dribble,Real Madrid,102.8
18f71a37-327e-4b07-a583-5550beaaa39a,3825568,1,9,34,574,0,Converted Turnover,Real Betis,106.2
a1c80afe-3b46-423f-93d6-c9fb28bfca5e,3825568,1,31,0,1860,0,Crucial Goal,Villarreal,62.0
c6f23213-ddcd-4421-86db-ac426f119ac5,3825568,2,50,56,3056,-1,Converted Turnover,Real Betis,97.9
a71c872d-8b7c-48cf-aa16-adcfd5c5dee6,3825569,2,54,42,3282,-1,Crucial Goal,Levante UD,54.0
e11feb0c-15ff-4d1f-a61e-f6fd8eb7a26b,3825569,2,76,38,4598,0,Crucial Goal,Celta Vigo,152.0
4b1b45ba-3629-4c0f-93a2-d4a5e55529a1,3825569,2,91,9,5469,-1,Final Third Dribble,Levante UD,98.4
70199f8b-1079-4af9-bcbd-142e40078b1b,3825570,1,36,35,2195,2,Converted Turnover,Eibar,104.8
8ea922fe-8435-491c-9e70-2e1db1ffb1d9,3825570,2,66,29,3989,1,Smash and Grab,Eibar,0.5476190476190477
652d8d5b-e97f-484a-8221-725e691ec91f,3825571,1,40,27,2427,-1,Converted Turnover,Villarreal,92.0
04c9317f-4b45-42ec-8e02-4081566eb0b1,3825571,2,66,26,3986,-1,Crucial Goal,Villarreal,66.0
9c6ce5c1-0bf4-405b-86d4-21c541aeb908,3825571,2,76,56,4616,0,Converted Turnover,Villarreal,84.9
0f02cbdf-46db-4767-99b8-b8131147ea9b,3825572,1,34,2,2042,1,Final Third Dribble,Real Madrid,102.0
9bacdfbf-2305-4fad-99ed-8bda7fc22b1b,3825572,2,58,38,3518,-4,Converted Turnover,Real Betis,81.2
58ebf7b2-695b-4b56-a277-d4adb1cf8cd1,3825572,2,77,17,4637,4,Converted Turnover,Real Madrid,94.9
ea333691-4b39-4b45-9966-91a5a8b7b9f2,3825573,1,14,1,841,0,Converted Turnover,Real Sociedad,92.0
05005559-36bf-4c55-8b78-e9aa49beb951,3825573,2,59,14,3554,0,Converted Turnover,Sporting Gijón,88.0
17714a0f-4637-43db-96bf-e3e525cb4ce3,3825573,2,64,22,3862,0,Converted Turnover,Real Sociedad,83.0
7779b5db-a981-4dca-8240-910e8ad07172,3825574,1,10,37,637,0,Crucial Goal,Celta Vigo,20.0
19395358-9a6b-4006-92f8-c1560c33707c,3825574,1,41,32,2492,1,Let Off,Rayo Vallecano,0.41842806
812b9e21-6c35-4a0c-b6d4-b83f497d094c,3825574,2,64,23,3863,2,Converted Turnover,Celta Vigo,107.7
0589aaae-6eaa-48c8-a6b5-2d8f56b0f9c8,3825575,1,13,53,833,0,Final Third Dribble,Levante UD,90.9
8b9cf5a4-f300-4c72-99ab-83818ed7be20,3825575,2,82,47,4967,0,Converted Turnover,Las Palmas,84.6
ac446531-db8d-45f7-a921-d8cf6eb79cb1,3825576,1,25,7,1507,0,Final Third Dribble,RC Deportivo La Coruña,88.5
830ef45d-f124-4bc8-8118-586d178d3094,3825576,2,58,40,3520,0,Final Third Dribble,Valencia,98.6
130ffb61-f94e-4100-84b0-23246670471f,3825577,2,74,3,4443,-2,Converted Turnover,Getafe,116.3
7f3a24ed-2f71-499b-8654-e1e23b2fbff9,3825578,1,33,5,1985,0,Crucial Goal,Eibar,66.0
c66f7e60-9cf8-4986-b55e-1764474eb8c4,3825578,2,65,33,3933,-2,Converted Turnover,Athletic Club,82.3
e4ea3458-268b-4b91-9eaf-a4526da1e64b,3825579,1,34,46,2086,0,Crucial Goal,Atlético Madrid,68.0
1db6123f-de02-4099-9699-88a476fca13e,3825579,2,52,14,3134,-1,Converted Turnover,Sevilla,115.3
d20c19d3-2ab8-47f8-a38a-d5f8f4f38a77,3825580,1,11,3,663,0,Crucial Goal,Sevilla,22.0
196714c8-8a48-41a0-88b4-1085a2ee4804,3825580,1,39,13,2353,1,Let Off,Levante UD,0.41734982
b42beaa3-b573-47dc-b141-9cb82a003a44,3825580,2,52,30,3150,-1,Converted Turnover,Levante UD,98.9
d5868651-901d-47f1-b9dd-82ed6ef519a8,3825580,2,70,13,4213,0,Converted Turnover,Levante UD,91.2
4becd609-4b6d-4939-a893-666a6b158a2c,3825581,1,6,43,403,0,Crucial Goal,Real Madrid,12.0
a4a33866-a5f6-42ea-9a91-2abc7faa9dff,3825581,1,24,49,1489,-3,Final Third Dribble,Espanyol,87.8
ac121bf7-7c6f-4b7f-a6bc-f99b7f7197d2,3825581,1,32,0,1920,4,Final Third Dribble,Real Madrid,88.6
e7807deb-54c9-4581-ab68-bbfc15953415,3825582,1,17,14,1034,0,Converted Turnover,Real Betis,114.0
acdb1001-2e6d-448e-bca8-f1a2f6063edb,3825582,2,50,44,3044,1,Converted Turnover,Real Betis,99.0
523bb8bc-1c27-462c-8433-04dbc69b2553,3825582,2,67,55,4075,-1,Converted Turnover,Real Sociedad,93.0
6d131480-eecf-4d32-af59-e2ef276f4b68,3825582,2,79,39,4779,-1,Converted Turnover,Real Sociedad,81.9
3274f6bd-6d67-4fee-873b-e512fcca8778,3825583,1,35,51,2151,0,Converted Turnover,Valencia,109.7
2ce01671-1433-4a56-84da-177158c65e19,3825584,2,67,8,4028,-2,Final Third Dribble,Granada,112.8
39bc253a-9472-4340-b532-fefc470f321e,3825586,1,15,10,910,0,Converted Turnover,Eibar,86.4
2e2b92ab-645a-4c2b-bb88-53926f54ca8c,3825587,1,5,14,314,0,Crucial Goal,Athletic Club,10.0
27c3661c-08f5-44c9-85d5-551af4882f5f,3825587,1,13,2,782,-1,Converted Turnover,Getafe,89.6
15386ca1-b4aa-4700-89e6-c636594d6529,3825587,1,36,52,2212,2,Converted Turnover,Athletic Club,103.8
3e973013-397d-4454-b5b2-ca3533d3b216,3825587,2,65,40,3940,-2,Converted Turnover,Getafe,109.8
c3dc2495-2138-4c10-8dd3-9d226cc583c7,3825587,2,73,17,4397,-1,Converted Turnover,Getafe,104.6
54e82ff5-ca16-4de9-aabb-2f66ef07d201,3825587,2,82,36,4956,1,Smash and Grab,Athletic Club,0.41520467836257313
c77f2f77-37fd-45f4-b219-ca5fdc46b8d8,3825588,2,60,0,3600,1,Smash and Grab,RC Deportivo La Coruña,0.2589641434262948
342842ed-b999-4205-bf77-179680b18147,3825588,2,76,9,4569,-2,Converted Turnover,Rayo Vallecano,90.8
a578999b-9c74-4419-806e-42fa00c9c48e,3825588,2,82,20,4940,2,Final Third Dribble,RC Deportivo La Coruña,91.8
f9b646cf-7f7b-4eaf-a83f-8201992aa0be,3825589,1,40,2,2402,1,Converted Turnover,Getafe,98.7
76a89b01-3fc1-4f47-a4f7-1a74f1bc6b7a,3825590,1,18,48,1128,0,Let Off,Granada,0.3628611
38987357-7f37-49b0-a20f-28488b8eb610,3825590,1,32,22,1942,0,Converted Turnover,Granada,82.4
9daf2fea-3cf6-4fc0-a94c-6bb58abbc2b8,3825591,1,32,46,1966,0,Converted Turnover,Valencia,101.2
a2717cd9-36ad-4461-b210-9a433083529e,3825592,1,9,18,558,0,Let Off,Espanyol,0.31637597
0d7ebd67-f6e0-45ad-aced-db7fc397a613,3825592,1,36,28,2188,-1,Converted Turnover,Espanyol,88.4
1e2c8cc6-d937-470d-9f55-d4c2e00bd01d,3825593,1,19,5,1145,0,Converted Turnover,Atlético Madrid,104.2
aad0a278-bbf8-4102-b890-26285b2ab69b,3825593,2,74,8,4448,-1,Converted Turnover,Eibar,84.7
35446c40-3ce8-43b6-8558-ce767cdb9fe2,3825593,2,81,28,4888,-2,Converted Turnover,Eibar,98.2
e0d661c6-7895-4c9a-a865-f11accc0d6d6,3825594,1,14,47,887,0,Crucial Goal,Celta Vigo,28.0
26fee4f4-ac1a-4e98-bb9f-9a3b8c4d77df,3825594,1,25,2,1502,1,Converted Turnover,Celta Vigo,112.0
4f9c49c8-d337-441a-ae30-53fab1e11cd0,3825594,1,38,16,2296,2,Converted Turnover,Celta Vigo,92.8
67628e3e-6ccd-4915-9567-a4eda2aafd63,3825594,2,68,11,4091,1,Converted Turnover,Celta Vigo,81.0
a2a94d6b-0c10-49cc-968a-7f60095118e0,3825595,1,26,19,1579,0,Converted Turnover,Athletic Club,104.9
c051b436-48df-4519-bb55-58f29c061292,3825595,2,53,50,3230,-1,Let Off,Villarreal,0.45452768
753316a4-d214-412f-8c6f-29403504dabc,3825595,2,79,4,4744,2,Final Third Dribble,Villarreal,93.5
d21b33be-309c-492e-9fd0-a3fb31933ecb,3825596,1,33,23,2003,0,Crucial Goal,Sporting Gijón,66.0
8d6acda0-8c47-473a-b17e-ae0bea6958ab,3825596,2,71,39,4299,-1,Converted Turnover,RC Deportivo La Coruña,105.5
a8a1fe89-8799-4260-b116-f7ceadb16bcb,3825597,1,6,19,379,0,Converted Turnover,Rayo Vallecano,83.4
55f7c1df-4ca2-4015-bf15-071be7e3eb98,3825597,1,16,27,987,0,Converted Turnover,Rayo Vallecano,91.5
de11f1ee-100a-471d-8876-b281ece9d5bf,3825597,1,28,42,1722,0,Let Off,Rayo Vallecano,0.3644877
2377eaa1-364c-426e-af5e-a562fed6beb9,3825597,1,33,48,2028,0,Converted Turnover,Las Palmas,82.7
364ac775-9314-4761-86e3-9ed732744265,3825598,1,13,48,828,1,Converted Turnover,Atlético Madrid,108.0
f66454e0-8cc1-4201-96e6-fb55588a5313,3825599,1,7,50,470,0,Converted Turnover,Valencia,84.1
2570da1a-d2be-439f-a6b5-acca8979538a,3825599,1,29,35,1775,1,Final Third Dribble,Espanyol,87.4
1f8bf87f-d02c-4d06-8d6d-0b91500d325c,3825599,2,77,52,4672,1,Final Third Dribble,Espanyol,103.2
ca96099d-c403-4f70-9713-84015210654c,3825600,1,38,0,2280,0,Converted Turnover,Villarreal,86.9
3482c454-3201-4aae-bf29-d375c9b6086d,3825600,2,83,4,4984,-1,Converted Turnover,Málaga,106.5
e309ce52-e902-48c9-a854-cdfaa9cac975,3825601,2,60,16,3616,-1,Final Third Dribble,Sporting Gijón,112.2
93866853-194f-4c9e-a1d5-cde3e8025e6e,3825602,2,50,20,3020,1,Converted Turnover,Real Madrid,118.8
7ba61650-a119-46de-b114-7d8e6dc893c9,3825602,2,61,55,3715,-1,Converted Turnover,Athletic Club,116.0
9bd21218-79b9-47f9-9029-3dd4b644412e,3825602,2,78,19,4699,-1,Let Off,Real Madrid,0.39943144
d23e13ee-66e8-4310-9292-db41b9670a86,3825603,1,31,4,1864,0,Converted Turnover,Real Betis,86.3
14ac3ee2-65e0-402b-a9d1-89c60250f470,3825603,1,38,59,2339,0,Final Third Dribble,RC Deportivo La Coruña,99.5
46a93bde-601a-427d-89fb-ab8b52ca5fe6,3825603,2,78,0,4680,-1,Converted Turnover,Real Betis,93.3
c2af0f78-4be5-436a-b49f-eeea279d0e7f,3825604,1,7,6,426,0,Converted Turnover,Granada,90.8
c6c1c214-65b5-4002-aa96-2626f31674b8,3825604,1,25,43,1543,0,Crucial Goal,Valencia,50.0
943c6210-7c10-43ea-8921-64554f807539,3825604,2,50,25,3025,-1,Converted Turnover,Granada,99.3
3f4cd60c-a92c-4cda-b0d8-a3ef7b6b6267,3825604,2,80,24,4824,-1,Converted Turnover,Granada,90.5
49b941e0-68d5-480e-87c7-b98a2070df77,3825605,1,6,17,377,0,Converted Turnover,Rayo Vallecano,83.1
6bc6f597-c771-4019-9482-e15a30e00863,3825605,1,38,59,2339,-1,Converted Turnover,Rayo Vallecano,86.3
0ad723b8-9574-42bc-a703-675223387850,3825605,2,54,59,3299,1,Let Off,Rayo Vallecano,0.30773392
3cf9c25d-1464-4240-ba17-541103d858be,3825605,2,85,21,5121,0,Crucial Goal,Sevilla,170.0
4e0303be-bb8a-44c6-a269-19426cdd2474,3825606,1,12,52,772,0,Final Third Dribble,Real Madrid,111.9
3e4390cd-8d53-4449-b52d-7c000601c50c,3825606,2,54,17,3257,0,Converted Turnover,Málaga,105.3
764a3481-2207-4f7b-8777-4748e1a4cc24,3825606,2,64,15,3855,0,Let Off,Málaga,0.31668738
6e1e34a1-3e34-4bb6-8e80-c699b9bdad5a,3825606,2,70,34,4234,0,Converted Turnover,Málaga,89.2
ca24b37d-54b8-4eb4-81fb-6322e968883f,3825608,1,25,22,1522,1,Converted Turnover,Eibar,94.8
0b8b8edb-2513-4a6e-bd15-25246e60e5fb,3825608,2,66,36,3996,1,Converted Turnover,Eibar,85.1
2df829d0-f023-4123-abf0-033575e7475e,3825609,1,11,49,709,0,Converted Turnover,Real Sociedad,101.7
0e525810-68ee-424d-9d93-f44de6d1d2f3,3825609,2,62,34,3754,0,Converted Turnover,Athletic Club,92.3
6cbaa0a8-b173-426d-b51b-8ead9cadaf5a,3825610,1,33,23,2003,-1,Converted Turnover,Real Betis,96.3
3d8644e7-285a-43f0-803e-92c81675aae5,3825610,2,56,43,3403,0,Crucial Goal,Real Betis,112.0
b075e581-d814-48cd-86d8-8631111dc273,3825610,2,70,54,4254,-1,Converted Turnover,Sporting Gijón,108.3
a45ca1c4-56ec-4b6c-aa25-ab73cee1920b,3825610,2,76,29,4589,-1,Converted Turnover,Sporting Gijón,103.3
6ad8fab2-888b-4a93-a793-80a6375ffce9,3825611,1,26,49,1609,1,Smash and Grab,RC Deportivo La Coruña,0.7481481481481482
5551d0de-39c2-4042-a71d-b9d2f8892656,3825611,1,40,49,2449,-2,Converted Turnover,Espanyol,94.4
32dc56d4-4ebb-4a03-98da-2644401de01f,3825612,1,11,34,694,0,Converted Turnover,Getafe,107.6
11362873-d86f-4a88-88cd-d0a8d687d684,3825613,1,10,49,649,0,Let Off,Celta Vigo,0.32650563
9ef5ce0f-cddf-444f-8740-f3085f899bf3,3825613,1,24,13,1453,0,Converted Turnover,Celta Vigo,106.2
b3262f61-0d97-4e97-ab74-7d79d6315ffb,3825613,2,82,46,4966,0,Let Off,Getafe,0.3768151
1d67661e-4ef4-4789-935b-5da868e099a7,3825614,1,24,53,1493,0,Crucial Goal,RC Deportivo La Coruña,48.0
bf152fcf-15aa-448d-b770-6e656e1bf9c2,3825614,2,78,3,4683,0,Final Third Dribble,RC Deportivo La Coruña,81.6
8c33c454-dacc-4ae4-b158-d4774d346ead,3825615,2,71,38,4298,0,Final Third Dribble,Espanyol,99.1
735cac11-e461-4ef5-94fc-8438560ccc78,3825616,1,20,10,1210,-1,Final Third Dribble,Real Sociedad,80.0
353ab78d-f054-4dc9-9777-be3dadd99c1f,3825616,1,34,14,2054,1,Let Off,Real Sociedad,0.49989572
d12fadf5-d4ac-4c82-81d6-2ebd4acfa560,3825616,2,74,41,4481,1,Converted Turnover,Málaga,102.9
44b66fc4-24ec-466d-b6a0-31a31e9ddc31,3825617,1,13,7,787,0,Final Third Dribble,Barcelona,85.4
1770608d-ea52-4c91-8e19-91c76d7b2091,3825617,1,20,22,1222,0,Final Third Dribble,Sevilla,110.6
ddf26531-22e4-4af4-bc2f-08e18b0721d5,3825617,1,30,2,1802,0,Converted Turnover,Sevilla,104.9
84e2d45d-2467-40b6-b925-16e8d126d82e,3825617,2,63,45,3825,-2,Converted Turnover,Barcelona,112.2
1d875801-a5cc-4520-8b23-da9db61c04f7,3825617,2,78,34,4714,-1,Let Off,Sevilla,0.52987605
6c05769e-d7df-469f-83fa-1f3762a4784b,3825617,2,83,35,5015,-1,Converted Turnover,Barcelona,88.9
07fb5aed-6ce6-4a8c-9366-b3a8b3cd8534,3825618,1,6,28,388,0,Crucial Goal,Eibar,12.0
e473ef3e-a139-41e4-a298-7bd7cf378382,3825618,2,61,2,3662,1,Converted Turnover,Eibar,84.5
aa61b5a6-ed79-42ac-baea-c6b5b1a92c10,3825619,1,26,55,1615,0,Converted Turnover,Levante UD,97.0
8d2f6f7e-3ec9-450c-9754-e5bfd2486d68,3825619,2,56,48,3408,0,Converted Turnover,Levante UD,87.3
e813ae77-02e8-41ac-afe7-70f0520162d2,3825619,2,69,34,4174,0,Converted Turnover,Levante UD,108.3
46621558-aeec-46ea-9e2f-bd2c7d51a5bf,3825619,2,74,40,4480,0,Final Third Dribble,Levante UD,100.4
24434591-bb03-4cc1-925d-0b8d8b442144,3825619,2,82,20,4940,0,Crucial Goal,Levante UD,164.0
37175774-49a8-4108-b500-a5546ccf60ab,3825620,1,19,23,1163,0,Crucial Goal,Real Betis,38.0
640d9e44-fd75-433d-a0be-b39fc9e42552,3825620,2,60,38,3638,1,Smash and Grab,Real Betis,0.26436781609195403
93aed268-0e60-4d60-a2a9-8b6430a5ea11,3825621,1,16,13,973,-1,Final Third Dribble,Atlético Madrid,86.5
a55242c8-92ce-4751-92b3-cdcd8714eb71,3825621,2,51,37,3097,-1,Converted Turnover,Atlético Madrid,102.5
9eba286a-e160-4d06-b856-1e83f71cf7b6,3825621,2,73,39,4419,-1,Converted Turnover,Atlético Madrid,94.4
a11a0f01-d24e-46bf-af07-eff09519e35a,3825622,1,19,55,1195,0,Crucial Goal,Valencia,38.0
5719fa7e-697e-4326-a2ec-4d6aa30ceac6,3825622,2,54,17,3257,0,Let Off,Valencia,0.38414127
002a524e-c53e-4fd0-8bc1-7a181b1fa623,3825622,2,59,32,3572,0,Crucial Goal,Athletic Club,118.0
8532c24d-4676-48da-b184-ad128944c9c9,3825623,1,20,49,1249,1,Converted Turnover,Valencia,98.6
43edcc44-ec8a-4aaa-9da3-f4c76aabd7c8,3825623,2,58,22,3502,2,Let Off,Málaga,0.46007296
b82ef14c-adaf-4e04-90e4-79b955c03f87,3825624,1,24,2,1442,-1,Converted Turnover,Sevilla,117.0
3c67338e-969d-44be-9992-8128504dd091,3825624,1,37,44,2264,1,Final Third Dribble,Eibar,80.1
443ad206-5caf-414c-b840-69a62a65292c,3825624,2,61,1,3661,-1,Converted Turnover,Sevilla,92.6
1a8a02b7-d678-411c-aaab-65b7f1036cdc,3825626,1,12,54,774,-1,Converted Turnover,Real Betis,83.2
f27189a4-92e1-4432-86aa-2824dab5e6bf,3825626,1,29,51,1791,-1,Converted Turnover,Real Betis,105.1
f6f9fd8f-b615-43bb-a281-89d1bb677f04,3825626,1,36,28,2188,-1,Converted Turnover,Real Betis,110.6
bf225efb-2603-40c0-925a-54a81bb15afa,3825626,2,55,44,3344,-3,Converted Turnover,Real Betis,98.4
bd17ef97-06fc-4e9f-bc6f-348807b28417,3825626,2,66,48,4008,-3,Final Third Dribble,Real Betis,92.0
43e84a51-2886-4b36-9e04-ec43603b33df,3825627,1,31,44,1904,0,Crucial Goal,Barcelona,62.0
8d5df650-d28d-4f2e-b83f-fb23c91fba07,3825627,1,39,50,2390,1,Converted Turnover,Barcelona,97.2
5ac98b01-b9d3-492c-ac1c-f4ac61d30358,3825628,1,34,7,2047,2,Let Off,Las Palmas,0.34257796
3094a3e5-0d49-49ea-84ea-3d9b1297fa96,3825628,2,67,21,4041,-2,Converted Turnover,Las Palmas,101.8
882c798b-b1b5-4943-9a2d-e6d9cf2f7b43,3825628,2,72,35,4355,-2,Converted Turnover,Las Palmas,99.0
763c68b2-dbd3-4bfc-9194-f0a02b5b4295,3825628,2,77,59,4679,2,Final Third Dribble,Getafe,109.8
f10239be-2243-4eee-aef6-07ee46915003,3825629,1,15,36,936,0,Converted Turnover,Villarreal,98.6
f00b60a8-8617-4425-a6d1-03ef65fbc97c,3825629,2,78,47,4727,0,Converted Turnover,Villarreal,86.1
4a9e65b6-9a05-4887-91ec-72f4037a31c8,3825629,2,84,18,5058,0,Converted Turnover,Villarreal,83.3
a5f0555d-451b-40a1-890f-e54d14426a0e,3825630,2,51,29,3089,-1,Converted Turnover,RC Deportivo La Coruña,82.8
3c58fd20-7644-4656-8491-3dee9569a7ca,3825630,2,62,1,3721,1,Smash and Grab,Athletic Club,0.27368421052631575
5072240f-0d0f-4abc-ad11-24dc06471c79,3825631,1,31,42,1902,-1,Final Third Dribble,Real Sociedad,87.4
633efe41-f3ff-48a7-aa99-b28b89ce4f93,3825632,1,7,34,454,0,Crucial Goal,Sporting Gijón,14.0
86e8282f-cdf1-41f8-9b9a-2825a2df9298,3825632,2,87,20,5240,-2,Final Third Dribble,Sporting Gijón,99.4
61ff8984-ac6a-4f53-8575-a342cd9e12ac,3825633,1,10,45,645,0,Final Third Dribble,Espanyol,84.5
f6471401-52d8-47fd-9266-dfab7eb200c8,3825633,1,35,9,2109,0,Crucial Goal,Rayo Vallecano,70.0
5c3a0671-d7e1-4c5a-9e3b-30944514e76a,3825634,1,11,28,688,1,Converted Turnover,Granada,105.9
09998d86-d6c9-45bb-88f9-6006beae0ce8,3825634,1,25,6,1506,1,Converted Turnover,Granada,93.6
5f28cd89-f0d5-4f2b-afcd-a1ea364a2b63,3825634,2,55,6,3306,0,Converted Turnover,Real Betis,106.5
7f8b0a35-fecd-4af4-9ec2-5880b16ed0f4,3825634,2,61,32,3692,0,Converted Turnover,Granada,86.2
9165e53c-e6e1-4311-ad61-b08da6f61e87,3825635,1,16,58,1018,-1,Converted Turnover,Celta Vigo,104.5
39814a2e-07b9-4c4e-bac0-7c8bf325fc5e,3825635,1,22,35,1355,1,Smash and Grab,Real Madrid,0.20634920634920628
959c2a8e-efb7-406d-aeec-722e13c3d7f3,3825635,2,85,24,5124,-1,Converted Turnover,Celta Vigo,90.5
dfd0d75b-98c2-4b3e-b36b-2e65526c9673,3825636,1,28,40,1720,0,Final Third Dribble,RC Deportivo La Coruña,103.1
39cfa2c4-85d8-4c2e-9b7a-e8eaa3667415,3825636,2,84,12,5052,1,Converted Turnover,Málaga,102.8
46352353-1775-42a8-bdca-a243a76f2ed3,3825637,1,9,10,550,0,Crucial Goal,Eibar,18.0
1f2ea405-9ad2-485d-ae02-d2555a493582,3825637,1,34,21,2061,0,Converted Turnover,Barcelona,86.3
32a13f37-fd24-45be-bbab-867390264748,3825638,1,10,57,657,0,Converted Turnover,Atlético Madrid,97.2
6c184eec-4534-49ac-b4e2-d00888cbe236,3825638,1,39,35,2375,1,Final Third Dribble,Atlético Madrid,93.1
ce3bd577-32bf-4428-9c4d-7749d551149d,3825638,2,67,31,4051,2,Converted Turnover,Atlético Madrid,112.1
ebd43825-651c-4b98-8a95-65630eda1696,3825638,2,76,31,4591,1,Converted Turnover,Atlético Madrid,110.6
5361adef-3241-4596-a8ec-e57fe453d8f8,3825639,1,8,26,506,0,Converted Turnover,Las Palmas,106.5
a973d802-96be-4d2f-a1af-df74cd2fcc7e,3825640,2,68,16,4096,-2,Converted Turnover,Levante UD,110.5
e4afa700-2275-4b2c-b240-138537a7f582,3825640,2,73,40,4420,-2,Converted Turnover,Levante UD,99.0
a64c844d-a091-455f-b26f-e7f4aa5adb69,3825641,1,18,33,1113,0,Converted Turnover,Athletic Club,98.8
9f6aff75-8d9c-4e68-9d5e-c60dc56f5176,3825641,1,37,54,2274,1,Converted Turnover,Athletic Club,82.3
d0dfcab1-4660-4b39-b4bf-1ce881ed9c77,3825642,1,12,22,742,0,Converted Turnover,Atlético Madrid,86.8
d8162cda-68c4-417e-b16a-02137499250a,3825643,1,12,47,767,1,Converted Turnover,Real Madrid,95.3
15160b73-6fb6-456f-8c2a-d168be606668,3825643,1,26,31,1591,2,Final Third Dribble,Real Madrid,95.0
9b3791c8-11d4-438b-9ecc-91f5af3007aa,3825644,1,36,42,2202,0,Crucial Goal,Real Sociedad,72.0
80e076e0-cc00-4128-91db-82a39e4d7c5d,3825644,2,55,10,3310,-1,Crucial Goal,Celta Vigo,55.0
a6c06767-af2a-4114-a454-cd76fd3ce06a,3825644,2,62,29,3749,0,Converted Turnover,Celta Vigo,106.1
bc20f03e-dfb2-481d-acff-2a6e694dad3f,3825644,2,88,37,5317,0,Crucial Goal,Celta Vigo,176.0
e88a1f33-7e64-4274-b62e-d0a612340de8,3825646,2,56,0,3360,1,Converted Turnover,Villarreal,90.6
57c923ed-f551-4d94-ab20-3a75e1bdb675,3825646,2,75,40,4540,-2,Final Third Dribble,Sevilla,95.3
5f5939bb-fe81-413d-9781-724c4e20155a,3825646,2,84,19,5059,-1,Converted Turnover,Sevilla,83.0
aa47a9ef-1ab4-4390-99de-c9250d0b77a9,3825647,2,52,34,3154,0,Converted Turnover,Valencia,97.4
f64f1ca7-670b-476a-aa50-92edc7928fe2,3825647,2,63,21,3801,0,Crucial Goal,Valencia,126.0
80095568-8e1a-4008-892f-e03e03824a70,3825647,2,71,19,4279,1,Converted Turnover,Valencia,94.5
994fca47-1887-4d05-82da-5104bf07a801,3825648,1,26,36,1596,1,Final Third Dribble,Eibar,116.6
8e25744f-ab9a-4539-92c9-1ee372c64470,3825649,2,63,13,3793,-1,Converted Turnover,Málaga,84.8
72144a14-351a-4343-a4a2-2fab6bd894d1,3825649,2,80,16,4816,1,Let Off,Málaga,0.3453728
b251826b-2db6-46d6-a2ed-65bd8cc07339,3825650,1,7,57,477,0,Crucial Goal,Athletic Club,14.0
ff99d648-f3af-4ae3-b693-cf6852feb2c5,3825650,1,18,18,1098,-1,Final Third Dribble,Real Betis,108.4
6f8c821a-eaee-4a8e-938c-8551d266cd55,3825651,1,19,48,1188,0,Final Third Dribble,Granada,87.4
bbf4b1bf-0be4-459c-863b-111045ea4f2b,3825651,1,33,44,2024,0,Converted Turnover,Espanyol,105.7
5f43d016-3c7c-47f4-80d8-8e2bf645ee92,3825651,2,57,58,3478,0,Crucial Goal,Granada,114.0
e4b356ef-bd8d-4287-a74c-c5dbac5ed2ed,3825651,2,81,38,4898,-1,Let Off,Granada,0.6938705
deae9d5c-ab95-42aa-b6a3-8a5eecac2698,3825652,1,27,39,1659,0,Crucial Goal,Las Palmas,54.0
776f1290-59ee-41cd-8287-53a4c315ee24,3825653,1,15,1,901,0,Crucial Goal,Eibar,30.0
a7d40309-ac1d-48a9-b28a-bb968da5e56e,3825653,2,74,26,4466,2,Converted Turnover,Eibar,85.9
378b416e-e599-4222-94fa-5b2d78bb3f91,3825653,2,88,40,5320,2,Final Third Dribble,Eibar,105.2
c6ca57d5-03a1-46da-ba09-492f2921a45a,3825654,1,12,5,725,0,Crucial Goal,Valencia,24.0
003ccdf9-980b-4f8b-9627-ea8285c8352c,3825654,1,23,28,1408,-1,Crucial Goal,Celta Vigo,23.0
2324a475-89a4-40c9-91d5-b12c54a40622,3825654,1,37,40,2260,0,Converted Turnover,Celta Vigo,99.7
673eb94d-a480-4c4c-a49a-f7586da799f5,3825654,2,78,23,4703,3,Smash and Grab,Valencia,0.20812182741116758
40aeb8e3-db1e-43ab-a369-652ed54d6a12,3825655,1,9,4,544,1,Converted Turnover,Rayo Vallecano,89.7
7b6ce365-8301-463a-8a21-a9137bb2cc31,3825655,2,71,23,4283,1,Final Third Dribble,Rayo Vallecano,118.1
b26c318e-6d5b-4c68-b3c7-77350b7f1273,3825656,1,7,1,421,0,Converted Turnover,Levante UD,88.6
bac2f8e0-e6cc-4263-ae83-d016b17c617a,3825656,1,21,57,1317,0,Crucial Goal,RC Deportivo La Coruña,42.0
34819414-88f6-441f-879c-0b4618f05a97,3825656,2,52,57,3177,-1,Crucial Goal,Levante UD,52.0
814c3a9d-cceb-4e2b-b4a8-b872b73588b1,3825656,2,79,18,4758,0,Let Off,Levante UD,0.31078902
9f7fb3ee-dbf1-4336-b0fc-fb76aed3c141,3825657,1,7,54,474,0,Converted Turnover,Málaga,80.8
39b1b91e-a1f4-45ee-845d-ce575ec31135,3825657,1,20,11,1211,0,Converted Turnover,Real Betis,93.4
7fa32c36-80fd-4792-95bf-0b7822d6aa96,3825658,1,9,9,549,0,Final Third Dribble,Atlético Madrid,98.0
2a8d5ead-a420-4be2-a384-980487400a57,3825658,1,20,13,1213,0,Converted Turnover,Atlético Madrid,97.5
306ad2e9-5373-479c-a9f4-9c18c98003aa,3825658,2,64,24,3864,0,Final Third Dribble,Atlético Madrid,94.0
7088eff1-228e-4bf0-aa19-ac1de3cdffb9,3825658,2,71,18,4278,0,Converted Turnover,Atlético Madrid,81.1
c7abd24b-32c8-4bbd-a9be-51c5aecaefba,3825659,1,7,48,468,0,Crucial Goal,Athletic Club,14.0
cc817b29-9437-4689-ba6c-2d6074f034d4,3825659,1,19,33,1173,-1,Final Third Dribble,Espanyol,110.0
a3fe3e5e-19d0-4cc1-b598-5fc2c331102e,3825659,1,31,50,1910,1,Converted Turnover,Athletic Club,83.9
0fcf1dce-f0b1-40a9-9826-4b7ce03babca,3825659,1,36,52,2212,1,Converted Turnover,Athletic Club,93.9
1713b478-b881-485d-b9cc-ec3cb29e3754,3825659,2,50,12,3012,-1,Crucial Goal,Espanyol,50.0
f96e38d7-4592-4747-aff1-096289327996,3825659,2,63,47,3827,0,Crucial Goal,Athletic Club,126.0
81b3b612-53f7-4cba-894e-a73d63b8525e,3825660,2,78,58,4738,2,Converted Turnover,Barcelona,83.0
eb9df312-6ef3-45ca-8d2b-bb6c4badca40,3825663,1,18,26,1106,-1,Converted Turnover,Málaga,91.8
3244f028-414a-4ef9-995a-4bc93754a40d,3825664,1,7,0,420,0,Converted Turnover,Real Sociedad,89.7
916caf9c-f887-4c9a-8059-4137ff65e5e0,3825664,1,31,15,1875,0,Final Third Dribble,Sevilla,92.9
ca5c07a3-e383-4366-bcd1-4aed957f7bf0,3825665,1,9,40,580,-1,Converted Turnover,Athletic Club,96.8
3ba747f0-200e-480c-a8b3-3c235332a15a,3825666,1,16,36,996,1,Converted Turnover,Atlético Madrid,100.7
5aa87c6c-0aa1-4c44-80ad-edc5f338e9e5,3825666,2,79,38,4778,-1,Final Third Dribble,Real Betis,87.6
e16c8ee4-ae42-42ec-8aad-2c33b28da75f,3825667,1,8,58,538,0,Let Off,Eibar,0.4328679
d38cb90a-5481-4832-9415-661d51c6d64b,3825667,1,17,2,1022,0,Let Off,Villarreal,0.5598453
1152c9e5-f101-4fd0-8524-70ded34eca95,3825667,1,26,4,1564,0,Crucial Goal,Eibar,52.0
252f59ef-7131-486f-b538-254b149cfdb7,3825667,1,37,27,2247,-1,Let Off,Eibar,0.3709975
c621c156-b467-45e0-94e5-5f9392ba144a,3825667,2,58,3,3483,1,Converted Turnover,Eibar,97.3
75f8987f-24af-4760-963a-6a264d953b87,3825667,2,66,30,3990,1,Converted Turnover,Eibar,95.2
0eab8256-953b-4233-86b8-9eb500dc66a1,3825668,1,31,51,1911,-2,Converted Turnover,Sporting Gijón,88.3
012164e9-2bf3-4957-8922-1fe7c40fd310,3825668,2,62,13,3733,-3,Let Off,Levante UD,0.30483893
ffc833cf-4264-4653-9315-35e5d1959b8a,3825668,2,86,23,5183,-3,Converted Turnover,Sporting Gijón,110.9
42216d86-ac03-4de8-bd62-00dc79e94e21,3825669,1,5,0,300,0,Converted Turnover,Rayo Vallecano,110.7
23e78be1-1744-4559-b6cb-2172e81e647a,3825669,1,29,23,1763,0,Converted Turnover,Getafe,111.3
5d07e7d1-3246-45b2-9d7e-3fa3871405bc,3825669,2,60,2,3602,1,Converted Turnover,Getafe,88.7
d7fa376a-eb0e-4ba9-a444-893be62236d5,3825670,1,16,17,977,1,Converted Turnover,Real Betis,100.8
97b5a73b-d14e-4043-b747-03672aebeed6,3825670,2,57,1,3421,1,Converted Turnover,Real Betis,91.4
41147887-2836-4d1f-9384-6ca524b4a54f,3825670,2,64,32,3872,1,Converted Turnover,Real Betis,97.2
ac3fa9ad-b2cf-4af5-8513-ea96be808923,3825671,1,14,51,891,0,Crucial Goal,Celta Vigo,28.0
ecb68f35-5268-41bd-90a3-82cf79d45116,3825671,2,74,27,4467,0,Converted Turnover,Sporting Gijón,85.4
6eec0c83-a8c7-475b-abf3-81ba7967f4f5,3825672,1,38,2,2282,0,Final Third Dribble,Granada,105.4
9842ac7c-ad1c-4955-9f4f-8f6903da6113,3825673,1,39,58,2398,-1,Final Third Dribble,Las Palmas,85.8
0e26b3d8-d753-4d67-ac56-e6c98adcd3f4,3825673,2,67,3,4023,1,Converted Turnover,RC Deportivo La Coruña,82.3
2b0833e5-a6ac-45a5-8981-cd6fc3d812f2,3825673,2,73,48,4428,1,Converted Turnover,RC Deportivo La Coruña,101.2
b3440718-14a4-4513-a969-8b0f974839ef,3825673,2,79,28,4768,1,Converted Turnover,RC Deportivo La Coruña,100.9
2a114e1b-c02f-43b3-8e90-a86e6dea7f15,3825674,2,78,34,4714,1,Converted Turnover,Atlético Madrid,110.2
a0180e83-69b9-4911-b264-d62824520656,3825675,2,79,18,4758,-3,Converted Turnover,Rayo Vallecano,86.6
42844167-0b00-4d11-95c2-a49013707ff5,3825676,1,9,18,558,0,Converted Turnover,Villarreal,97.3
7801b6dd-bef9-4cab-8b56-390cfac03e8a,3825676,1,20,5,1205,0,Crucial Goal,Getafe,40.0
e968022a-958f-4866-9520-661840378322,3825676,1,30,11,1811,1,Converted Turnover,Getafe,111.3
0097983a-542a-4cbe-808c-c866b54e39e8,3825677,1,37,2,2222,0,Converted Turnover,Sevilla,83.3
f5e5aa8a-f2fd-448e-ac2e-6a72085bdbfa,3825678,2,70,47,4247,1,Let Off,Eibar,0.30084023
22196389-dbad-4e0a-aeba-1573f2a15811,3825678,2,81,34,4894,1,Smash and Grab,Real Madrid,0.45695364238410585
c4ea33ce-233f-4b98-9b62-bc9b35086889,3825679,2,59,10,3550,-1,Converted Turnover,Real Betis,96.3
6d2a843d-aa9f-4cd3-afa0-1656cb73e8df,3825679,2,75,18,4518,-1,Final Third Dribble,Real Betis,100.1
d9249e2e-c5e8-4a94-884b-c84abff44114,3825679,2,81,51,4911,-1,Crucial Goal,Real Betis,81.0
a9696a20-8fdd-4c19-918a-a6772e4368e2,3825680,1,12,25,745,0,Let Off,Sevilla,0.5299197
f411ba28-a6dc-4beb-93d2-467cd77e6528,3825680,1,21,52,1312,0,Crucial Goal,RC Deportivo La Coruña,42.0
b35afb71-eef5-4b90-8aba-ff3f782eacea,3825680,1,29,29,1769,-1,Converted Turnover,Sevilla,101.7
57b03fe3-5020-42bf-869d-ef5fe6724480,3825680,2,75,55,4555,-1,Crucial Goal,Sevilla,75.0
6bf08c40-1d56-4f71-b37b-01e2326eb2a5,3825680,2,81,44,4904,0,Final Third Dribble,RC Deportivo La Coruña,97.0
1bfc8ee1-e280-40b3-a9ba-248f7349d045,3825681,2,69,31,4171,-4,Smash and Grab,Getafe,0.3248945147679325
a538dc51-558a-4f15-b69b-a2f02b483d21,3825682,1,9,58,598,0,Converted Turnover,Atlético Madrid,93.3
904e88bd-2dcf-4209-acad-52ab306ca61e,3825682,1,19,56,1196,0,Crucial Goal,Atlético Madrid,38.0
c6318a57-d831-43a9-8766-d86e245d47f7,3825682,1,32,45,1965,-1,Converted Turnover,Granada,94.6
e05f2d14-bba3-4bf3-bd10-4612b1319af7,3825682,2,64,44,3884,1,Final Third Dribble,Atlético Madrid,104.9
ce70c4d4-753a-4409-8c32-91e80c78fa15,3825682,2,72,56,4376,-1,Converted Turnover,Granada,90.5
8211e20d-b579-4987-9913-f8701d3ecee9,3825683,1,9,42,582,-1,Crucial Goal,Real Sociedad,9.0
f41cb82a-9032-4d21-834d-6ed45e30df21,3825683,2,53,55,3235,0,Let Off,Eibar,0.629348
b3726806-e21c-47aa-ae30-fef48e6af8ef,3825684,2,76,15,4575,0,Final Third Dribble,Rayo Vallecano,95.3
d8b09abe-5488-47ad-9a0e-724e081e2962,3825684,2,85,14,5114,0,Crucial Goal,Villarreal,170.0
a637cda2-a52a-4c0b-b501-c3df3fb01550,3825685,1,6,55,415,0,Final Third Dribble,Sporting Gijón,111.3
41d2c169-9fcb-4c01-99b4-281c7051b1a6,3825685,1,28,53,1733,1,Final Third Dribble,Sporting Gijón,104.9
c425ef1a-5c0c-483c-b614-d6bde5251dc5,3825685,2,51,20,3080,0,Converted Turnover,Las Palmas,90.8
ca626053-ae3c-4ebb-a287-c56a153ca66b,3825685,2,77,18,4638,0,Crucial Goal,Sporting Gijón,154.0
78cc928a-ef92-4acc-8aa7-6068b9716106,3825686,1,37,59,2279,0,Final Third Dribble,Athletic Club,99.2
74389bc5-90e7-4ee5-a2f1-e26ae2fee6e5,3825687,1,22,8,1328,1,Converted Turnover,Levante UD,102.1
95535f9f-65a5-405f-b162-982b2565271c,3825687,2,75,23,4523,0,Converted Turnover,Levante UD,100.3
ae6c3285-dee9-4f3f-9ed1-c17fbc3881d8,3825688,1,6,1,361,0,Converted Turnover,Real Sociedad,85.5
b174094e-af85-4ea2-b303-50c7414e88cd,3825688,2,67,0,4020,-1,Crucial Goal,Real Sociedad,67.0
fff10f0a-c61f-43ea-b183-79fcd6ced415,3825688,2,74,49,4489,0,Converted Turnover,Real Sociedad,106.5
6e8ba85e-0c83-4fef-9efe-5e632a95ebc3,3825689,1,36,21,2181,0,Converted Turnover,Celta Vigo,112.0
639db7e9-b49c-45cc-990f-b075460bfcb2,3825689,2,57,50,3470,-1,Converted Turnover,Espanyol,94.6
ed909306-455a-471e-8562-dd6412787fc8,3825689,2,75,21,4521,-1,Converted Turnover,Espanyol,105.7
02f6859a-ea21-4d8f-bbc2-d9b9dbb23f41,3825690,2,55,35,3335,0,Final Third Dribble,Las Palmas,88.4
5d6eb6d5-a275-4c11-b234-9fb442d74e48,3825691,2,60,9,3609,1,Final Third Dribble,Granada,90.3
055f6d6e-b6ac-4873-b685-8f3fb0cacb91,3825691,2,65,38,3938,-1,Crucial Goal,Levante UD,65.0
34eeb0bd-2264-47e3-a500-05b6d0fdf43e,3825692,1,26,47,1607,0,Converted Turnover,Sevilla,98.5
24c7e827-076c-40ab-941f-00394e0105d8,3825693,2,79,57,4797,1,Converted Turnover,Atlético Madrid,96.6
c6912a7c-01ab-4ff4-9f37-57dd4e38f04d,3825694,2,65,20,3920,1,Converted Turnover,Eibar,109.9
b5f4ae55-5854-44ad-9836-53a512266189,3825694,2,71,35,4295,1,Converted Turnover,Eibar,85.8
1d892716-3d6b-475c-8430-986c85f1f141,3825695,1,18,57,1137,-1,Final Third Dribble,Real Madrid,97.9
bcaa137b-4b5e-48a8-bca8-3d53323c09b0,3825695,1,35,39,2139,1,Converted Turnover,Villarreal,104.0
2b764f38-1010-4c2a-8378-2711f26d3398,3825695,2,57,39,3459,-1,Final Third Dribble,Real Madrid,110.8
ef5d6dc9-b707-4301-81b7-da37b4f34209,3825695,2,79,15,4755,-1,Final Third Dribble,Real Madrid,89.1
055afc10-3dc9-473a-a4a0-8d0b2880fddf,3825696,1,14,54,894,1,Converted Turnover,Rayo Vallecano,99.0
a660f44e-694b-4fdc-a068-74f34c021b38,3825696,1,36,51,2211,1,Converted Turnover,Rayo Vallecano,100.4
d274b6c5-b9a8-4e5c-8d02-db7849b695a3,3825696,2,58,51,3531,-1,Crucial Goal,Málaga,58.0
049db28d-7703-4528-8bd2-3b4fab1de4e2,3825696,2,86,23,5183,0,Crucial Goal,Málaga,172.0
70ebd24f-9cc8-4d44-9bc2-94eb758ea03c,3825697,2,50,17,3017,0,Converted Turnover,Getafe,92.9
c1430d47-8b6a-4e4e-97f6-7581fc3f40e1,3825697,2,58,18,3498,0,Converted Turnover,Valencia,114.5
31239d41-89f2-4a72-a34d-7a683c712ffb,3825698,2,78,20,4700,-2,Final Third Dribble,Eibar,103.5
f6d00599-ae17-4cd6-90ea-ed6952a8a9c1,3825699,1,10,28,628,0,Let Off,Real Betis,0.42417502
53143a8e-e4eb-4ade-a32e-914e7a1dc5b5,3825699,2,53,34,3214,0,Final Third Dribble,Real Betis,110.5
30c9e7ff-da02-4bf4-9cc0-b71c558ef3d9,3825699,2,65,38,3938,0,Converted Turnover,Real Betis,104.6
0af095b0-3951-4d84-b538-aea31d763adc,3825700,1,16,52,1012,-1,Converted Turnover,Real Madrid,105.9
116e34bb-235e-4da8-8d89-48e656079d5c,3825700,1,36,1,2161,1,Converted Turnover,Real Madrid,99.9
2809a855-af3d-4297-b508-b58499fea331,3825700,2,69,27,4167,5,Converted Turnover,Real Madrid,114.7
d4cfc0e4-9832-4d93-99fe-57eb3bd6cbe1,3825700,2,78,8,4688,6,Converted Turnover,Real Madrid,100.2
e1e87b8c-ba4e-4252-8585-d6627cc545d5,3825701,1,16,45,1005,0,Converted Turnover,Atlético Madrid,107.8
b1035dca-c684-4dcc-9fcd-311e3aacdc65,3825701,1,35,57,2157,0,Converted Turnover,Málaga,81.1
e332e46b-22c3-402f-92c7-b69ffb3fa0b4,3825701,2,57,23,3443,0,Converted Turnover,Atlético Madrid,86.3
31337e1f-6efb-407d-8bb7-13c6ffb91493,3825702,1,20,2,1202,0,Final Third Dribble,Real Sociedad,110.9
999d1314-8eea-4140-ab65-fe93de49e83b,3825702,1,26,24,1584,0,Crucial Goal,Villarreal,52.0
bc2511df-d252-4d53-a0d6-40363ea2537b,3825702,1,37,41,2261,-1,Final Third Dribble,Real Sociedad,106.1
11b12891-bd52-4f03-97b5-6835d1d8e815,3825703,1,26,24,1584,0,Converted Turnover,Athletic Club,87.4
78d4c3c2-1714-4c87-8887-a1a202d808fd,3825703,2,54,13,3253,0,Crucial Goal,Athletic Club,108.0
b61888cf-5e95-41e7-9ab6-5fa387fcedee,3825703,2,81,48,4908,1,Smash and Grab,Athletic Club,0.3292682926829269
1a6e4149-92f4-4e18-b7ef-88445e415e7e,3825704,2,83,1,4981,2,Final Third Dribble,Celta Vigo,92.0
53c728d3-27da-41d3-b616-26f47da766df,3825705,2,63,0,3780,2,Converted Turnover,Eibar,118.0
54b586a3-a2aa-4e74-bfe8-3f7b36fcf604,3825706,1,9,13,553,0,Converted Turnover,Athletic Club,89.0
1ee48b52-4ab9-400e-b73c-25ff80384a01,3825706,1,26,10,1570,0,Converted Turnover,Athletic Club,92.5
1f56edf9-089c-4b82-80cd-92ce9e318106,3825706,1,34,44,2084,0,Converted Turnover,Celta Vigo,96.3
c6404719-d8bb-4494-bd70-873ff60fab2e,3825706,2,79,3,4743,-1,Final Third Dribble,Celta Vigo,111.6
1f0b1d91-7a3a-4d35-9c22-225cf925c501,3825707,1,14,35,875,0,Converted Turnover,Granada,92.4
322d831a-730e-4efd-905f-597a6efdc6ab,3825707,1,31,12,1872,0,Crucial Goal,Las Palmas,62.0
a1f4d120-ae72-4f9b-8d3d-4311ba997fd0,3825707,2,55,48,3348,-2,Smash and Grab,Granada,0.2954545454545454
27a1dfbb-20fc-4562-a22b-05fc2cad86ec,3825707,2,65,20,3920,-1,Converted Turnover,Granada,90.3
f0a7b8a8-7ffc-42b2-8cd4-52df57cd597d,3825707,2,71,15,4275,-1,Final Third Dribble,Granada,112.6
b744cd9e-b688-4785-b1be-7faa0a7131ca,3825708,1,28,7,1687,0,Converted Turnover,Levante UD,115.5
e24badf5-1b36-4734-b58a-ec45abb6c6c6,3825708,1,35,25,2125,0,Let Off,Levante UD,0.32228202
4489448a-430d-42b6-bbbf-ad325380c990,3825709,2,68,48,4128,2,Final Third Dribble,Sevilla,107.7
a47b9de7-93d6-45f7-9896-40d81f5aab9b,3825710,2,74,33,4473,-1,Converted Turnover,Real Sociedad,106.4
abfc7184-24f5-4813-a5ef-abbcfdbc4d38,3825711,1,18,14,1094,0,Converted Turnover,Atlético Madrid,107.2
3e76dc45-804c-4bd7-bf1a-d5b72253c882,3825711,2,62,27,3747,0,Let Off,Rayo Vallecano,0.52261573
ecf77b28-7d51-4ac4-8ce3-5c8785d73448,3825711,2,87,18,5238,0,Crucial Goal,Atlético Madrid,174.0
8b0aed00-77b0-4250-aaa3-bb142e2f6fd9,3825712,1,6,41,401,0,Converted Turnover,RC Deportivo La Coruña,90.2
1a2a47b1-37ff-4610-9083-07f4421a1596,3825712,1,29,56,1796,0,Converted Turnover,Getafe,114.7
6b918578-46f4-46af-bbe6-e15e349ba411,3825712,2,50,31,3031,0,Converted Turnover,Getafe,111.4
b65a1c79-51b3-4048-b10a-7e0a9fdb1437,3825712,2,65,31,3931,0,Converted Turnover,RC Deportivo La Coruña,94.1
a14c03af-23c1-41af-8482-638a1e724896,3825712,2,86,0,5160,0,Converted Turnover,RC Deportivo La Coruña,92.9
d40f51ec-b747-4bb6-8c73-8f15d8ba5fad,3825713,1,20,22,1222,0,Converted Turnover,Villarreal,106.9
be504268-76ea-49e6-a5f8-d79adc84ac39,3825713,2,63,13,3793,0,Crucial Goal,Villarreal,126.0
c1af523c-c11b-44c5-86b8-fd0191abc54b,3825713,2,78,22,4702,1,Final Third Dribble,Villarreal,86.7
cdc6ae9d-a7cc-460c-8c2e-f75c3be5ee30,3825714,1,5,57,357,0,Converted Turnover,Atlético Madrid,96.0
b3856526-c5a1-4da9-af50-2276e224ef64,3825714,1,18,41,1121,0,Converted Turnover,Levante UD,115.2
1b8e08ae-c108-4c7d-b27a-1bf3a5ccd91a,3825714,2,56,32,3392,0,Converted Turnover,Atlético Madrid,116.5
c0dba021-5176-4c4d-b4e7-b6ec535868c6,3825716,1,6,37,397,0,Converted Turnover,Real Sociedad,105.8
9397ee8b-b1e5-47fc-8da3-507629535a76,3825716,1,20,23,1223,1,Converted Turnover,Rayo Vallecano,107.6
bee28596-b8b9-4097-9e1d-d375850ed278,3825716,2,62,21,3741,-1,Crucial Goal,Real Sociedad,62.0
cfd5e281-d20c-49e1-a93b-c467aab6891f,3825716,2,68,28,4108,0,Final Third Dribble,Rayo Vallecano,100.4
e6dc2b1b-b590-47e3-a340-8c330c05cb24,3825716,2,81,14,4874,0,Converted Turnover,Rayo Vallecano,99.7
997a4fcf-1a78-4248-9dc5-91669cd596c0,3825717,2,81,11,4871,-1,Let Off,Granada,0.31528896
710c41e7-25d2-43bb-912c-ad2fa71d74c4,3825718,2,65,28,3928,0,Converted Turnover,Real Madrid,98.8
08d57169-e2b4-459d-a51b-339410d72412,3825719,1,22,54,1374,1,Converted Turnover,Athletic Club,98.9
728a9390-1354-45cc-a4c7-d509dd046b59,3825719,1,32,27,1947,-1,Converted Turnover,Las Palmas,89.2
f750dde9-38a9-46e7-b1e6-4b67a5ac4d85,3825721,1,28,45,1725,0,Final Third Dribble,RC Deportivo La Coruña,87.9
4c9222c2-2deb-4796-992f-96e4972d2c2d,3825721,1,35,49,2149,0,Crucial Goal,Villarreal,70.0
cadf649e-a6cb-407d-aa17-f8cab3c372dd,3825722,1,9,8,548,0,Let Off,Getafe,0.3491988
6fefd307-fde3-45ad-a1a6-ae64d4a74ddd,3825722,2,60,8,3608,1,Converted Turnover,Sporting Gijón,92.0
89ff901c-3310-4a08-b430-45b56f2f8dc9,3825723,1,27,31,1651,0,Final Third Dribble,Rayo Vallecano,90.4
03d9960e-aef6-4499-8bfc-7591dca073e1,3825724,2,58,26,3506,-3,Final Third Dribble,RC Deportivo La Coruña,95.3
310932ae-48ab-4be4-ad3f-0d9a741277d9,3825725,1,14,37,877,0,Final Third Dribble,Real Betis,97.5
029299d8-5ed1-4b11-b036-ee16ad04982a,3825726,1,23,28,1408,0,Crucial Goal,Sevilla,46.0
d759a6fd-4359-45dd-8720-d57a481aa5bb,3825727,1,14,32,872,0,Crucial Goal,Eibar,28.0
35b4c9a5-b627-4c8b-a309-bf5b13924640,3825727,2,73,9,4389,0,Crucial Goal,Eibar,146.0
7c2ca65a-f781-4263-9f21-687682c28f34,3825727,2,84,44,5084,1,Let Off,Espanyol,0.30539685
a917f551-93c4-4fc7-8029-0ff12dafabbe,3825729,1,5,12,312,0,Final Third Dribble,Villarreal,105.6
55cedc08-c446-488b-9d70-9a95416c2f21,3825729,1,25,23,1523,0,Crucial Goal,Villarreal,50.0
748d5b12-1ba8-4685-9784-a32a43540470,3825729,2,59,54,3594,-2,Converted Turnover,Sporting Gijón,106.6
e0e68635-7d3a-4849-b1b3-0c1ddca12eef,3825729,2,81,20,4880,-2,Converted Turnover,Sporting Gijón,113.4
dd144064-9939-4b67-a4b3-3ecdcf166f8c,3825730,1,6,44,404,0,Final Third Dribble,Real Sociedad,107.4
c66e6c11-d895-453d-a7bd-1fece2293a52,3825730,1,13,25,805,0,Final Third Dribble,Real Sociedad,99.3
59eea2eb-6157-4641-a524-2edc58ca5f32,3825731,1,10,54,654,0,Let Off,Las Palmas,0.45396742
d5a8f073-5c99-4076-8167-75f8c2b7132a,3825731,2,50,17,3017,0,Crucial Goal,Las Palmas,100.0
d2a828b4-267b-4b88-815e-9b0b177fe630,3825731,2,79,19,4759,0,Converted Turnover,Málaga,106.0
1643a199-e432-486d-9471-c6158e631c4b,3825732,1,22,36,1356,0,Converted Turnover,Levante UD,96.0
17d3574a-dedb-4116-aa51-da6d476c0837,3825732,1,28,14,1694,0,Final Third Dribble,Levante UD,105.3
38bb30ef-da9b-4dcf-825d-cdec7b3c6b55,3825732,1,34,41,2081,0,Crucial Goal,Celta Vigo,68.0
e52b4773-d700-42e7-aeff-13f175539fc6,3825733,1,28,4,1684,0,Converted Turnover,Málaga,88.5
11f306ca-a701-46d2-aac8-93e2a1cc47d3,3825733,1,33,9,1989,0,Let Off,Málaga,0.30917192
c4cd3396-a203-4c77-a3d0-ba4c76652740,3825733,1,39,34,2374,0,Crucial Goal,Sevilla,78.0
8ed63a0e-0df9-4c3d-84e3-3ae816d0ba93,3825733,2,58,29,3509,-2,Converted Turnover,Málaga,98.5
ec8ef8a1-25e4-468f-ab40-e82e38a2565a,3825733,2,71,5,4265,-2,Smash and Grab,Málaga,0.2068965517241379
584beb64-dcf5-47dc-a6fb-ac2f2d8e5933,3825733,2,85,26,5126,-1,Converted Turnover,Málaga,93.3
bda7302a-9533-4751-9876-438b08a4941a,3825734,1,34,24,2064,-1,Let Off,RC Deportivo La Coruña,0.384402
d127878b-8fd4-4067-8a3e-95abe0bd3e60,3825734,2,74,2,4442,-1,Crucial Goal,Real Sociedad,74.0
f3cbb184-d1ae-4898-a8b9-ee823148bd94,3825735,1,14,38,878,0,Converted Turnover,Real Betis,99.6
d560d86f-3e6c-435e-8096-d9fd14a66cb0,3825735,1,37,20,2240,0,Converted Turnover,Real Betis,112.5
cdb5d7bd-e162-435f-ab9f-efc45684e47a,3825735,2,57,33,3453,0,Converted Turnover,Villarreal,95.4
c9379ef6-6ad2-45bf-aec3-a63875fd26fa,3825736,2,87,51,5271,-1,Crucial Goal,Valencia,87.0
fadd3827-6c95-402e-82c4-19e4871d7f42,3825737,2,68,3,4083,1,Converted Turnover,Getafe,94.9
1ec10f12-b9c0-43c3-abd5-d4e8285548f2,3825737,2,78,59,4739,-1,Final Third Dribble,Espanyol,116.1
15a8b4b4-3c0f-4301-8af1-d0ad0dff6bda,3825738,1,11,10,670,0,Converted Turnover,Las Palmas,109.3
55ce1e22-fe3e-43be-aa1a-d756c32eb107,3825738,1,23,34,1414,-1,Converted Turnover,Las Palmas,115.7
e77b9492-4a4c-42e8-8719-0a5df3ec7f10,3825738,2,67,57,4077,1,Smash and Grab,Atlético Madrid,0.22115384615384626
085c74bd-911f-4e55-965d-4c7c94088a67,3825739,1,6,22,382,0,Crucial Goal,Real Madrid,12.0
df053666-58ec-4c95-9a23-bb34d23a09e8,3825739,1,23,37,1417,4,Final Third Dribble,Real Madrid,107.0
733fbd6b-9acb-434f-924a-45e201105e2a,3825739,2,66,51,4011,-4,Final Third Dribble,Sporting Gijón,100.9
34ca1041-1720-469d-87f3-d3fd894bde21,3825740,1,6,58,418,0,Final Third Dribble,Eibar,99.5
3ed0ae23-f9fd-406b-a0a6-997b60f7085e,3825740,1,25,13,1513,0,Final Third Dribble,Eibar,92.1
4295a25b-57ca-418c-8d11-38f84fd1a98c,3825740,2,73,15,4395,2,Converted Turnover,Eibar,119.7
dfad9752-6455-4063-a556-d6c28be63f50,3825740,2,78,31,4711,3,Final Third Dribble,Eibar,113.9
da9195b8-4bf1-4b5b-a38c-d4b7d335bda8,3825741,1,27,38,1658,-2,Final Third Dribble,Real Sociedad,95.9
bae7f4c0-d4c5-44d3-9e12-fe5c60faa309,3825741,2,77,21,4641,3,Converted Turnover,Sporting Gijón,106.7
3f5438fd-8450-4740-833d-82c12cbad101,3825742,1,35,32,2132,1,Converted Turnover,Granada,91.3
4c25d4f3-773e-4115-a6fd-25329a7d25f2,3825742,2,67,38,4058,-2,Converted Turnover,Getafe,91.7
be4468c3-406c-4826-86c2-eb653efc6ff7,3825743,1,5,23,323,0,Converted Turnover,Rayo Vallecano,93.3
b1b30ada-ea6c-4b0e-8ab2-37f7fe0fc099,3825743,1,12,8,728,0,Converted Turnover,Rayo Vallecano,84.1
18b1c4a8-4b56-46b5-a814-35017a86e4c2,3825743,1,20,28,1228,0,Crucial Goal,Rayo Vallecano,40.0
c3107b3a-21d7-443b-becd-903c06fa8774,3825743,2,86,58,5218,3,Converted Turnover,Rayo Vallecano,84.2
7ce169b0-5547-4bfc-8633-c167779299b0,3825744,1,39,22,2362,0,Crucial Goal,Espanyol,78.0
c78e6daa-d119-47bb-8412-ef97acbf7915,3825745,1,17,26,1046,0,Converted Turnover,RC Deportivo La Coruña,83.9
49b0d472-e6f0-43bc-9aa6-b0b6e722be02,3825745,2,57,29,3449,-1,Converted Turnover,Valencia,116.7
5979c3f2-20e7-40f8-9278-4a00bad11286,3825746,1,16,44,1004,-1,Final Third Dribble,Real Madrid,111.0
e0967f5f-050a-4c97-b841-1f0f5ab70ef1,3825746,2,70,27,4227,-1,Crucial Goal,Real Madrid,70.0
557a7261-872e-4fd6-84eb-c24886258484,3825747,1,26,34,1594,0,Crucial Goal,Athletic Club,52.0
aac9cdbb-bec3-4ed6-8b9e-0d03a639c355,3825747,2,63,18,3798,-2,Converted Turnover,Eibar,91.9
b5a6809b-61f2-45a7-ad03-366575ec43f5,3825748,1,28,41,1721,0,Converted Turnover,Atlético Madrid,102.1
6c3d4bbe-9555-406e-8b35-931b8e25ee70,3825748,1,35,28,2128,0,Final Third Dribble,Sevilla,100.6
c1a1e48e-df76-48b1-b464-9cc213c17ab6,3825748,2,81,47,4907,0,Converted Turnover,Atlético Madrid,110.2
f7ee70ab-406f-4800-81ef-afcb865e52cc,3825749,1,24,42,1482,0,Crucial Goal,Levante UD,48.0
301e5d9d-bf00-40b8-9e78-30755251d20e,3825749,2,59,58,3598,-1,Final Third Dribble,Las Palmas,95.1
a6ee1667-43db-4733-9626-6e4639eea272,3825750,1,8,46,526,0,Final Third Dribble,Real Betis,110.7
bc30c01c-2cc5-4a28-b18a-454e111ea43c,3825750,1,17,14,1034,0,Crucial Goal,Real Sociedad,34.0
57462e21-add4-44dd-8360-f3c1e7674634,3825750,1,22,25,1345,1,Converted Turnover,Real Sociedad,96.6
d608b64f-9759-4242-8d06-3845ee1c09fa,3825750,2,79,43,4783,1,Final Third Dribble,Real Sociedad,91.8
c80b6375-683a-4dbc-8a01-5ce1cb4d1cd0,3825751,1,12,51,771,0,Let Off,Getafe,0.5574795
e4d4c5a7-7aa4-442f-81a0-3c115b52c99b,3825751,2,65,9,3909,-1,Let Off,Athletic Club,0.48377705
4bba230c-10b6-4183-ae68-4337ecbba9dc,3825752,2,53,14,3194,1,Converted Turnover,Málaga,82.4
f6a4cdad-3483-495a-91bd-eb42b8634c54,3825752,2,62,59,3779,-1,Converted Turnover,Eibar,104.3
673dcdfe-5593-4360-8f7b-bf4a444aad65,3825753,1,18,37,1117,0,Final Third Dribble,Granada,86.3
29398a89-a68b-4d95-a9c0-acad2ee1b397,3825753,2,54,31,3271,0,Crucial Goal,Villarreal,108.0
1acaaed0-65ee-4f4e-b49f-e9ca67799dcd,3825753,2,74,52,4492,-1,Converted Turnover,Granada,93.4
b8b3e3d6-2d40-43e4-ab73-83c5fda61c41,3825755,1,23,54,1434,0,Converted Turnover,Valencia,83.2
b0c6158a-cb76-4f87-befb-d1dafce28a0a,3825755,1,38,59,2339,0,Converted Turnover,Valencia,113.3
3b6a606b-ff6f-4e08-a5f4-15fc6d6f9137,3825755,2,90,55,5455,-1,Final Third Dribble,Valencia,106.5
58373e28-37d4-4c5e-943f-5324492996a5,3825756,1,10,13,613,1,Let Off,Levante UD,0.35893556
82e50df6-abdf-4bc8-b606-50d38355859b,3825756,2,54,53,3293,-2,Converted Turnover,Levante UD,91.5
10d0bb2c-1392-41ac-9754-86ee6b9381b3,3825756,2,60,27,3627,-1,Final Third Dribble,Levante UD,116.1
58b4f0d1-0f22-4124-9f8b-404c45ef9ecb,3825756,2,68,4,4084,1,Converted Turnover,Sevilla,98.9
7b128baa-a802-4c37-8b42-2d38ae1c15b0,3825756,2,78,58,4738,-2,Converted Turnover,Levante UD,86.6
5caa3902-fb79-4d88-ad5b-9f93139191f1,3825756,2,84,58,5098,-2,Converted Turnover,Levante UD,87.2
6628c268-f3ef-46a0-b561-e91bed326e27,3825757,1,15,19,919,2,Final Third Dribble,Real Madrid,99.4
88c5f862-9953-4fbd-81c4-62be442a90bb,3825757,2,55,28,3328,4,Converted Turnover,Real Madrid,92.3
35d9b5a0-3ad9-4281-befc-6fe5b2f8babb,3825757,2,60,48,3648,4,Final Third Dribble,Real Madrid,110.1
ad924586-772d-4c99-8574-5b8b67fc6cc6,3825757,2,72,25,4345,-4,Let Off,Real Madrid,0.3891984
14af223a-cd19-4234-8f54-bcb0bc3dbe9b,3825757,2,81,25,4885,4,Converted Turnover,Real Madrid,116.8
61983fa8-7fc9-4f3d-a15c-1a0b62dd83ff,3825758,2,52,0,3120,0,Final Third Dribble,RC Deportivo La Coruña,89.2
3d95aaea-4f43-4ffb-9daa-6888e344ff83,3825758,2,84,15,5055,0,Converted Turnover,RC Deportivo La Coruña,99.5
f3d40680-5633-429f-a8f7-5d3690828d88,3825760,1,30,18,1818,0,Converted Turnover,Eibar,80.3
d47a5a33-6e64-4f34-96ec-6d06367f3e91,3825760,2,62,8,3728,0,Crucial Goal,Atlético Madrid,124.0
37d88aea-dc93-47c2-9f6e-a4459bb1f0f0,3825761,1,6,10,370,0,Converted Turnover,Athletic Club,107.1
b7c76365-f160-472f-b704-ba323a0a2c3d,3825763,2,67,28,4048,-1,Converted Turnover,Las Palmas,83.9
99cfd6ef-8f82-4051-af10-37753f640136,3825764,1,29,56,1796,0,Crucial Goal,Real Madrid,58.0
191dd1a7-9eee-4737-ab72-2d6eddcea12d,3825765,1,18,23,1103,0,Final Third Dribble,Celta Vigo,94.4
241ae9c7-bf56-4919-9308-b5d782235691,3825765,2,73,46,4426,0,Converted Turnover,Sevilla,83.6
10f1dc0a-6ad2-43fb-8603-5c8c65048d6c,3825766,2,80,27,4827,-1,Converted Turnover,Valencia,96.7
846d0b7d-d2fe-4bdb-9c6f-8e8e59c6ab1a,3825767,1,17,10,1030,2,Converted Turnover,Real Sociedad,97.6
6ae469c2-9da2-4248-9e2f-ab03c6c4dbe7,3825767,2,59,23,3563,4,Converted Turnover,Real Sociedad,113.2
656b49aa-91fe-4507-8e2a-4aee6c141964,3825768,1,13,34,814,1,Final Third Dribble,Sporting Gijón,111.7
ed5dfdbc-cf94-4203-8c10-c18306e7fb1b,3825769,1,17,1,1021,0,Crucial Goal,Villarreal,34.0
3a5c245f-6571-4455-9e7f-072da252b2c3,3825769,2,51,38,3098,-1,Converted Turnover,Málaga,110.4
55869bb1-691f-4a1f-b108-e66795eb4f2f,3825769,2,61,51,3711,1,Converted Turnover,Villarreal,94.5
c2fae0f7-06cb-41a8-b242-85155b2762e6,3825770,1,9,47,587,-1,Crucial Goal,Athletic Club,9.0
91a14235-87e9-4924-b24c-82ff72bfd9b8,3825770,1,18,5,1085,0,Final Third Dribble,Athletic Club,90.2
1836da91-5e91-43b2-9db4-7e1f37d13742,3825770,1,27,59,1679,0,Converted Turnover,Athletic Club,101.2
c7bd9bea-d816-47e2-8a29-7a3935080ffc,3825770,2,67,14,4034,-2,Let Off,Real Madrid,0.3128544
1a14594b-ed9e-4937-860d-9fca5f0bf421,3825770,2,79,5,4745,2,Final Third Dribble,Real Madrid,104.5
260c1b7c-5220-49b9-83af-10b678381922,3825771,2,82,36,4956,0,Converted Turnover,RC Deportivo La Coruña,100.0
cc8b8e95-e247-452a-8f00-d38c15107e7a,3825772,2,80,53,4853,-1,Converted Turnover,Espanyol,107.1
0b812b58-d70a-47b3-aec0-82ec3a6b2174,3825774,1,8,28,508,-1,Converted Turnover,Getafe,88.0
7aeb08a5-d8db-47e3-a56a-8923fc676cf8,3825774,1,19,25,1165,-1,Final Third Dribble,Getafe,97.6
948cb05e-0fc3-431a-88e3-4cf907e3a0d8,3825774,2,53,45,3225,-1,Final Third Dribble,Getafe,98.0
96afe852-7dc5-46c4-9b4e-e9447184de7e,3825775,2,52,28,3148,-2,Let Off,Real Sociedad,0.31737742
6b05c3f6-c1ba-4452-9d6a-6c05d6c7916f,3825775,2,59,51,3591,2,Final Third Dribble,Real Sociedad,105.5
cee22272-9337-4b3b-8620-2238b97cfc64,3825775,2,83,3,4983,3,Let Off,Granada,0.5173209
0ec7ab3c-89be-403b-8b36-9b9615cf331a,3825778,1,18,53,1133,0,Converted Turnover,Real Betis,95.2
7e9f4a0c-ea01-40c8-be3e-a1fd4a5be0c8,3825778,2,58,40,3520,0,Converted Turnover,Real Betis,91.4
9c6184bd-2081-4bf5-a608-dffc30cf99f5,3825779,1,30,28,1828,0,Crucial Goal,Celta Vigo,60.0
1e7c28d0-99f3-4c4f-a9aa-b1819740aa48,3825779,2,66,10,3970,2,Let Off,Eibar,0.36861077
cd794606-6ac6-443b-813d-89973ebf78c4,3825780,1,6,14,374,0,Final Third Dribble,RC Deportivo La Coruña,110.0
9c959fe5-2b82-4b44-83fc-df82deb28798,3825780,2,57,57,3477,-1,Final Third Dribble,RC Deportivo La Coruña,100.2
819c384d-e1db-4c6e-94f1-b22f1b387bd3,3825781,1,9,45,585,0,Crucial Goal,Sevilla,18.0
480e3595-8680-468b-9cc2-4e7fb3fc1f45,3825781,1,20,54,1254,2,Let Off,Rayo Vallecano,0.45056382
b9d4e9b4-8aa7-45f0-ab5d-9ea6dfc2c3a5,3825782,1,29,45,1785,0,Converted Turnover,Valencia,106.5
2080216e-9dd1-4605-9af6-4a529f1f824b,3825782,2,64,30,3870,-1,Final Third Dribble,Granada,95.9
239f2b46-dcf6-42d9-a005-6c33b97690b9,3825783,1,16,40,1000,0,Crucial Goal,Real Sociedad,32.0
bffc642a-3e1c-42d6-80d9-47da25673fa3,3825783,1,30,5,1805,-1,Final Third Dribble,Athletic Club,110.6
888e36ff-18e5-45a9-a45c-0a5e36577ab4,3825784,1,8,52,532,0,Converted Turnover,Atlético Madrid,100.8
3d03986c-bdf3-4a2d-8b93-3e02e8e8f36b,3825784,1,35,50,2150,0,Converted Turnover,Atlético Madrid,103.9
efc68421-e7ad-4f90-bbd5-204256bdba61,3825784,1,40,52,2452,0,Converted Turnover,Atlético Madrid,92.8
731c31de-753e-4b03-b1f9-adc48111b1f5,3825784,2,75,43,4543,0,Final Third Dribble,Villarreal,89.2
8097930a-c31b-443b-96e0-27b9012f7f83,3825784,2,84,25,5065,0,Converted Turnover,Atlético Madrid,86.7
5bdf3b69-421b-4626-bfce-045930d9c475,3825785,1,32,23,1943,0,Crucial Goal,Real Madrid,64.0
6c8b9aa1-12e8-4fda-b611-9a57c7814a90,3825785,1,38,44,2324,-1,Let Off,Real Madrid,0.42841065
3f1efa66-8ae8-4f7a-830a-f9b889db8a8e,3825786,1,31,0,1860,0,Converted Turnover,Eibar,113.6
255c9a1e-f140-41dd-ab52-ce775b78420a,3825786,2,68,16,4096,-1,Converted Turnover,Eibar,84.6
c69628ff-6af3-45c9-86ce-d296df521f0f,3825786,2,74,44,4484,-1,Converted Turnover,Eibar,96.2
aee2edc1-4a87-43f8-8f64-5736fc4c0836,3825787,1,31,22,1882,0,Converted Turnover,Real Madrid,89.8
764310f2-9843-434b-9681-07a233c3026c,3825787,2,52,24,3144,0,Crucial Goal,Atlético Madrid,104.0
bc5688b3-182a-47b6-9e12-01600d5bbc03,3825788,2,57,49,3469,0,Converted Turnover,Getafe,98.9
62f878dd-a284-4acc-bb7c-73ec25d91efb,3825788,2,70,21,4221,0,Crucial Goal,Celta Vigo,140.0
d531be93-a68e-45ea-80e1-46e160814fd4,3825790,1,7,58,478,0,Final Third Dribble,Espanyol,105.0
d0b3c136-e90c-482f-9482-11803812e572,3825790,1,19,3,1143,0,Crucial Goal,Sporting Gijón,38.0
7270934b-5104-4376-8299-a52e77c8b367,3825790,2,85,45,5145,2,Final Third Dribble,Espanyol,111.1
13dd8d7c-3e11-4fd7-ac15-93c34c39d8cb,3825791,1,6,46,406,0,Converted Turnover,Rayo Vallecano,104.9
649ed426-1783-49e7-8084-2b722c5e6f77,3825791,1,13,32,812,0,Crucial Goal,Real Betis,26.0
dfa67b0f-553a-4e10-a4d8-10f9fe099412,3825791,1,24,56,1496,1,Final Third Dribble,Real Betis,112.6
7b0fbf8e-8b7d-4b07-9a5b-515043d796c3,3825791,2,50,22,3022,-1,Crucial Goal,Rayo Vallecano,50.0
87b5058b-660e-4e04-808a-2dff5a0cb577,3825791,2,82,15,4935,0,Converted Turnover,Real Betis,93.7
570174c1-7c04-4e66-8d5e-dca5414a8ea8,3825792,2,64,25,3865,-1,Converted Turnover,RC Deportivo La Coruña,93.6
0f96ed29-ecb3-44eb-bb50-917e5b07f973,3825792,2,78,14,4694,-1,Converted Turnover,RC Deportivo La Coruña,89.2
6412f4ae-4af1-453d-ad32-fab3071692d5,3825793,1,19,9,1149,0,Final Third Dribble,Valencia,105.0
e7e8e00a-cd67-48d3-bd0a-f42aa2bd0556,3825793,1,29,21,1761,0,Converted Turnover,Athletic Club,95.9
3b0e8ffb-82d0-469b-b07d-df8d8c2ecd2b,3825793,2,53,0,3180,0,Converted Turnover,Athletic Club,84.7
51632b2b-ba03-4338-8dff-c3275f6db67b,3825793,2,72,57,4377,0,Crucial Goal,Athletic Club,144.0
0ad5a775-734f-4d0b-b97f-27ee2aa2ee55,3825794,1,11,28,688,0,Crucial Goal,Villarreal,22.0
b06b5cb5-46f6-4b98-bc74-8c39ad26df90,3825794,2,54,2,3242,-3,Final Third Dribble,Levante UD,107.2
7e7b6fd1-f69e-4820-8880-b6ac6393747e,3825795,2,73,1,4381,-3,Final Third Dribble,Real Sociedad,90.4
5eb0acf3-dc37-4b27-bc1b-80fd6b8c048d,3825796,1,21,21,1281,1,Final Third Dribble,Las Palmas,103.5
593fd223-2603-4e29-a5f7-92e986068e60,3825796,1,30,30,1830,-2,Converted Turnover,Getafe,87.8
810cb23d-b91a-42c1-9832-35ebbbd02d34,3825796,2,71,57,4317,3,Converted Turnover,Las Palmas,94.7
c4fd4987-390e-4626-b254-deb9a66eb9c9,3825796,2,78,40,4720,3,Final Third Dribble,Las Palmas,115.1
b6cd849d-1c24-4413-91ef-ddb28709354d,3825797,2,65,11,3911,-3,Converted Turnover,RC Deportivo La Coruña,86.8
d361e39f-cdb8-4aab-b70d-278990511b2b,3825798,1,20,16,1216,0,Converted Turnover,Real Madrid,94.6
7cbacd9b-dbfd-4f29-9695-4e6f853054b0,3825798,2,77,19,4639,-1,Converted Turnover,Levante UD,96.0
f1a4e7e8-7818-420b-9773-68372d021513,3825798,2,87,52,5272,-1,Final Third Dribble,Levante UD,80.7
6731e691-819c-4ba3-b907-985ddba797c1,3825799,1,13,19,799,0,Crucial Goal,Málaga,26.0
9c777e1b-7fdc-47ea-bee5-cbf76615b443,3825799,1,39,12,2352,-1,Let Off,Málaga,0.713237
3d6eb78c-9177-4f68-a1c4-14cd67439028,3825799,2,82,49,4969,-1,Converted Turnover,Málaga,104.6
efed92ce-9349-49ce-b244-1f130aacc12e,3825800,1,15,32,932,0,Let Off,Villarreal,0.30421397
30bcd422-6617-4859-b5d5-25854a7de86b,3825800,2,60,35,3635,0,Converted Turnover,Celta Vigo,96.7
fb35a67a-39f5-4079-8eb1-ff16f07415d6,3825800,2,85,11,5111,0,Final Third Dribble,Celta Vigo,94.1
dd8a34e0-4c0b-4ec1-8551-12f04e83caea,3825801,1,17,56,1076,1,Converted Turnover,Sevilla,90.3
0be81561-c8a8-4ac8-aab0-d44d91dffdc0,3825801,2,72,11,4331,1,Let Off,Eibar,0.39834383
a8b76c93-357d-4f4e-8e04-65b0b782171b,3825801,2,83,6,4986,-1,Let Off,Sevilla,0.48626083
f6cfe351-9416-4665-9576-4fb212b937e7,3825802,1,9,32,572,0,Crucial Goal,Real Betis,18.0
cb609de8-3ac8-473d-9943-041f728aefc8,3825802,1,19,27,1167,1,Final Third Dribble,Real Betis,93.7
10d3d984-9cbe-4224-aa91-8f253983efe0,3825802,1,35,22,2122,-2,Converted Turnover,Espanyol,109.6
cc1f5a5f-0e2b-4c74-b154-669ed7ca8522,3825802,2,53,37,3217,-2,Converted Turnover,Espanyol,111.3
91a7cf0c-5b35-4d94-b9c3-2f738e86d500,3825803,1,40,16,2416,0,Final Third Dribble,Granada,99.5
c52d6187-a4c9-4e1a-8160-d2e783c08d1c,3825803,2,57,34,3454,0,Converted Turnover,Granada,106.8
12684ae0-12eb-418c-8e58-35bb5731e918,3825803,2,71,52,4312,0,Crucial Goal,Granada,142.0
bac2c2ba-dbe0-4cfd-abfa-802313f745e2,3825804,1,12,14,734,0,Let Off,Málaga,0.65529984
0f6c3655-4cc5-4c46-abd0-3c40eb0cabef,3825804,1,42,53,2573,-1,Crucial Goal,RC Deportivo La Coruña,42.0
c801f03f-da5f-45bb-a502-767f23da9d89,3825804,2,62,30,3750,0,Crucial Goal,Málaga,124.0
760fbbe8-559e-4942-baf0-db7aee38a8c0,3825805,1,10,13,613,0,Converted Turnover,Las Palmas,105.6
ae88eee2-750a-425d-bce2-85f3376c0d84,3825805,1,29,3,1743,0,Crucial Goal,Las Palmas,58.0
c46253f2-fd16-4d4e-974b-0293795a75db,3825806,1,40,8,2408,0,Crucial Goal,Real Madrid,80.0
8df1c09b-84c5-477f-90d7-4d56113cc2af,3825806,2,67,4,4024,-3,Converted Turnover,Celta Vigo,84.0
b9c5faee-236b-49a4-8f58-5b312c4be2c1,3825807,1,6,31,391,0,Converted Turnover,Atlético Madrid,86.7
7d88a2fb-69f3-4615-8ad1-fad3634bec3e,3825807,1,14,16,856,0,Converted Turnover,Atlético Madrid,98.3
861bade4-f27a-4895-9066-ab09c5ed5f7a,3825807,2,71,2,4262,0,Crucial Goal,Atlético Madrid,142.0
af297feb-378a-40a1-93f7-6153fd4f44bb,3825807,2,84,40,5080,1,Final Third Dribble,Atlético Madrid,108.5
b4705279-5434-4baf-a353-d7b315b5f4a7,3825808,1,26,52,1612,0,Crucial Goal,Athletic Club,52.0
c662d50f-f50e-4e21-963c-66433e92ec53,3825808,1,35,54,2154,-1,Converted Turnover,Sporting Gijón,108.4
accd9a89-c6f9-4e2d-b547-581aa64c9649,3825809,1,35,12,2112,0,Converted Turnover,Real Betis,115.8
35809f86-99b7-4b9a-adae-2f4aad25d792,3825810,1,13,51,831,0,Crucial Goal,Real Sociedad,26.0
37848abf-2270-4dbd-9d57-46895581493e,3825810,2,87,50,5270,0,Final Third Dribble,Real Sociedad,98.9
bfe13f52-edc5-4da6-a957-0fa441bff777,3825812,1,38,24,2304,-1,Converted Turnover,Sporting Gijón,87.0
16f93f8e-24eb-4393-8806-eb3ab4aee28b,3825813,2,81,18,4878,-2,Converted Turnover,RC Deportivo La Coruña,93.4
509b7e04-bc7e-4ee1-8158-4c2d85d4492f,3825814,1,15,0,900,0,Crucial Goal,Celta Vigo,30.0
90812b70-f5a3-4cee-af28-edff9588c389,3825814,1,24,43,1483,-1,Converted Turnover,Real Sociedad,90.3
8ff46f3a-b632-4a51-8e5a-d851b48227a0,3825814,2,58,50,3530,-1,Converted Turnover,Real Sociedad,84.1
287c9f16-380b-4b5a-aa92-0cd8a6838cd6,3825814,2,66,21,3981,-1,Converted Turnover,Real Sociedad,111.2
fcc782d1-c1b5-444d-a7e7-1dc9ce7bbdce,3825814,2,85,43,5143,-1,Final Third Dribble,Real Sociedad,106.8
93c1efa2-8793-41f2-a333-0f2ac4b23c50,3825815,1,12,16,736,0,Let Off,Levante UD,0.4306883
eb3b9211-4aac-4c43-a1de-702c0a4e5bab,3825815,2,63,58,3838,0,Crucial Goal,Levante UD,126.0
47487caa-82cf-4fc3-973d-43c20920eaec,3825816,2,78,4,4684,-1,Converted Turnover,Villarreal,81.8
f880968c-6df4-4788-9f1e-07b6733bdb9e,3825817,1,19,39,1179,-1,Let Off,Getafe,0.58900803
c8e0ab74-1ab4-4a44-bf12-b0a574d7894d,3825817,1,33,13,1993,-1,Converted Turnover,Eibar,102.2
88bba460-8526-4099-8515-3f1520323d48,3825817,2,51,24,3084,-1,Converted Turnover,Eibar,91.8
456b2b12-45c7-4fcc-becf-a3164d49c275,3825817,2,79,40,4780,1,Converted Turnover,Getafe,86.0
ec88d559-9425-4c7e-8ec0-fe213b3f6649,3825818,1,19,2,1142,0,Final Third Dribble,Las Palmas,97.8
49d6bb30-5adc-4e1a-852a-17b9633fb681,3825818,1,38,14,2294,0,Crucial Goal,Las Palmas,76.0
b8ce395e-3778-42ec-b501-565c2896d036,3825818,2,64,26,3866,-1,Converted Turnover,Real Sociedad,104.6
7074ce65-9df3-48b2-a414-cced2595e22c,3825819,1,6,41,401,0,Converted Turnover,Valencia,92.7
24b82447-818e-4c1c-b46a-0d8bd1d58121,3825819,1,27,50,1670,0,Converted Turnover,Celta Vigo,105.1
948da115-1ef2-42a8-a8c4-fb69812b8ca9,3825820,1,5,28,328,0,Crucial Goal,Real Madrid,10.0
22a57fc8-0c7a-47f6-bad7-55ffd6203701,3825820,1,15,31,931,1,Converted Turnover,Real Madrid,95.3
072b4652-64bd-4ee3-bb61-0702531a5b3b,3825820,1,21,41,1301,1,Converted Turnover,Real Madrid,113.1
48543c6c-6a00-4413-ae39-9497ec3badd0,3825820,2,81,27,4887,-3,Converted Turnover,Sevilla,86.0
aea58994-28b2-4de1-b802-0fddc3ac175b,3825821,1,13,16,796,0,Converted Turnover,Athletic Club,90.8
d9a8ccdc-890b-4e3d-b331-aad81ea31ecd,3825821,1,27,27,1647,-1,Converted Turnover,Espanyol,99.6
dda45465-8382-4943-a1d3-3938838bd671,3825821,1,34,44,2084,-1,Converted Turnover,Espanyol,115.8
c7f8cb80-a093-41ba-a446-f1fe2e9b77a6,3825821,2,85,34,5134,-1,Converted Turnover,Athletic Club,109.4
a0da7775-d699-4556-b3e0-aa00eed12302,3825822,2,59,39,3579,0,Converted Turnover,Las Palmas,105.2
e58113c8-9a89-41fe-bdee-a09f2f454a5b,3825823,2,52,15,3135,1,Converted Turnover,Real Sociedad,97.7
8a94b3b3-0855-4dc0-97b7-f9eb5ba19530,3825823,2,64,21,3861,-1,Converted Turnover,Sevilla,107.9
fac43a05-99ab-434f-88cb-4e53f1f82eaf,3825823,2,70,6,4206,-1,Let Off,Real Sociedad,0.35111466
9be0f474-cf98-48dc-987a-c20416be36e2,3825824,1,7,38,458,0,Converted Turnover,Eibar,105.4
bd5ea3df-e8d1-4386-b456-790802407757,3825824,2,66,20,3980,-1,Converted Turnover,Eibar,91.9
646bd96d-1ea2-4516-9482-4894a2cd1bad,3825825,1,5,11,311,0,Final Third Dribble,Levante UD,88.0
dc45f1c4-465e-4af6-bef7-71ce73ad6458,3825825,1,22,44,1364,0,Final Third Dribble,Levante UD,87.2
6be6d421-ccdb-487d-9672-7c9511a04737,3825825,1,30,10,1810,0,Let Off,Levante UD,0.31869176
3786c631-3321-486c-8acb-9177dcc82403,3825826,1,8,32,512,0,Converted Turnover,Granada,95.5
ac31ac18-fbb2-4437-bddc-3abf22507ba8,3825826,1,32,19,1939,0,Let Off,Málaga,0.4336255
431d173c-6299-43ab-bd18-2d732ac7a96e,3825827,1,22,12,1332,0,Final Third Dribble,Levante UD,97.9
f883c1a0-4666-412e-93fd-adc88fe8ae5b,3825827,2,64,2,3842,0,Converted Turnover,Levante UD,96.6
aa00ce66-3ced-4db9-9571-0adccbeb8c45,3825828,1,17,25,1045,0,Final Third Dribble,Atlético Madrid,109.5
c78b3c85-1d4f-490e-93a3-ff79f263e643,3825828,1,28,4,1684,0,Crucial Goal,Espanyol,56.0
7c7e6972-b44b-4acb-a515-177c68c64ded,3825828,1,34,53,2093,-1,Crucial Goal,Atlético Madrid,34.0
4a644976-1284-4bab-9383-e90ed16c877d,3825828,2,57,52,3472,0,Crucial Goal,Atlético Madrid,114.0
9e1b2ac1-7bde-43f9-87c2-d5ebeec8dd2b,3825829,2,70,48,4248,-1,Converted Turnover,Rayo Vallecano,107.2
c4cfdde1-cd94-4ab7-a43c-54f9343d9f67,3825831,1,21,58,1318,0,Final Third Dribble,Valencia,80.6
50483284-1671-4d0f-b259-5dc3718d8c0d,3825831,2,61,47,3707,1,Converted Turnover,Valencia,113.9
5f6cffd8-229c-488e-a0b9-332845d0c63d,3825831,2,75,0,4500,-1,Converted Turnover,Sevilla,91.2
4fef020d-21b9-465a-b793-26b2e386e779,3825831,2,85,39,5139,-1,Crucial Goal,Sevilla,85.0
75a3315f-2a21-4705-8a2f-00d8c3b50903,3825832,1,39,30,2370,0,Final Third Dribble,Celta Vigo,98.2
2d53e738-fe1a-41f5-8248-ea8668fa5334,3825832,2,63,16,3796,0,Crucial Goal,Celta Vigo,126.0
2b151a51-c9bf-47b0-9fac-0f7f65cc3a40,3825832,2,73,17,4397,1,Converted Turnover,Celta Vigo,88.4
0d7021c4-55ac-4218-af1b-ffdf31c108c0,3825832,2,83,48,5028,-1,Final Third Dribble,Sporting Gijón,105.7
3bfcc378-3c3d-46a4-90d9-181d8d666873,3825833,1,41,30,2490,-2,Converted Turnover,Getafe,89.0
b5fd1ceb-8186-4387-a4b8-042076520d8c,3825833,2,56,40,3400,-3,Converted Turnover,Getafe,84.6
9f00e9cc-7d66-46eb-8a01-f906c48788f1,3825834,1,19,52,1192,-1,Final Third Dribble,Granada,89.8
435a4d07-e89a-4479-a5c4-7a9a9055a90c,3825834,1,36,56,2216,-1,Converted Turnover,Granada,90.3
2843a2cc-4a47-4347-9f4f-bbb7010d495d,3825835,2,64,13,3853,-1,Converted Turnover,Málaga,108.4
8e8536a7-443f-4a5f-b03d-009e3536bf95,3825835,2,75,18,4518,1,Converted Turnover,Athletic Club,93.6
5a278756-ff9f-493a-b0b1-f2fd002d26ce,3825836,1,6,30,390,0,Crucial Goal,Rayo Vallecano,12.0
aee0b5d8-f2dd-42c6-a5ba-b0576ccbd625,3825836,1,12,48,768,-1,Final Third Dribble,Villarreal,83.2
9e5df044-1f77-4d21-b417-933d541007e9,3825836,2,69,54,4194,0,Final Third Dribble,Rayo Vallecano,109.4
bca01c8a-058e-405b-a89a-f8381b7d297e,3825836,2,80,40,4840,0,Crucial Goal,Rayo Vallecano,160.0
ddd387a0-959b-4850-a4d9-e43f716502ae,3825837,1,21,45,1305,0,Final Third Dribble,Las Palmas,96.5
ee39049c-c53f-4c9d-8d15-d78962f8169f,3825838,1,9,7,547,0,Converted Turnover,Athletic Club,84.7
fefb3677-6f36-42b6-972c-0c39ed8649da,3825838,1,26,50,1610,0,Converted Turnover,Atlético Madrid,97.1
a29bf779-1273-4fc6-8a83-70410cc86b04,3825838,1,37,52,2272,0,Crucial Goal,Atlético Madrid,74.0
3d1c5f30-7008-4ba1-b0ef-206d94b155e3,3825838,2,75,4,4504,-1,Converted Turnover,Athletic Club,112.6
2a145d10-60f9-492d-8cb6-05aad0feca21,3825839,1,17,52,1072,-1,Converted Turnover,Sporting Gijón,80.8
ecd747a1-1f3e-44eb-8937-fddb2537a716,3825839,2,56,41,3401,0,Converted Turnover,Sevilla,106.7
a3b4b45f-36e9-4f5b-b24d-1a6824b4cc0d,3825839,2,85,22,5122,0,Converted Turnover,Sevilla,99.6
74af01b4-d59c-4776-b676-a41f4180d090,3825840,1,9,7,547,0,Crucial Goal,Valencia,18.0
b9280c32-dab1-4d16-8d48-5f1b275e5b5d,3825840,2,55,49,3349,3,Smash and Grab,Valencia,0.2996108949416343
8ef04963-afb6-4a0f-b8a7-7f9b935fb9cf,3825840,2,72,42,4362,4,Final Third Dribble,Valencia,110.1
3e287e51-07c5-4fcc-99c9-a7d1e6e3f5ce,3825841,1,18,36,1116,0,Crucial Goal,Real Sociedad,36.0
0534c589-fe12-4792-9a5e-226d564dbba4,3825841,2,68,4,4084,-1,Converted Turnover,Real Sociedad,91.3
de74995d-e8ee-4816-a934-f199abd2d258,3825841,2,75,20,4520,1,Converted Turnover,Getafe,103.3
8751f711-dc2f-43bf-b3ef-7edc9558ffaa,3825842,1,35,18,2118,1,Converted Turnover,Levante UD,81.8
7af5cf43-7dd7-4aa8-84a2-2962f2b0df37,3825843,1,11,2,662,0,Final Third Dribble,Rayo Vallecano,87.0
72ea4724-f4f3-4145-961b-cc2a7e4fdddc,3825844,1,16,49,1009,0,Converted Turnover,Athletic Club,109.4
852a6819-0761-4548-b3ef-ba3a8d27ca5b,3825845,1,7,16,436,0,Converted Turnover,Sevilla,99.1
4afdaba3-17e3-435e-a7d3-8d2908e9092e,3825845,1,25,0,1500,0,Converted Turnover,Sevilla,83.8
63b65a68-f557-4477-8b47-97eab19985d6,3825845,2,51,3,3063,0,Crucial Goal,Espanyol,102.0
4f0e482e-7eb4-4e55-824a-48f9aac79117,3825845,2,64,37,3877,-1,Converted Turnover,Sevilla,90.9
4ea5520c-1845-4bc4-be49-ae5eaedcf753,3825845,2,73,51,4431,1,Converted Turnover,Espanyol,107.3
cc2e10a9-a60c-4bfe-93f4-9b3085141ab3,3825845,2,84,3,5043,1,Converted Turnover,Espanyol,92.2
80b057e9-ce70-4498-8d60-7f8109755a71,3825846,1,24,28,1468,1,Converted Turnover,Real Madrid,96.1
2ab195a9-0416-4640-9189-a83199a8d3a2,3825847,1,7,19,439,0,Crucial Goal,Eibar,14.0
ad57d833-01cc-45d1-af72-2f2d4390a2ce,3825847,1,26,8,1568,1,Final Third Dribble,Eibar,105.7
b31fd3e2-8974-4efd-9cb0-72ce0403cf30,3825847,2,54,3,3243,-1,Converted Turnover,RC Deportivo La Coruña,107.4
463cec30-bb79-45cd-a810-7540e50dca89,3825847,2,70,14,4214,-1,Crucial Goal,RC Deportivo La Coruña,70.0
8d04327d-a47a-4e00-8550-7df92832622d,3825848,1,15,37,937,-1,Final Third Dribble,Levante UD,107.2
921871f0-ad46-413e-aea6-d4881dd7063c,3825848,2,75,28,4528,1,Converted Turnover,Eibar,93.3
f5171334-3a7b-460b-894b-61799923b2d7,3825849,1,6,16,376,0,Final Third Dribble,Valencia,84.4
fba1640a-e579-42dc-b7a6-04ca66b2db42,3825849,2,58,48,3528,0,Converted Turnover,Real Sociedad,91.3
039a501e-1136-49d6-82f9-9ba4fed8d72e,3825849,2,86,6,5166,0,Converted Turnover,Real Sociedad,100.5
1f611889-2b2c-4af4-b358-0de5aac853f3,3825850,1,30,37,1837,0,Crucial Goal,Celta Vigo,60.0
3fa5d576-88cc-426c-ab59-c9072bb382a9,3825850,1,39,14,2354,1,Converted Turnover,Celta Vigo,99.8
ad085fa0-94b8-4693-be05-bf9af98e73c2,3825850,2,54,52,3292,-1,Converted Turnover,Málaga,91.4
ae1c4d06-ba1b-4a36-8eba-d9d74156e754,3825850,2,60,33,3633,1,Converted Turnover,Celta Vigo,85.2
3688504d-65d0-465f-9225-2703b87e2809,3825850,2,68,54,4134,1,Converted Turnover,Celta Vigo,90.7
741c6828-f663-4f8c-b4c0-bc9cc9bd7c42,3825851,1,11,33,693,0,Converted Turnover,Villarreal,105.7
7a2a1855-6a27-4c81-8d56-d581f23267ea,3825851,1,31,46,1906,0,Crucial Goal,RC Deportivo La Coruña,62.0
9412a9d2-99d2-426d-8265-fc6da3636ce8,3825851,2,80,26,4826,-2,Converted Turnover,Villarreal,90.8
773e52be-255f-4ae9-88b7-b7277fbb68b6,3825852,1,27,33,1653,-1,Converted Turnover,Sporting Gijón,108.0
59ec7155-0332-41bc-b04d-8eee73e73965,3825852,1,33,58,2038,1,Converted Turnover,Las Palmas,94.2
c4d83434-2fb3-4af9-a7d8-ffca1a73297f,3825852,2,64,37,3877,0,Converted Turnover,Sporting Gijón,102.6
e5d9e55f-fa9d-46f8-80ed-4e8c64969d4b,3825853,1,7,30,450,0,Final Third Dribble,Granada,97.6
cce48452-7cf5-417a-9084-0d8e50767b83,3825853,1,13,39,819,0,Let Off,Granada,0.32213956
e5340859-8608-46a8-9128-5e78c36f756d,3825853,1,19,34,1174,0,Final Third Dribble,Sevilla,115.6
29bc6314-3d9b-448d-b448-baeeb28064f6,3825854,1,19,42,1182,0,Final Third Dribble,Eibar,86.0
202a3178-f9fa-4102-a8d3-dc1c2227ad56,3825854,1,35,13,2113,0,Converted Turnover,Eibar,99.3
85e146ae-1be4-4875-af0c-aa4cc6387daf,3825854,2,81,6,4866,1,Smash and Grab,Sporting Gijón,0.6644295302013423
43fce441-40b7-45f2-a3d1-31b99e0e98bc,3825855,1,18,29,1109,0,Converted Turnover,Málaga,107.4
2e5da212-f014-44ef-8314-be440c73fea3,3825855,2,56,36,3396,0,Converted Turnover,Málaga,113.7
abf65610-889d-4e7f-b6bc-549d7f262431,3825856,1,18,23,1103,-2,Converted Turnover,Eibar,97.8
874ef4d7-149a-4ec2-a301-2d55f9702d80,3825856,2,73,18,4398,4,Let Off,Eibar,0.529824
65ad9c43-9004-48a1-90be-d04bf37b35ca,3825856,2,78,56,4736,-4,Let Off,Real Madrid,0.6359429
189543b2-eb27-4be3-89e6-acbc9f977441,3825857,1,22,36,1356,-1,Crucial Goal,Levante UD,22.0
7bcbe880-602d-43a6-97b0-0f3952dbc2f3,3825857,1,28,12,1692,0,Final Third Dribble,Levante UD,95.8
1a66166b-a1cd-4e7f-9187-9473fafdf9e3,3825858,1,6,36,396,0,Crucial Goal,Rayo Vallecano,12.0
0d5e2d82-f885-4981-9ac5-b4f1b2d46346,3825858,1,14,20,860,1,Final Third Dribble,Rayo Vallecano,103.8
c4b00bb0-7fcb-4c44-ad62-0e5764e431f6,3825858,1,28,56,1736,1,Final Third Dribble,Rayo Vallecano,92.4
a40b71cd-0ce0-4f5c-97c3-1686c8a6e551,3825858,2,57,23,3443,0,Let Off,Eibar,0.4752774
ee872670-d7bc-491f-84be-192c14640c61,3825858,2,70,20,4220,0,Converted Turnover,Rayo Vallecano,93.6
a9d954d0-954c-42da-936e-ce74f9ae84f3,3825859,1,11,19,679,1,Converted Turnover,Las Palmas,97.6
69f713b3-0997-4211-9cad-a6abfb35a0e3,3825859,1,35,4,2104,0,Converted Turnover,Granada,94.3
0d224ad7-c9c6-4d56-89ff-317a2707b33b,3825859,2,70,1,4201,0,Crucial Goal,Granada,140.0
9e14bd4a-a9ec-4d0b-be3d-e640499a0ee2,3825860,2,53,4,3184,0,Let Off,Levante UD,0.33531046
89271693-c6fd-48d7-92d1-348d88800bd6,3825861,1,31,18,1878,-1,Converted Turnover,Rayo Vallecano,99.5
4ea36b93-2b0a-487e-ad18-ff2633d98e44,3825861,2,82,39,4959,-1,Converted Turnover,Rayo Vallecano,99.5
920ef16e-4f6f-4563-a7a6-7174a376660b,3825862,1,6,26,386,0,Let Off,Celta Vigo,0.44848132
3b64d193-5049-478f-a893-381452cf53cc,3825862,1,27,12,1632,0,Crucial Goal,Celta Vigo,54.0
ceb85a1e-3410-4d59-ae0d-85420ccbdc89,3825862,1,32,37,1957,-1,Final Third Dribble,Espanyol,101.0
28a5379a-d5ab-4f7e-822b-d6688b61963f,3825863,1,24,25,1465,0,Converted Turnover,RC Deportivo La Coruña,92.2
5f555060-bcf2-4d5e-8cb5-c7e2b158f3a5,3825863,1,33,50,2030,0,Final Third Dribble,Las Palmas,93.3
4b7f9254-c6e8-49e7-a141-af859d0ebaeb,3825863,2,57,22,3442,-1,Crucial Goal,Las Palmas,57.0
6a5e61df-f7d5-446a-ac93-075051c9d8ab,3825863,2,64,49,3889,0,Final Third Dribble,RC Deportivo La Coruña,86.5
4023c0d5-74dc-4d23-9837-940202719cd8,3825863,2,85,53,5153,-1,Converted Turnover,RC Deportivo La Coruña,97.5
e5d2f6ba-4885-40d8-b812-0342b47e4f83,3825865,1,14,54,894,0,Final Third Dribble,Getafe,84.5
5a0fe52c-4e5e-42f9-b843-21e1780d66ee,3825867,1,10,12,612,0,Converted Turnover,Getafe,88.4
71c493b1-e182-4904-9f76-cbe1e5a78055,3825867,2,78,53,4733,0,Crucial Goal,Sevilla,156.0
932fc770-10fb-4d1c-a2c8-e9aeb71937d6,3825868,1,15,26,926,0,Crucial Goal,Celta Vigo,30.0
42462d4e-6905-41ff-a6ef-6892c9d4263b,3825868,2,63,23,3803,-1,Converted Turnover,Granada,82.6
eac8a5c7-df8b-4179-a4e9-6615dfb42a25,3825868,2,75,1,4501,0,Crucial Goal,Celta Vigo,150.0
035ca14e-217e-4ff4-b686-6c8cb15ffbf4,3825868,2,87,43,5263,-1,Converted Turnover,Granada,101.3
e8e07623-b893-4afe-ba0b-d8a506d0e862,3825869,1,30,37,1837,1,Smash and Grab,Athletic Club,0.48672566371681425
54838594-b2fe-43ed-9aec-38218643b3dd,3825869,2,53,46,3226,2,Converted Turnover,Athletic Club,97.7
b59f7c2a-8518-4ef6-a50e-9fc1a460649e,3825869,2,74,2,4442,-2,Converted Turnover,Sevilla,85.5
96bb91ab-3d61-4472-af4d-61e662ed251f,3825869,2,82,16,4936,-2,Converted Turnover,Sevilla,84.1
4b2186df-632f-4012-85a9-d6416e1b27b6,3825870,1,37,43,2263,-1,Crucial Goal,Athletic Club,37.0
faae9285-0ccc-4140-93e7-c350669e8c56,3825870,2,58,26,3506,0,Final Third Dribble,Athletic Club,89.2
765cacce-089f-439b-ab9e-158058ac0566,3825871,1,28,13,1693,0,Converted Turnover,Espanyol,97.5
f1f55b25-3619-4ecc-b3e6-d7e996e99f03,3825871,2,71,1,4261,3,Converted Turnover,Las Palmas,111.1
6565df52-e4f9-4526-9510-df4a3205b4d7,3825872,2,54,35,3275,2,Let Off,Real Betis,0.49142173
12306d8d-d8f2-4d0f-abd3-5ac3c4dee013,3825873,1,32,16,1936,1,Smash and Grab,Villarreal,0.20869565217391295
5e936236-b0b6-4201-82a8-5801fbf0744f,3825873,2,67,51,4071,-2,Converted Turnover,Valencia,97.2
e5ab37dd-103e-469b-b351-426a3dc858b1,3825874,1,21,12,1272,0,Final Third Dribble,Sevilla,98.0
7e23ff2b-7727-4f2d-8e19-73b6fdb56835,3825874,1,34,1,2041,0,Crucial Goal,Sevilla,68.0
f9b9bd1d-ad93-47da-810b-014c78345632,3825875,1,30,29,1829,0,Final Third Dribble,Villarreal,92.0
ac15b8cd-7dbc-4109-9461-367cc0a4c48d,3825875,2,59,18,3558,0,Converted Turnover,Real Sociedad,112.8
0edcd5f3-c104-4295-82c4-954c4d81eb4c,3825875,2,84,37,5077,0,Final Third Dribble,Villarreal,89.0
a9496a20-773a-470e-a8ce-b5c1d5e807e0,3825876,2,63,33,3813,-1,Converted Turnover,Getafe,87.4
c1d352c0-64d5-4abe-aa70-d93125a88b3d,3825876,2,83,35,5015,-2,Smash and Grab,Getafe,0.49295774647887325
e81cf20f-d0c5-43d7-af12-c8eb32edd231,3825877,1,9,40,580,0,Final Third Dribble,Granada,104.4
682c6cd0-54ce-4702-a8b8-47fe92a3a872,3825877,2,76,42,4602,-1,Crucial Goal,Granada,76.0
dca97daf-3e4e-4140-a5d8-ebc8d6c21937,3825877,2,82,48,4968,0,Let Off,Granada,0.32105613
e16610a4-8e12-4982-958d-47c2a5a2f879,3825878,1,10,44,644,0,Final Third Dribble,Atlético Madrid,106.8
6400a7fa-52d8-48e0-9ecb-81d42910be73,3825879,1,23,38,1418,0,Crucial Goal,Real Madrid,46.0
a1fde03a-9639-453c-ab9c-aec5b6019a89,3825880,2,57,8,3428,0,Converted Turnover,RC Deportivo La Coruña,113.0
4750134a-b6b7-440e-a965-6d39f9ebed2a,3825881,1,25,53,1553,0,Converted Turnover,Espanyol,116.8
f53a84d5-702f-4354-8324-84c79035d5cd,3825881,2,65,6,3906,-1,Converted Turnover,Espanyol,84.2
efb1e522-6c09-479b-a8bf-e8d4b2cf4575,3825881,2,83,24,5004,0,Converted Turnover,Espanyol,96.1
299feadd-8ba4-41af-9d96-27e098ec5f10,3825882,1,6,21,381,0,Converted Turnover,Atlético Madrid,93.3
9106997d-535a-4231-8cad-a35d46c9696f,3825882,1,14,51,891,0,Converted Turnover,Celta Vigo,104.2
ad4d3682-6308-4d1f-88bb-dda102646ada,3825882,2,50,54,3054,0,Crucial Goal,Atlético Madrid,100.0
8c96fc13-15d9-4383-b72b-5ba380fb39be,3825882,2,61,29,3689,-2,Final Third Dribble,Celta Vigo,98.4
8d498bf6-18f6-4424-9b67-a34c8688f92a,3825883,1,9,24,564,0,Converted Turnover,Málaga,108.0
ef0f4a36-c6f5-40ac-a087-f3c7f4ae6032,3825883,1,18,55,1135,0,Converted Turnover,Málaga,88.7
e4372387-f721-47bf-b326-e4a987d41ef0,3825883,2,51,50,3110,-1,Converted Turnover,Las Palmas,83.9
a221679d-13c0-426c-81c9-5a2de809c7af,3825883,2,83,13,4993,1,Final Third Dribble,Málaga,98.0
7a8dfba8-8525-47eb-8885-4d30ff346743,3825884,2,54,4,3244,0,Converted Turnover,Real Betis,102.2
3d933f05-a924-430e-b3f6-5879cc4fa06c,3825884,2,66,14,3974,0,Crucial Goal,Sevilla,132.0
a6bd607f-c3e7-4b2f-8c0c-e9a0c557d53e,3825885,2,57,49,3469,1,Converted Turnover,Rayo Vallecano,100.4
483bb313-7cf6-4f73-9410-43032de26413,3825885,2,78,21,4701,-2,Converted Turnover,Getafe,99.5
c23251a3-308b-4ae3-bd14-64d928bbbd40,3825885,2,84,23,5063,2,Converted Turnover,Rayo Vallecano,110.2
5cda5e21-e05a-4b5c-81ce-0850828a141b,3825886,1,18,9,1089,2,Converted Turnover,Rayo Vallecano,110.3
8ec072e7-fbbd-4219-9dd9-d0301ee76a15,3825886,2,51,2,3062,-1,Crucial Goal,Real Madrid,51.0
6ad03a76-c0ff-4bab-9a60-710c318c5d8b,3825887,1,10,55,655,0,Crucial Goal,Granada,20.0
263d7f1c-0f0e-4500-b791-5bc09897d7a2,3825887,2,53,16,3196,0,Crucial Goal,Granada,106.0
0b0bd49b-1b95-4a03-b14d-100cba15569f,3825887,2,65,53,3953,-1,Converted Turnover,Rayo Vallecano,92.5
8393bedd-f097-4f85-90da-8a2f88ebb2fd,3825887,2,73,57,4437,-1,Converted Turnover,Rayo Vallecano,87.1
4a72c6ca-6194-4fde-9fbc-5987936fd847,3825888,1,32,48,1968,1,Final Third Dribble,Valencia,84.9
930b95c1-2a89-4271-9fbe-b1305334da8d,3825889,2,57,18,3438,-1,Converted Turnover,Celta Vigo,100.4
1071639e-8f58-4315-9456-0575660c4ccf,3825889,2,82,33,4953,0,Converted Turnover,Celta Vigo,102.1
6e453f5e-5e09-4cea-b653-bcadfe687375,3825890,1,13,43,823,0,Let Off,Málaga,0.4199638
d7737557-bc19-48d1-acf6-897433bf8637,3825890,2,55,32,3332,0,Converted Turnover,Atlético Madrid,105.5
9b3f76f1-efbe-4401-afda-d63329de0008,3825890,2,61,19,3679,0,Crucial Goal,Atlético Madrid,122.0
852f1272-c69a-4f00-a6a2-8083095126df,3825891,1,17,7,1027,0,Let Off,Espanyol,0.5000162
5f74ce36-3cfe-4e33-9709-139224f3e7be,3825891,1,32,3,1923,0,Final Third Dribble,Espanyol,113.4
cc915d8a-2395-4381-bc3f-48346776105d,3825892,2,61,23,3683,2,Let Off,Granada,0.39466777
e93dcccd-d2da-4a64-b674-f5483f1c4642,3825892,2,83,48,5028,-3,Converted Turnover,Granada,99.4
af355adb-ac78-4c66-a76e-01bad972b2ba,3825893,1,10,43,643,0,Converted Turnover,Real Madrid,80.2
bdd086c6-433b-4bb4-8592-750f7c866393,3825893,1,28,36,1716,0,Converted Turnover,Real Madrid,103.4
c197dab6-9644-449d-8fc7-c5f149e2017f,3825893,2,60,24,3624,1,Converted Turnover,Real Madrid,91.5
950c81ec-2661-4586-90de-9a7734b5aa1b,3825893,2,74,29,4469,2,Converted Turnover,Real Madrid,108.2
0def862a-f751-4149-b3e9-e0268f78a312,3825894,1,28,35,1715,0,Converted Turnover,RC Deportivo La Coruña,80.7
6f75fb23-63c3-4206-ad8f-b3b9a4d713c3,3825894,2,52,43,3163,-1,Converted Turnover,RC Deportivo La Coruña,106.6
a2498f8f-5756-433b-9b08-715aca1aa4bd,3825896,1,19,11,1151,0,Final Third Dribble,Granada,99.0
749f798f-a894-4372-b5fc-4ab3368ba4e2,3825896,2,77,15,4635,3,Final Third Dribble,Granada,82.7
7df262a1-80c5-47ca-ac2f-77d989144730,3825896,2,84,56,5096,2,Smash and Grab,Granada,0.20661157024793386
7eb854d4-22bf-4a4c-a6b5-17984301a33c,3825897,1,31,30,1890,-1,Crucial Goal,Eibar,31.0
573eacfd-f863-44ce-9e9f-8ebe680f0d1d,3825898,2,52,54,3174,0,Final Third Dribble,Celta Vigo,115.4
9904f933-63d6-4cfd-9a5a-e4345eeac56b,3825898,2,58,3,3483,0,Converted Turnover,Celta Vigo,87.7
f0e73680-e957-46fb-b18b-465d9116c4c1,3825898,2,82,20,4940,0,Converted Turnover,Celta Vigo,106.1
8911f31c-1a3a-4894-9f6b-1650d6f08aa4,3825899,2,67,20,4040,0,Crucial Goal,Getafe,134.0
41ad0fa6-f888-4e22-8b45-4439b41da6fa,3825900,1,21,28,1288,1,Converted Turnover,Sporting Gijón,89.6
1f6a2940-b602-4164-aa82-705e147e97b2,3825901,1,25,26,1526,0,Crucial Goal,Real Madrid,50.0
ed8040f9-d8dc-43ec-af21-339f22ba1431,3825901,1,36,21,2181,-1,Converted Turnover,Valencia,85.0
052a075a-1c77-4f20-944c-d091d11c3921,3825902,1,11,13,673,0,Crucial Goal,Rayo Vallecano,22.0
a1eceeda-b454-4eed-bcc7-cf27c02afc67,3825902,1,35,25,2125,2,Converted Turnover,Rayo Vallecano,97.4
17750370-9773-48f4-80d5-58464212c66c,3825902,1,41,54,2514,2,Let Off,Levante UD,0.44925568
fe8d9df0-3b81-4ad8-85f3-a836a6dd99f4,3825902,2,54,42,3282,2,Converted Turnover,Rayo Vallecano,98.4
45ba9b5e-ae0c-4872-95ea-ace454f6d848,3825902,2,86,3,5163,-2,Converted Turnover,Levante UD,108.6
69419e6d-de43-414f-a0e0-617d5e5dde71,3825903,1,11,58,718,0,Converted Turnover,Real Betis,99.1
0f4cb02f-ce23-4e80-9dc9-e455c9d46eb7,3825903,1,28,33,1713,0,Final Third Dribble,Real Betis,105.0
3cc752cb-9c8c-4a16-8694-1a2870de8de5,3825903,2,81,20,4880,0,Crucial Goal,Málaga,162.0
a6660436-ef4e-4186-b434-e79008c725ec,3825904,1,26,16,1576,0,Converted Turnover,Eibar,110.7
a77fcc5c-7162-4d34-b457-8718786714b5,3825904,1,36,49,2209,0,Crucial Goal,Real Betis,72.0
ab8200ec-0b09-4dbe-9354-68a19cafffc6,3825904,2,54,2,3242,-1,Converted Turnover,Eibar,103.6
ec34b734-4bf4-45d7-9eab-c8ed6e97d4b7,3825905,1,10,50,650,0,Crucial Goal,Espanyol,20.0
d31276ca-2602-4e1f-a8ed-ca5015f2353c,3825906,1,20,15,1215,0,Crucial Goal,Sevilla,40.0
654bd710-5066-4318-a731-f29f23734bce,3825906,1,28,59,1739,1,Final Third Dribble,Sevilla,83.9
476d72a9-ec40-44d8-9e4e-a719168dfe31,3825906,2,68,8,4088,-1,Converted Turnover,RC Deportivo La Coruña,108.1
6603f34b-0a35-47f5-b665-d3b67f658cf7,3825907,1,28,28,1708,0,Crucial Goal,Atlético Madrid,56.0
19f81631-99f3-4d07-87c1-d74e225b7756,3825907,2,71,54,4314,-1,Final Third Dribble,Sporting Gijón,106.1
0d4aaa03-e739-4dcd-ae2a-8136bd1240a2,3825908,2,51,30,3090,-2,Converted Turnover,Eibar,97.9
4c39782f-270e-406b-a624-50c2a2e54c20,3890259,1,26,25,1585,0,Crucial Goal,Bayern Munich,52.0
2ee482fe-e02f-4d60-a0b9-1331fef72f01,3890259,2,72,9,4329,3,Final Third Dribble,Bayern Munich,82.2
5d25340e-07b7-4785-91b5-93462ce8f315,3890261,1,14,5,845,0,Crucial Goal,Borussia Dortmund,28.0
8e2d27c2-6c7c-41fb-b27d-33e88d6e9468,3890261,2,83,43,5023,4,Converted Turnover,Borussia Dortmund,95.4
3dfa32ad-4077-4404-b7df-f9cfbfe1207f,3890262,2,74,40,4480,0,Converted Turnover,Darmstadt 98,112.9
0ba80c8f-d400-4223-a475-81521016c41f,3890262,2,80,17,4817,0,Let Off,Hannover 96,0.53249675
f9452b2b-7831-432d-a484-249db7274258,3890263,1,15,52,952,0,Converted Turnover,FSV Mainz 05,93.3
25d8fee0-75b7-47fc-9ae5-1079c118ceee,3890263,1,26,6,1566,0,Converted Turnover,FSV Mainz 05,107.9
e319ba80-1efa-46d7-9a0d-7666d468cb09,3890263,1,35,3,2103,0,Converted Turnover,Ingolstadt,102.8
3c4c902a-bb9f-4802-bf02-92a12de881a2,3890264,1,8,19,499,0,Final Third Dribble,Schalke 04,98.9
b91b2f77-2e80-4433-99a5-4de87067775f,3890264,1,23,38,1418,0,Final Third Dribble,Schalke 04,98.9
08a72979-3b76-4dcd-91e3-706decf166eb,3890265,1,14,26,866,0,Final Third Dribble,Hertha Berlin,107.3
b9affb44-bc09-4ee8-bc6f-5b32624a4954,3890265,1,37,54,2274,0,Converted Turnover,Hertha Berlin,111.4
5cc06aa6-9ddc-4273-b0b0-d124ee17551a,3890265,2,60,49,3649,-1,Final Third Dribble,Augsburg,100.1
07c9d43c-f82a-466e-b285-d8bdbe172795,3890266,1,10,59,659,0,Final Third Dribble,VfB Stuttgart,97.3
399aca01-76eb-41c7-ac28-d088f1bff66d,3890266,2,62,28,3748,0,Converted Turnover,VfB Stuttgart,93.3
287a8973-d520-4628-a0ad-51c2ca013ec4,3890267,1,24,14,1454,-1,Final Third Dribble,Eintracht Frankfurt,80.6
be601cd3-38b2-497a-84c8-87fcf088f570,3890268,1,25,56,1556,-1,Crucial Goal,Werder Bremen,25.0
89a1d6f0-5150-4db7-8234-e1079bad2ce9,3890268,2,83,57,5037,0,Converted Turnover,Hertha Berlin,93.0
5c9c190f-979f-47c1-be80-8f49f6260277,3890269,2,54,7,3247,-1,Converted Turnover,Hamburger SV,92.9
42424e58-57f9-4374-bc65-31d43d80f9b5,3890270,1,12,29,749,-1,Converted Turnover,Bayern Munich,88.5
80aa1276-37ec-401e-be53-fff2e5ad51e7,3890270,1,32,22,1942,-1,Converted Turnover,Bayern Munich,86.4
58323500-b2f1-4362-88f0-50e472019caa,3890271,2,64,50,3890,0,Converted Turnover,Schalke 04,109.4
49cad755-ff43-4f00-a70d-917bbf7390bb,3890272,1,22,57,1377,0,Crucial Goal,Augsburg,44.0
2d5c693f-210d-4441-8030-e8c89eac6886,3890272,1,28,1,1681,-1,Converted Turnover,Eintracht Frankfurt,84.4
35719e41-cb29-428a-a7b3-2e43a4073878,3890272,2,57,9,3429,-1,Converted Turnover,Eintracht Frankfurt,90.3
b033c1c3-1e59-4096-8842-cb0cb4fa902d,3890272,2,66,16,3976,1,Final Third Dribble,Augsburg,83.5
d29c3921-d0a0-4642-acfb-287132c93097,3890273,1,17,1,1021,0,Crucial Goal,Bayer Leverkusen,34.0
4c072091-7574-4346-843f-76379a571674,3890273,2,76,33,4593,1,Converted Turnover,Bayer Leverkusen,107.4
317866b3-670b-4508-84cc-aca336ab0f52,3890275,2,86,3,5163,3,Converted Turnover,Borussia Dortmund,117.5
5ff98c95-d3a4-4280-ba7c-9c2c4594f2cf,3890276,1,12,11,731,0,Converted Turnover,FSV Mainz 05,106.4
280b2780-e088-456b-a1e0-69e2330304d8,3890276,2,53,1,3181,-1,Crucial Goal,Borussia Mönchengladbach,53.0
8a60561d-fdb3-4cda-9d58-cc6329a99c74,3890276,2,86,14,5174,1,Converted Turnover,FSV Mainz 05,83.1
40e30e45-b29e-4da2-957a-c7232ac77024,3890277,1,16,42,1002,0,Crucial Goal,Wolfsburg,32.0
521957cc-036f-48f9-8292-4f89a4782949,3890277,1,25,57,1557,-1,Converted Turnover,Schalke 04,96.0
fddd80b0-03c6-4fed-a1b9-db68bea3a1de,3890277,1,31,5,1865,-1,Converted Turnover,Schalke 04,99.7
7a8e989a-ae69-4d4a-a914-b68c798108af,3890277,2,56,28,3388,1,Converted Turnover,Wolfsburg,105.5
06dbf7e6-fa7b-429d-bd47-a6c9ecfd676d,3890278,1,37,17,2237,-1,Converted Turnover,Bayer Leverkusen,93.3
cce1e735-169d-4fd4-b525-689fb8e1d89c,3890279,2,54,59,3299,-1,Converted Turnover,VfB Stuttgart,86.6
d8ce4f83-6d60-4de2-84c9-9935c3290f8c,3890280,2,62,48,3768,-1,Converted Turnover,FC Köln,81.1
b7f24e1b-408d-49ea-803a-e18ae38ef55d,3890280,2,88,49,5329,-1,Converted Turnover,Hamburger SV,94.8
b719838f-48d6-49a0-a904-0a2ed964c953,3890281,1,8,10,490,0,Converted Turnover,Ingolstadt,98.5
aa91d633-5ca3-4348-ba14-724e44f1c030,3890281,2,52,17,3137,0,Let Off,Ingolstadt,0.4796525
0798bd7d-e205-4143-ae79-7b0d07e13dc1,3890282,1,27,37,1657,1,Final Third Dribble,FSV Mainz 05,111.7
3c279ee4-5aac-40e3-9d60-a12ca3c532e4,3890283,1,9,58,598,0,Final Third Dribble,Darmstadt 98,98.1
ffea547e-a580-45ff-b973-e5bc79828c8b,3890283,1,18,37,1117,0,Converted Turnover,Hoffenheim,96.3
38fabcc5-664e-4be0-bc8b-7ba74bc7e3d1,3890283,2,72,15,4335,0,Converted Turnover,Hoffenheim,88.1
340a1e28-702c-4b0d-9c0d-945aed889d52,3890284,1,26,39,1599,0,Crucial Goal,Borussia Dortmund,52.0
fa308d13-635b-44a8-87c8-f5ccb0f66bf8,3890284,2,50,29,3029,1,Smash and Grab,Borussia Dortmund,0.2456140350877194
70cea6a9-4ccc-45f6-91ed-1a5ad4708e86,3890285,1,10,34,634,0,Converted Turnover,Borussia Mönchengladbach,90.2
3eccc253-a735-43c9-91d7-7897206899d0,3890285,1,28,15,1695,0,Converted Turnover,Werder Bremen,98.3
e0ad3a1d-1a55-4e88-b235-df1b187d13b6,3890285,2,52,7,3127,0,Crucial Goal,Werder Bremen,104.0
83822657-ff94-4989-a649-b77767d481e1,3890285,2,57,51,3471,1,Converted Turnover,Werder Bremen,105.9
c5a1b41d-2448-40af-9f97-d28b79d72472,3890285,2,83,46,5026,1,Let Off,Borussia Mönchengladbach,0.49240527
c7dbb3f0-9c5e-46c1-9855-71979757e920,3890286,1,26,10,1570,-1,Final Third Dribble,Borussia Mönchengladbach,96.2
cc33f154-0446-458c-adca-59f6b8e54fa2,3890287,1,35,25,2125,0,Converted Turnover,Bayern Munich,98.9
bdb1badf-1735-40e6-8871-e0407390423d,3890287,2,68,54,4134,-1,Final Third Dribble,Bayern Munich,81.3
4b076984-876c-4df1-9604-dfcb81d822a6,3890288,1,7,14,434,0,Crucial Goal,Darmstadt 98,14.0
96266baf-6907-4ed4-938c-18cf30b41ded,3890288,1,30,28,1828,-1,Converted Turnover,Bayer Leverkusen,109.2
c1c2d104-0deb-44c3-9be9-875223b4d96c,3890288,1,38,23,2303,-1,Converted Turnover,Bayer Leverkusen,99.0
29c992af-0084-445e-a098-5121b8780c43,3890288,2,68,59,4139,-1,Converted Turnover,Bayer Leverkusen,87.9
0a89a8e6-08d4-4a4b-b6f4-16aff63c6000,3890289,1,34,47,2087,3,Converted Turnover,Eintracht Frankfurt,97.2
ce549431-c56e-4331-a8b5-df162909c27e,3890289,2,54,19,3259,3,Converted Turnover,Eintracht Frankfurt,101.8
b44eff78-3ffa-4c65-86dc-0f426daf9a01,3890290,1,5,58,358,0,Let Off,VfB Stuttgart,0.47143787
a863f73e-e779-4373-9aeb-da0f4a202000,3890290,1,13,26,806,0,Crucial Goal,Hertha Berlin,26.0
ec784b57-765e-4c75-b798-36bce8b3d23a,3890290,1,21,57,1317,-1,Converted Turnover,VfB Stuttgart,110.3
380c9155-a947-4234-afca-378671e36016,3890290,1,35,13,2113,-1,Crucial Goal,VfB Stuttgart,35.0
4196dc1a-9351-443f-9726-1caa3fd779d2,3890291,1,30,36,1836,0,Converted Turnover,Ingolstadt,89.7
996502ef-e31c-4633-ad20-8c49b7fe433f,3890292,1,6,42,402,0,Converted Turnover,Borussia Dortmund,85.6
0705bf5e-3560-497e-b7b5-eec0ba5dbb58,3890292,1,34,24,2064,-1,Crucial Goal,Borussia Dortmund,34.0
89c9b6ef-54d8-4e10-97e2-d9a27c064b9a,3890292,2,70,9,4209,1,Final Third Dribble,Borussia Dortmund,107.5
a9b0f2d1-1fa7-4797-b924-216b93265442,3890292,2,83,15,4995,1,Converted Turnover,Borussia Dortmund,107.1
0f38e8ad-af6d-441b-8f61-89a565aff601,3890293,1,36,48,2208,0,Crucial Goal,Schalke 04,72.0
06f4744d-bbdc-46cd-9d7b-db770baf4bd3,3890293,2,75,53,4553,-1,Converted Turnover,FSV Mainz 05,110.1
03bc9835-0af2-45ca-956a-6216eb1f8bde,3890294,1,8,19,499,0,Converted Turnover,Werder Bremen,86.9
8037c99e-24d0-4c5f-9ed0-a4eaeee6ab81,3890294,1,16,9,969,0,Converted Turnover,Werder Bremen,84.4
e5db4bab-b4fa-4254-9ee1-6ee5f42c579b,3890294,1,35,34,2134,0,Converted Turnover,Hoffenheim,98.4
af781535-072e-420a-81d9-5f3b1093312d,3890294,2,84,48,5088,0,Final Third Dribble,Hoffenheim,91.7
d1c1d16e-7032-480f-b097-8b667c15e21f,3890295,1,38,46,2326,0,Converted Turnover,FSV Mainz 05,89.6
a424e9cc-21c3-4b69-983a-3aa87c8329ff,3890295,2,53,46,3226,0,Converted Turnover,Hoffenheim,93.2
515f8e96-bd48-4485-9bab-3b8d3a36ef9b,3890295,2,60,3,3603,0,Crucial Goal,FSV Mainz 05,120.0
cbc00c1e-0d58-4816-a2f8-9394c38adcbb,3890295,2,79,53,4793,-2,Converted Turnover,Hoffenheim,93.4
111ab13a-e4a1-46bd-89e9-0f9eff48b860,3890295,2,85,54,5154,-2,Final Third Dribble,Hoffenheim,90.8
355e6f5f-ee15-4391-88a6-e777481c7853,3890296,1,19,13,1153,0,Crucial Goal,Bayern Munich,38.0
7fffa27e-efd1-46a2-aaa1-56a899b1023c,3890296,2,61,22,3682,1,Final Third Dribble,Bayern Munich,83.8
ff72a456-c901-413e-ba97-04a47051153a,3890297,1,5,44,344,0,Converted Turnover,Hamburger SV,98.7
88f7424d-79b9-43e7-bcae-766795af82ff,3890297,1,11,20,680,0,Converted Turnover,Eintracht Frankfurt,86.0
6027fe4b-f602-4010-87ca-c072d68b7a87,3890297,1,21,52,1312,0,Converted Turnover,Hamburger SV,84.2
5a80f48f-0f06-48b8-bb1b-bf2a6594e11e,3890298,1,37,59,2279,0,Final Third Dribble,Hertha Berlin,80.5
0697a5a3-7b81-4065-968e-9577749f97bf,3890298,2,64,40,3880,0,Final Third Dribble,Wolfsburg,93.3
48792ada-9eff-4f22-bfcf-b77802f2b0a5,3890298,2,75,36,4536,0,Crucial Goal,Wolfsburg,150.0
c3708deb-3ad6-4cfa-999d-bb21471eeafc,3890299,1,17,28,1048,0,Converted Turnover,FC Köln,100.4
02fd0a1a-4d29-478f-b10e-6b7760b2d289,3890299,1,24,36,1476,0,Final Third Dribble,Borussia Mönchengladbach,80.5
7e59de6f-d088-4361-9381-9b6abce11497,3890299,1,37,13,2233,0,Converted Turnover,Borussia Mönchengladbach,93.1
10f4a855-fe8c-4bf8-a0cc-eed1e2e2303b,3890299,2,63,19,3799,0,Crucial Goal,FC Köln,126.0
975457bf-4d7b-4da0-9c20-88d2f50a9d1d,3890300,2,71,51,4311,0,Converted Turnover,Ingolstadt,96.9
92f3a06d-6669-43b3-8063-11cf9b2e86ca,3890300,2,86,22,5182,0,Final Third Dribble,Werder Bremen,84.7
9d5a5972-7670-4271-842f-c21a3bcbcd02,3890301,1,13,3,783,0,Final Third Dribble,Borussia Dortmund,97.3
5da986ba-1252-4658-a51f-94af9608cc76,3890301,1,18,17,1097,0,Crucial Goal,Borussia Dortmund,36.0
18d8f929-2bb7-45a1-a99f-b66ef72d3957,3890301,2,50,18,3018,1,Let Off,Bayer Leverkusen,0.3759045
d7911a03-1989-49e3-90d1-68df68232fad,3890301,2,85,44,5144,3,Converted Turnover,Borussia Dortmund,93.9
d27e78e6-3dc8-41bd-a839-4cc2fd85e6b6,3890302,2,50,10,3010,2,Converted Turnover,Augsburg,116.4
dec1f2b3-e4b6-4e46-893c-a0cde813ca51,3890302,2,58,28,3508,2,Let Off,Hannover 96,0.30789348
0214c1d3-b983-4fd6-855d-eaa90e5a70e1,3890303,1,7,14,434,0,Final Third Dribble,VfB Stuttgart,99.5
b5fdb0b1-7981-4d3d-b131-cc9f21a6ac59,3890303,1,33,10,1990,0,Converted Turnover,Schalke 04,110.8
b2e05fd0-cf1f-49f5-8598-7bdcc3d986a5,3890303,2,80,7,4807,-1,Converted Turnover,VfB Stuttgart,93.1
0f9b1830-faf3-49c1-91bb-ca37fb430e80,3890304,2,68,41,4121,0,Converted Turnover,Ingolstadt,99.6
09784830-bbbb-4771-b2bb-b026c2f384cd,3890304,2,86,23,5183,0,Crucial Goal,Hamburger SV,172.0
a06761cf-a47f-40f1-b907-0bd4ea8913a1,3890305,1,25,48,1548,0,Crucial Goal,Wolfsburg,50.0
11db64bb-f1e2-40c6-840f-83cafc55ffbe,3890305,2,74,14,4454,-4,Converted Turnover,Wolfsburg,94.2
ddf35104-aea7-40a6-ba21-47dd06cb667f,3890306,2,63,40,3820,-1,Converted Turnover,FC Köln,110.6
d33ed8f3-6b58-453f-8d7d-1eeafe776de6,3890307,1,13,19,799,0,Converted Turnover,Darmstadt 98,84.0
235bf46c-7006-4d36-8860-2df24c58e6bd,3890307,2,51,33,3093,0,Converted Turnover,Werder Bremen,116.5
da3e3ca2-8dca-4a59-a6fb-d4116163e9f9,3890308,2,68,6,4086,3,Final Third Dribble,Borussia Mönchengladbach,103.1
0d39934b-c7d7-42a4-a7a3-6a03eb926a08,3890309,1,6,11,371,0,Final Third Dribble,Hannover 96,94.9
b4610dad-bdde-49a9-a0ae-a24623c5aba5,3890309,1,23,1,1381,-1,Converted Turnover,Hannover 96,107.3
40e8300e-55b1-406b-9762-78a9748c3a51,3890309,2,69,1,4141,-1,Final Third Dribble,Hannover 96,110.4
41d7089a-cb88-48eb-bb7d-b08b1b6593b3,3890310,2,66,48,4008,0,Converted Turnover,Borussia Dortmund,91.7
2be13cef-32ab-4d34-b1bf-556769f131be,3890310,2,84,58,5098,0,Let Off,Hoffenheim,0.33266225
7caec104-4798-4f26-b355-cd263aef6492,3890311,1,19,1,1141,0,Converted Turnover,Schalke 04,85.6
b264e90f-1d4d-4faa-a195-8e66b9554e30,3890311,2,75,27,4527,0,Crucial Goal,Schalke 04,150.0
8453e079-3921-4435-898f-6241eb1cea02,3890312,1,17,36,1056,0,Converted Turnover,Bayer Leverkusen,108.6
d1e58e6f-45b7-4f15-a555-5004b8e2600e,3890312,1,34,36,2076,0,Converted Turnover,Bayer Leverkusen,81.9
c8e72fd4-af50-4f16-b004-388c84996016,3890312,2,68,20,4100,0,Crucial Goal,Bayer Leverkusen,136.0
e0437717-76f2-482c-8e0b-b5032d950c0f,3890312,2,73,31,4411,1,Let Off,FSV Mainz 05,0.42574263
a60a5083-070a-41bd-99d6-ce7f22cd0a5e,3890312,2,78,48,4728,1,Converted Turnover,Bayer Leverkusen,113.6
59e6fb32-79a6-4a00-9351-4e0358172a80,3890313,1,26,45,1605,0,Converted Turnover,Ingolstadt,81.5
67a73d4e-5272-4bf0-b851-1d82ecbfdbf7,3890313,2,68,53,4133,0,Converted Turnover,FC Köln,110.8
577b569c-ced3-49e3-9ae0-b673c5137949,3890314,1,18,10,1090,1,Final Third Dribble,Hoffenheim,82.8
08d97dd0-1b74-424c-b64b-7ec5fbe8237c,3890314,1,27,24,1644,-1,Let Off,Hoffenheim,0.46315256
3c18a860-2ec8-457a-ba4f-c09ae89cc235,3890314,2,61,21,3681,0,Converted Turnover,Augsburg,105.9
d5b29d77-a60b-4bdd-a709-b739422a9025,3890314,2,74,49,4489,2,Converted Turnover,Hoffenheim,90.6
f86be86e-091b-4e05-a7ce-e7ed4e51de78,3890315,2,64,52,3892,2,Converted Turnover,Bayer Leverkusen,91.4
c9d64a1f-b336-479b-9022-c00097129cbc,3890316,2,76,5,4565,-3,Final Third Dribble,FSV Mainz 05,104.8
916193e2-4e1e-4f63-96e2-632d0e1cdba8,3890317,2,59,57,3597,0,Crucial Goal,Schalke 04,118.0
3edcc001-ee0b-4e43-b35a-d644cd46c470,3890317,2,80,12,4812,-1,Final Third Dribble,Hamburger SV,98.7
aee88021-c12f-47e3-8bc2-75865a62985f,3890318,1,5,45,345,0,Converted Turnover,VfB Stuttgart,99.1
ff06c438-a7c4-4f4d-b7bb-2ce5b1aa99d6,3890318,1,24,25,1465,2,Converted Turnover,Borussia Mönchengladbach,108.3
d0dd9a55-c4d7-49bc-8922-f8cb1cda4bc6,3890318,2,56,23,3383,-1,Converted Turnover,VfB Stuttgart,108.7
a14a135b-9adc-4a24-bd98-1b8e31544390,3890318,2,62,47,3767,-1,Converted Turnover,VfB Stuttgart,118.7
fa699869-2d5f-4807-b602-ce2aea3e840b,3890318,2,74,16,4456,-1,Converted Turnover,VfB Stuttgart,114.7
e29e1d2f-6b42-458d-a2f6-f97b817f165d,3890319,1,39,3,2343,0,Crucial Goal,Wolfsburg,78.0
3bed4c89-76b7-4686-8fff-5bce03dc3a01,3890319,2,65,19,3919,0,Final Third Dribble,Wolfsburg,97.1
fb4b1c81-cf52-4498-90ad-141e246198ce,3890319,2,81,1,4861,0,Final Third Dribble,Wolfsburg,95.3
c0470f6d-bb93-4118-8c3b-938da345cdd8,3890320,1,13,34,814,0,Let Off,Eintracht Frankfurt,0.4926775
ad2323ae-931b-476c-a95e-c6970156564c,3890321,1,10,10,610,0,Let Off,Darmstadt 98,0.39293268
77ab9855-9d1b-44a4-a66a-23d3c59b8046,3890321,1,36,42,2202,-1,Converted Turnover,Borussia Dortmund,87.4
84555a1b-9dc5-4594-af52-b89fd29d6e1a,3890321,2,62,12,3732,-1,Crucial Goal,Borussia Dortmund,62.0
3e53e82e-689a-496d-a319-60656f5afd88,3890321,2,70,4,4204,0,Crucial Goal,Borussia Dortmund,140.0
5eb1eca4-a2e4-42f7-b466-c3977e740f42,3890322,1,26,6,1566,-2,Smash and Grab,Darmstadt 98,0.2432432432432432
4841b19f-7fee-4623-8070-c57c3c4356a5,3890322,1,31,7,1867,-1,Converted Turnover,Darmstadt 98,85.3
98a630fc-1763-41a0-ba8a-44788c2334b0,3890322,2,56,5,3365,-1,Crucial Goal,Darmstadt 98,56.0
1229d088-8f3d-4803-8368-52cb9b560831,3890324,1,16,8,968,0,Crucial Goal,Hertha Berlin,32.0
f977a57d-fa13-4650-a45e-29ac029af5b4,3890324,1,37,11,2231,1,Converted Turnover,Hertha Berlin,98.7
d267a0d1-0caf-493f-b467-e99af2a8a377,3890324,2,84,24,5064,3,Converted Turnover,Hertha Berlin,99.5
3ed23eb8-64bd-486f-8431-4db8b60fc1a4,3890325,1,14,52,892,0,Converted Turnover,Hannover 96,89.6
e81f13ac-9a41-4c4a-ab9d-2a68b470f901,3890325,2,54,57,3297,0,Crucial Goal,Hannover 96,108.0
de04de1e-452c-4bca-a7b7-962e4f025bb7,3890325,2,62,38,3758,1,Final Third Dribble,Hannover 96,83.4
3479b493-589f-47b8-b4d2-fb8d32651e4a,3890326,1,24,39,1479,0,Converted Turnover,Ingolstadt,88.9
9264a849-fe66-46ff-ae61-701255c96939,3890326,2,72,5,4325,0,Converted Turnover,Eintracht Frankfurt,97.1
653861bf-7d58-4b19-8bcf-a7047eeb16bd,3890326,2,83,53,5033,1,Final Third Dribble,Ingolstadt,95.8
73964465-9337-4710-a58e-9c825ddaa158,3890327,1,32,13,1933,0,Crucial Goal,Hoffenheim,64.0
6e51659d-3d4d-43a4-8c22-da60fe3b9ce3,3890327,2,56,28,3388,-1,Final Third Dribble,VfB Stuttgart,94.6
5deba95c-0f12-4724-a8af-d08d7d21e0f2,3890327,2,63,36,3816,-1,Crucial Goal,VfB Stuttgart,63.0
829451dd-5945-4aab-a941-82632d8524cc,3890327,2,76,33,4593,0,Crucial Goal,Hoffenheim,152.0
3c87fdf5-1afa-428f-b8a2-35adc4b854b6,3890328,1,19,55,1195,0,Converted Turnover,Schalke 04,109.5
42c4e0b8-c23d-4d73-a4a9-f23a49eb7e61,3890328,1,28,4,1684,0,Converted Turnover,Schalke 04,80.5
af0486d4-dd15-4604-878b-201d8ad1e384,3890328,1,35,55,2155,0,Converted Turnover,FC Köln,86.6
324bba0c-2f55-45cd-aed3-18a93e8435b5,3890329,1,17,59,1079,0,Converted Turnover,Bayern Munich,86.7
6471f84b-12cb-4267-a7f1-988d9293912b,3890329,2,54,40,3280,2,Let Off,Borussia Dortmund,0.5644214
0f0c95a7-1f59-417a-a0ee-b0e69d0909d6,3890330,1,38,31,2311,-1,Crucial Goal,Bayer Leverkusen,38.0
4216f0f6-c1be-4f3d-862e-d7a8331dc9f1,3890330,2,73,50,4430,0,Converted Turnover,Bayer Leverkusen,86.3
2e07abd2-6359-4fa8-9ff0-e1a71264e7a6,3890331,1,5,27,327,0,Let Off,Borussia Dortmund,0.51767653
6dc79d28-ab93-4536-bfce-e2187017d837,3890331,2,76,21,4581,1,Let Off,FSV Mainz 05,0.33628544
da674247-3492-4ae0-8b93-9dd55e27399a,3890331,2,81,45,4905,1,Converted Turnover,Borussia Dortmund,80.4
b9a9d929-2c6f-4225-9853-326395c57d19,3890332,2,67,39,4059,-1,Let Off,Bayern Munich,0.5209501
64154f92-3e43-49de-9831-8f3609e8ea96,3890333,1,6,27,387,0,Crucial Goal,Darmstadt 98,12.0
1ea246ba-ebaa-470a-a8b6-da00d2167864,3890333,1,16,18,978,-1,Converted Turnover,Augsburg,95.5
9ef98965-a68b-4c44-8189-4e8310840abf,3890333,1,35,14,2114,-2,Converted Turnover,Augsburg,110.6
4a782038-b6e3-4c0e-8c52-28fe2c61d092,3890334,1,15,42,942,0,Crucial Goal,Borussia Mönchengladbach,30.0
de19f101-fabb-41dd-a7ba-7574c0aff033,3890334,1,20,50,1250,1,Converted Turnover,Borussia Mönchengladbach,114.5
eab9dd90-ad4c-4972-9a74-3c510adc080e,3890334,1,28,12,1692,-1,Crucial Goal,Eintracht Frankfurt,28.0
3b17c0bb-7b5c-4b34-b533-f17c9c189fed,3890335,1,13,49,829,2,Final Third Dribble,Wolfsburg,81.5
18683143-0f1e-4e7f-820e-8aa26c89eaa9,3890335,1,19,50,1190,2,Final Third Dribble,Wolfsburg,115.1
a51b2001-e8ad-4cae-b635-5471d094c10b,3890335,1,27,38,1658,-2,Converted Turnover,Hoffenheim,90.3
f7d2e150-cb08-442b-bc9c-4331451473e5,3890335,1,35,58,2158,1,Final Third Dribble,Wolfsburg,112.8
a9a1035c-a82c-4784-a56d-bb97768e484b,3890335,2,61,35,3695,0,Crucial Goal,Wolfsburg,122.0
7847c7cd-c449-4be0-a72f-dbf5aa47bc63,3890335,2,82,16,4936,1,Smash and Grab,Wolfsburg,0.4979423868312758
c27e6e79-6c55-4e43-8109-c835527c2ca0,3890336,1,6,54,414,0,Final Third Dribble,Schalke 04,105.1
f2aa69e2-702c-4f35-af86-4730a4a66e58,3890338,2,58,11,3491,0,Crucial Goal,VfB Stuttgart,116.0
4b4690dd-dd1b-407a-974c-7f4a8432686d,3890339,1,19,17,1157,0,Converted Turnover,Hannover 96,93.6
5d1fd772-c148-44fc-97db-68a2ba0a37e5,3890339,1,37,30,2250,0,Crucial Goal,Hannover 96,74.0
b8aba54e-27c9-4605-ae1a-1398241a4509,3890339,2,87,28,5248,-1,Converted Turnover,FC Köln,94.8
b0ecfec1-4129-45dd-a6fd-49cd701ceb74,3890340,1,22,43,1363,0,Converted Turnover,Hamburger SV,110.3
cf27fd46-cc77-4175-a2fb-bda7e4092ed5,3890340,1,34,36,2076,0,Converted Turnover,Hoffenheim,116.7
dde8bac0-0a8f-4deb-92bf-569f9ee4afa0,3890342,2,82,32,4952,-1,Converted Turnover,Darmstadt 98,104.4
6e28775f-f03a-4efa-b22f-6c9bc0574913,3890343,1,10,0,600,0,Crucial Goal,Hertha Berlin,20.0
b132602d-f88d-4698-a3df-0a46cf7d0ba7,3890343,2,77,15,4635,1,Let Off,Ingolstadt,0.7120371
0df73b1f-78da-462a-b195-b6837229d9e2,3890343,2,82,58,4978,-1,Converted Turnover,Ingolstadt,81.3
4cc853be-65d3-48ac-9f3c-ccbd7f929ef5,3890344,2,70,42,4242,-3,Converted Turnover,FSV Mainz 05,97.9
ceea64f4-7e30-4f8f-a42a-dd98e93617f9,3890345,1,8,49,529,0,Converted Turnover,Hannover 96,107.2
8f88b1fc-d70f-46a9-8444-77c18033caa6,3890345,1,27,47,1667,0,Converted Turnover,Hannover 96,96.7
739a5ff3-9668-407b-aeb8-9725b3e7c0ae,3890347,1,17,20,1040,0,Crucial Goal,Borussia Dortmund,34.0
d732ec60-c546-4c2b-a986-945a747bddef,3890347,1,32,44,1964,2,Converted Turnover,Borussia Dortmund,88.8
fe15141a-ff36-4b97-b03c-6066ac7e4e70,3890347,2,64,54,3894,-2,Converted Turnover,Augsburg,110.4
05cfc89a-5f05-4470-8374-666bd5598395,3890348,1,17,21,1041,0,Converted Turnover,Borussia Mönchengladbach,82.4
9010b7ab-89eb-4bb5-b413-f6a36df79746,3890348,2,58,57,3537,0,Converted Turnover,Borussia Mönchengladbach,96.1
635722f8-3021-442b-b81a-359edda59336,3890348,2,83,19,4999,1,Converted Turnover,Borussia Mönchengladbach,89.0
1f350b94-7a71-4db2-a904-13bcff0d81b2,3890349,1,10,18,618,0,Final Third Dribble,Bayern Munich,87.7
9817bf7c-1089-4b5f-b3dc-467dd1631cd1,3890349,2,53,31,3211,0,Converted Turnover,Eintracht Frankfurt,104.2
30f9eb0a-4382-4c37-affc-720c2df050ec,3890349,2,80,20,4820,0,Let Off,Eintracht Frankfurt,0.46694756
92ba3632-77f9-4e54-8249-574fe6c1d7ca,3890350,1,33,38,2018,0,Crucial Goal,Wolfsburg,66.0
e8703224-6e29-4589-9ca9-6da69b4bf075,3890350,2,67,6,4026,0,Converted Turnover,Bayer Leverkusen,85.4
6fd5cab1-e684-4a24-8c6a-f2a6699d49e9,3890350,2,87,19,5239,-1,Final Third Dribble,Bayer Leverkusen,108.5
ac8867e7-08a2-4445-8a72-75c262dd449c,3890351,2,84,14,5054,-2,Converted Turnover,Hertha Berlin,110.6
9defb8b0-2034-4928-99df-445b403a741e,3890352,1,23,38,1418,0,Let Off,FC Köln,0.3817689
bfc660ca-ac6a-41d8-bd01-425f5c4f89b5,3890352,2,60,1,3601,0,Converted Turnover,Hoffenheim,96.0
8adcb0e1-b500-4316-9118-547bff8c4ce6,3890353,2,50,0,3000,1,Let Off,Werder Bremen,0.36247116
4bb8858b-f14e-4b4e-847d-55ea94cd1bb9,3890354,1,40,17,2417,-2,Converted Turnover,Augsburg,98.3
638a8314-7914-40cb-8a0a-cbb635a45b43,3890354,2,69,27,4167,0,Converted Turnover,FSV Mainz 05,84.8
b9f4f264-b4bc-49c3-8d76-9368a6e8e9e8,3890355,1,23,17,1397,0,Final Third Dribble,Schalke 04,92.3
114b7c77-6faf-479b-9cc5-70c9a5771ead,3890355,2,53,7,3187,-1,Final Third Dribble,Schalke 04,109.4
4d76b32d-7cf5-4e33-8bc6-4e3d3642f7c4,3890356,1,26,8,1568,1,Let Off,Hannover 96,0.58641315
064826e4-aa00-4b44-878e-f59217a73dab,3890356,1,38,35,2315,1,Converted Turnover,Hamburger SV,105.3
5755046e-7ad4-4cc6-bb0a-12f11dd28a5c,3890356,2,72,51,4371,-1,Converted Turnover,Hamburger SV,107.1
cbd28528-d431-4785-886c-6efd6a834e17,3890357,1,18,56,1136,0,Converted Turnover,VfB Stuttgart,90.7
31b0cca1-8c3b-4c90-b1f0-d3971ff9f68a,3890357,2,67,14,4034,0,Converted Turnover,VfB Stuttgart,103.7
4453d14f-8a13-4173-b942-72e9c7aa3333,3890357,2,82,39,4959,-1,Let Off,VfB Stuttgart,0.30934998
5039c1ed-bbbc-4ad9-8608-e8fc00b1817f,3890358,1,32,11,1931,0,Crucial Goal,Hertha Berlin,64.0
18da5ec9-71e9-487e-87c5-8bac33e8e9f1,3890358,1,41,37,2497,-1,Converted Turnover,Hannover 96,90.9
5d7378aa-77dc-419a-a21f-a79114b1d02b,3890358,2,86,56,5216,1,Smash and Grab,Hertha Berlin,0.22699386503067487
41a32b9b-18d1-4553-99e3-3283c78f403d,3890359,1,32,9,1929,-1,Crucial Goal,Bayer Leverkusen,32.0
9be58916-b523-4fd6-ae59-cef889c4b213,3890359,2,71,55,4315,0,Crucial Goal,FC Köln,142.0
39b03067-0eaa-482f-8436-4614575e79e9,3890360,1,22,48,1368,0,Converted Turnover,Hamburger SV,103.7
dff4ffe2-e8a2-437c-a060-df366268ce18,3890360,1,28,25,1705,0,Crucial Goal,Hamburger SV,56.0
1a763ec9-4db7-4c44-91e3-6a64675d8ade,3890360,2,54,54,3294,0,Converted Turnover,Darmstadt 98,114.0
3a280a5f-79fc-4721-a8bb-a8974c2463b3,3890360,2,87,29,5249,0,Converted Turnover,Darmstadt 98,92.0
24647fba-235a-4a9e-af4b-da64b08b8c7d,3890361,1,10,50,650,0,Let Off,Wolfsburg,0.31664902
ebd78c78-c8bc-4bce-9f61-8b02f1251633,3890361,1,22,28,1348,0,Converted Turnover,FSV Mainz 05,84.4
a9469fcb-f3d3-438f-af59-0ba2695e063c,3890361,2,57,32,3452,1,Converted Turnover,FSV Mainz 05,93.7
b3c298e4-bbcb-4865-9cd9-e4cbbc79ba7c,3890361,2,67,32,4052,1,Let Off,Wolfsburg,0.33552513
208fe01f-ff62-430d-8f82-9022937811ad,3890362,1,37,25,2245,0,Final Third Dribble,Hoffenheim,83.0
96712d52-36a7-4c2e-a9a2-00e04e0aac40,3890362,2,53,12,3192,0,Let Off,Eintracht Frankfurt,0.35731667
9ac8f106-485e-4a3e-8d68-1879af63d33b,3890362,2,76,44,4604,0,Converted Turnover,Eintracht Frankfurt,110.4
5415469f-29fa-4b55-9629-90f1035af984,3890362,2,83,28,5008,0,Converted Turnover,Hoffenheim,81.3
7a305a4e-76e9-4029-9357-5f8c2803dfdf,3890363,1,9,45,585,0,Converted Turnover,Ingolstadt,110.2
217a665b-ec37-469e-a343-1f9e03552580,3890363,1,24,34,1474,0,Converted Turnover,Ingolstadt,89.3
769b2c5d-cd77-4274-90c0-4d15580746d6,3890363,1,34,8,2048,0,Final Third Dribble,Ingolstadt,110.9
7cc80c66-9317-4524-aad8-d9eb72a8751e,3890363,1,40,24,2424,0,Converted Turnover,Borussia Mönchengladbach,94.4
6904ec16-f911-49c3-9446-5d2d0f67597d,3890364,1,22,23,1343,2,Final Third Dribble,Bayern Munich,101.0
19417ee1-d047-4673-b44f-73edf8ca2864,3890364,1,27,43,1663,2,Converted Turnover,Bayern Munich,108.3
7658a82f-2da4-4903-9b5e-cf4ecf81a011,3890364,2,51,30,3090,4,Let Off,VfB Stuttgart,0.3100773
e49d745c-ed89-4066-a1ee-c18062969ee4,3890364,2,79,33,4773,4,Final Third Dribble,Bayern Munich,103.0
bc9f2f5a-bcd8-42bc-a5a0-712acb873f8e,3890365,2,53,9,3189,2,Let Off,Schalke 04,0.31200415
161c5796-1924-438c-9114-a02acf238426,3890365,2,82,1,4921,-1,Converted Turnover,Schalke 04,104.3
27a54a7b-408b-4096-a672-e2bf83c540f9,3890366,1,18,43,1123,0,Converted Turnover,Werder Bremen,87.2
cf7520f5-2a3b-4ea8-bfdf-d490b0960533,3890366,2,51,22,3082,0,Converted Turnover,Werder Bremen,98.0
7d2121d6-3597-4f17-9b92-83787b1e13e1,3890366,2,57,16,3436,0,Crucial Goal,Werder Bremen,114.0
3c8a21b5-da74-4770-a2fe-a21612e01158,3890366,2,68,30,4110,1,Final Third Dribble,Werder Bremen,111.9
2dda1d90-5168-4362-acc2-5bcfe43c7b9a,3890367,1,18,42,1122,0,Crucial Goal,Hamburger SV,36.0
e3c79ebc-ecf8-4ee4-b25f-d10dcbb0ffdc,3890367,1,40,25,2425,1,Smash and Grab,Hamburger SV,0.6868686868686869
488d82dd-b806-4491-b281-d7619a7129c4,3890367,2,77,48,4668,-3,Converted Turnover,Borussia Dortmund,89.2
cbe7f35e-dfac-454b-a2f8-42321dc2a521,3890368,2,61,1,3661,3,Final Third Dribble,Wolfsburg,105.7
ea9973d5-c358-45b5-bbcd-2c8e86f967ea,3890368,2,75,9,4509,-4,Converted Turnover,Werder Bremen,106.9
fbf84e98-00d8-4caf-b3c9-78d834e14700,3890369,1,8,31,511,0,Converted Turnover,Bayern Munich,98.7
0b658b2f-8dde-4227-a66e-85d3ef1435e8,3890369,2,75,3,4503,1,Let Off,Schalke 04,0.3604707
b80554fd-86c0-4264-a247-7d10ae28c4e2,3890370,1,22,47,1367,0,Crucial Goal,Bayer Leverkusen,44.0
1b759944-da74-46c9-a327-08f1f31f6a95,3890370,1,38,12,2292,1,Smash and Grab,Bayer Leverkusen,0.26530612244897966
099e40ee-16e1-4274-965d-73033e3e6449,3890371,1,7,23,443,0,Converted Turnover,FC Köln,109.9
52ce2838-a6a0-41d5-aa8a-c6149e8850ea,3890371,2,50,28,3028,0,Converted Turnover,FSV Mainz 05,103.3
909bea5e-4929-46c4-b31f-bdbdc66acd74,3890371,2,72,12,4332,0,Converted Turnover,FC Köln,106.4
03c615ba-b0e6-407b-953b-0cead5c01af6,3890372,1,23,54,1434,2,Let Off,VfB Stuttgart,0.5361269
fa7c7e83-3a5d-49b8-b068-52e7c36394fa,3890372,1,35,3,2103,2,Smash and Grab,Augsburg,0.2582781456953642
4797d7df-a49a-4c2a-915f-e625b42dba2d,3890373,1,12,37,757,0,Final Third Dribble,Borussia Mönchengladbach,88.1
bdd5f435-8fcb-4daf-a3e2-6066cd25d8d4,3890374,1,8,22,502,0,Crucial Goal,Darmstadt 98,16.0
4561d516-cc71-462a-9677-acf0bf011ad0,3890374,2,51,50,3110,-1,Converted Turnover,Ingolstadt,117.9
a5f9851b-10aa-4097-bc00-d4fb1a634a26,3890374,2,75,14,4514,1,Converted Turnover,Ingolstadt,91.3
202343d9-07a9-4795-a510-70cdf83c8c00,3890376,1,18,7,1087,0,Converted Turnover,Darmstadt 98,110.6
557646cd-4e82-4bdf-907e-0c9d9aec3982,3890376,2,51,23,3083,0,Converted Turnover,FC Köln,113.5
0743dc03-8bd1-4929-adef-55c44f7f0c95,3890377,1,23,51,1431,0,Final Third Dribble,Hoffenheim,104.9
5b2feaef-5c58-4f7e-9aa7-8667d22e3733,3890377,2,69,27,4167,1,Converted Turnover,Hoffenheim,85.0
6098d769-4ad0-4355-9e26-1f919b3111b3,3890378,1,33,20,2000,0,Crucial Goal,Bayern Munich,66.0
38d9c942-5793-47d4-aa5f-d557fdb6578a,3890379,1,34,55,2095,-2,Converted Turnover,Werder Bremen,93.1
b8f5f55f-aaaa-4721-a55f-0dbf98928751,3890379,2,67,40,4060,1,Smash and Grab,Hamburger SV,0.2735849056603774
01918083-0039-40c2-808a-99417e194ad0,3890380,1,10,44,644,1,Final Third Dribble,Hannover 96,114.3
da7f16e2-b9da-403d-9ea8-de0da1d08f1a,3890380,2,84,20,5060,3,Converted Turnover,Hannover 96,88.8
71161d24-63e9-4ca1-94e2-1823ff1f91e3,3890381,1,11,39,699,-1,Converted Turnover,Eintracht Frankfurt,111.3
c21353a2-d523-4b38-abce-a7cca2744011,3890381,1,34,19,2059,1,Converted Turnover,FSV Mainz 05,109.1
0f4d8205-02b5-40eb-b3dc-b2b476b752dd,3890381,2,54,34,3274,-2,Converted Turnover,Eintracht Frankfurt,89.4
f3525688-9123-4f7e-ae14-3c4465f3b5e4,3890381,2,60,57,3657,-2,Smash and Grab,Eintracht Frankfurt,0.32000000000000006
b4ea8690-7f66-449a-b486-b19673aef6cc,3890381,2,70,15,4215,-1,Converted Turnover,Eintracht Frankfurt,103.6
a94afcff-fe54-469d-a2e6-b7f2be99c996,3890383,1,30,13,1813,0,Converted Turnover,Wolfsburg,83.2
93c22187-18f7-47b6-ae09-64ccfa12235a,3890383,2,57,2,3422,0,Converted Turnover,Wolfsburg,95.5
b9f66fb1-773d-4eba-8a7f-a97a059ef98d,3890383,2,70,43,4243,0,Converted Turnover,Augsburg,92.0
6ac95a11-1b64-49e8-87d8-c55d430392f3,3890383,2,81,11,4871,0,Converted Turnover,Wolfsburg,94.3
0c89cbda-3e4e-4749-a3f6-de27b54c4e50,3890384,1,16,17,977,-1,Converted Turnover,VfB Stuttgart,92.2
68d079dd-d2dc-4ed9-96fa-c7507c49a85b,3890384,2,82,10,4930,2,Let Off,VfB Stuttgart,0.30748716
a1c6bb80-a3a8-4d6b-bd69-7487345c6ee6,3890385,1,20,38,1238,0,Final Third Dribble,Schalke 04,108.7
36396bbe-7201-4cda-8904-92800d497278,3890385,2,50,45,3045,0,Crucial Goal,Schalke 04,100.0
0f91293f-5789-4d0d-97a8-8b915a4e1df3,3890386,1,23,50,1430,1,Final Third Dribble,FSV Mainz 05,103.8
7f5ac772-f42b-424a-afb9-cb7fb365a60d,3890386,1,31,19,1879,1,Converted Turnover,FSV Mainz 05,83.9
3d5e2760-5fed-4021-a2cd-4230ff7461ad,3890386,2,59,10,3550,-2,Converted Turnover,Hamburger SV,93.5
cff0cd68-8ec2-441a-a04c-194b416b81a9,3890386,2,75,26,4526,2,Smash and Grab,FSV Mainz 05,0.4566473988439306
b61647b9-437c-4971-a5f6-52421e81ea8b,3890387,1,18,11,1091,0,Converted Turnover,Bayern Munich,82.8
36174095-acd1-4fe1-97f0-7f235f465b94,3890387,2,64,58,3898,1,Converted Turnover,Borussia Mönchengladbach,84.5
dec70772-d4dd-4b9d-9b79-5520f2ea0a9e,3890387,2,78,57,4737,-3,Converted Turnover,Bayern Munich,88.4
affbdb2d-7d55-4b59-8542-733593813a89,3890388,1,26,28,1588,0,Converted Turnover,Borussia Dortmund,103.2
f9d32d53-8e8f-47a7-a825-baf8050593bd,3890388,2,60,1,3601,-1,Converted Turnover,Wolfsburg,104.9
8d9558e4-30ae-4934-a6fe-cf068e4d0e51,3890388,2,71,59,4319,-1,Converted Turnover,Wolfsburg,93.2
0d4a1540-9a2d-4b38-86b4-16b2ec135c6f,3890389,1,27,29,1649,0,Converted Turnover,Ingolstadt,84.9
65908352-1bd1-4dc9-9601-73c8336dde5f,3890389,2,65,51,3951,0,Crucial Goal,Ingolstadt,130.0
38458d5c-5f45-47f2-a540-6574480d00a3,3890389,2,72,48,4368,1,Converted Turnover,Ingolstadt,82.7
368e17de-638f-42a6-8ade-55a50d6606a4,3890390,1,36,20,2180,0,Converted Turnover,Bayer Leverkusen,81.3
7a3db5ec-db56-4a56-9b62-1f366fb6311f,3890390,2,59,18,3558,0,Crucial Goal,Hertha Berlin,118.0
e30e318c-ad25-499f-90c3-b8f3bd1e0b60,3890390,2,81,13,4873,1,Converted Turnover,Hertha Berlin,109.0
fd7bc15f-960e-4fd9-baad-2eb7f40aa4c1,3890391,1,11,38,698,0,Converted Turnover,Augsburg,113.0
57421ec1-97c4-47e7-be4c-fc51e094f8a9,3890391,2,52,51,3171,0,Final Third Dribble,Augsburg,92.0
6ad1e131-3805-437c-9e79-2095249a40ec,3890391,2,82,30,4950,-1,Converted Turnover,FC Köln,97.2
52372c27-2c01-40e9-92cb-35ac08915b13,3890392,1,11,50,710,0,Final Third Dribble,VfB Stuttgart,102.5
292f278e-6e81-4606-9f58-c0940b87459d,3890393,1,29,6,1746,0,Crucial Goal,Darmstadt 98,58.0
5b00bc26-b5c6-4be5-bbdd-b26e707f21df,3890393,2,51,45,3105,-1,Let Off,Darmstadt 98,0.30077317
e4f59e38-1c1c-4525-b583-e23db0079d7c,3890395,1,13,46,826,0,Converted Turnover,Borussia Mönchengladbach,105.5
521c2a0e-79f2-41c6-bf47-e50b2a7cc084,3890395,1,29,8,1748,0,Crucial Goal,Bayer Leverkusen,58.0
eedcffce-bb95-417d-a5a4-91397a95920a,3890396,1,6,49,409,0,Converted Turnover,Wolfsburg,116.0
0d74d7b2-326d-4f0c-ae76-853561f9e1e8,3890396,1,32,44,1964,1,Final Third Dribble,Hamburger SV,115.6
d4798537-10f6-418f-84de-b440466cfbb5,3890396,2,70,15,4215,-1,Converted Turnover,Wolfsburg,81.1
fce0335b-1dec-465c-ba37-00c810065aa9,3890396,2,77,22,4642,-1,Crucial Goal,Wolfsburg,77.0
9e3add82-e943-4f03-83e1-9372878defdd,3890397,1,24,32,1472,0,Converted Turnover,Hannover 96,96.5
00f5267f-0139-4671-b061-7acb4d0b0e76,3890397,2,67,48,4068,-1,Converted Turnover,Hannover 96,82.9
b030ff85-70c6-4cd7-b488-70b2920bd072,3890397,2,88,38,5318,1,Converted Turnover,Hoffenheim,96.7
c5d2d5b7-088c-4f84-81de-d49384ade64b,3890398,1,11,3,663,0,Crucial Goal,Hertha Berlin,22.0
89d25de7-67e9-4892-af39-9ab626550c0f,3890400,2,64,37,3877,-1,Converted Turnover,FC Köln,110.9
f69d4bc7-6860-4923-97b9-54eca4364535,3890400,2,70,53,4253,-1,Final Third Dribble,FC Köln,97.8
484b56e5-8e77-4d3c-9a9e-6dc9da9759a2,3890401,1,31,46,1906,0,Converted Turnover,Borussia Dortmund,93.9
de0f47f6-ef95-4278-bb29-d19e783a1443,3890401,2,51,17,3077,0,Converted Turnover,Borussia Dortmund,96.0
6ddbe5d4-5cfe-419d-8b93-0b099a318ebc,3890402,1,11,16,676,0,Converted Turnover,Augsburg,91.0
29b4aa59-f1b6-4586-ad2d-c4329e9dc0f2,3890402,1,19,31,1171,0,Converted Turnover,Augsburg,80.7
63465778-fc7f-48b4-9b79-fdbe00bd0779,3890402,2,85,53,5153,0,Converted Turnover,Schalke 04,89.7
2529da13-a093-41a4-8585-b03f052b1198,3890403,1,27,11,1631,0,Crucial Goal,Schalke 04,54.0
306ed7fb-4df8-41ca-8fb4-991e609ce996,3890403,2,77,16,4636,1,Converted Turnover,Schalke 04,100.7
5586b022-83a9-4a65-89b2-965ef603098d,3890403,2,84,20,5060,1,Converted Turnover,Schalke 04,102.4
44acc17c-baa9-49d6-9f58-7ed0ef34648c,3890404,2,88,19,5299,-1,Converted Turnover,Hamburger SV,97.3
5a3b481c-c3ff-40f5-8434-e25985bc1e7e,3890405,2,68,31,4111,-1,Final Third Dribble,Werder Bremen,107.6
463d45ec-bb26-47dc-aaa0-e040857ac2e9,3890406,1,17,34,1054,0,Crucial Goal,Borussia Dortmund,34.0
cf1c80d3-8296-4e55-943e-87f57b383c2a,3890406,1,35,10,2110,1,Converted Turnover,Borussia Dortmund,110.5
e02ccad2-608b-498a-b900-c5b1238ef191,3890407,2,77,2,4622,-1,Converted Turnover,Hannover 96,96.7
d93485ec-cb8a-4884-9297-1121859b823f,3890408,2,54,41,3281,2,Converted Turnover,VfB Stuttgart,106.1
8e0da2b3-ba67-4a12-81a1-e3e337da8925,3890408,2,79,23,4763,-2,Let Off,VfB Stuttgart,0.5260759
d295f252-a1b3-4fc0-951b-9c4a8f120f31,3890408,2,84,26,5066,-2,Final Third Dribble,Wolfsburg,81.8
0eab1286-6a34-44b9-aabe-690be2882a38,3890409,1,29,34,1774,0,Converted Turnover,Bayer Leverkusen,101.6
4b93ffed-a5d9-438c-93f8-83131a29d7fa,3890410,1,5,40,340,0,Converted Turnover,Darmstadt 98,108.0
c6dafd72-c0bf-4ea0-94b4-da10d234e65c,3890410,1,15,17,917,0,Converted Turnover,Darmstadt 98,108.0
57cbe808-e33d-45df-8ab7-a1618abde130,3890410,2,85,32,5132,0,Crucial Goal,Borussia Mönchengladbach,170.0
0fddea10-5a9a-4960-a4e1-4f1e5b4cdf54,3890411,2,65,48,3948,-2,Final Third Dribble,FSV Mainz 05,97.8
ce3e3937-9a1c-4186-b70f-8d75fbbfc884,3890412,1,26,54,1614,0,Final Third Dribble,Bayern Munich,108.6
4523923d-370b-4365-8129-57e6908e71bd,3890412,1,36,56,2216,0,Crucial Goal,Bayern Munich,72.0
b7f6002c-41f4-4f92-b0f1-ef2ec0787df0,3890413,1,12,39,759,0,Converted Turnover,VfB Stuttgart,87.8
440a8db0-7d86-492d-b4d7-a852e727fbac,3890413,1,35,36,2136,-1,Crucial Goal,VfB Stuttgart,35.0
8d441f74-8b07-4813-8b9c-9d31943ea677,3890413,2,50,23,3023,0,Crucial Goal,VfB Stuttgart,100.0
3ac22056-00b2-4d9d-b917-6a8265fc934d,3890413,2,76,57,4617,1,Converted Turnover,VfB Stuttgart,100.8
697d56ae-b0ac-4178-8628-a4b880d254b9,3890413,2,82,31,4951,1,Final Third Dribble,VfB Stuttgart,106.6
ddad8903-8624-4450-bfaa-5a471c66776d,3890414,1,17,19,1039,0,Converted Turnover,Hertha Berlin,106.8
2c292c69-bb28-41fc-b444-1a0baba2b718,3890414,1,37,14,2234,0,Converted Turnover,Hertha Berlin,105.7
3edf36ad-de49-48f2-a6de-d18a83e150f1,3890414,2,64,5,3845,0,Converted Turnover,Hertha Berlin,103.6
62846f35-cd26-4676-aeaa-8794e7256733,3890415,1,10,26,626,0,Converted Turnover,Hoffenheim,93.9
a8521cfa-bf5a-45c2-a38e-7939448f2389,3890415,1,39,33,2373,0,Crucial Goal,Hoffenheim,78.0
8deb6247-a2a5-4abd-9e99-0e462de2cc09,3890415,2,87,37,5257,0,Converted Turnover,Bayer Leverkusen,107.0
9e2a3c26-8545-4fad-bd62-5c47d16aeea9,3890416,1,18,26,1106,0,Let Off,FSV Mainz 05,0.553467
31ed69bc-4eb2-4a29-a4a6-8a47f640358d,3890417,2,64,12,3852,-1,Converted Turnover,Borussia Mönchengladbach,107.7
ac501a89-6451-4942-a88b-0308ec9ffc32,3890417,2,71,53,4313,-1,Converted Turnover,Borussia Mönchengladbach,97.0
d5d3a714-1137-4a7f-b29f-c8fc76ca7f1b,3890417,2,82,24,4944,-2,Converted Turnover,Borussia Mönchengladbach,92.2
48cca777-1071-47b4-81b6-4f337f137c63,3890418,1,18,7,1087,-1,Converted Turnover,Darmstadt 98,82.0
11f2d571-62ca-4d57-a843-aed5197bf452,3890418,2,62,44,3764,-1,Final Third Dribble,Hannover 96,84.3
dffcb1e1-7f5c-4007-9e07-c2a98c09dbf7,3890419,2,53,0,3180,0,Crucial Goal,Werder Bremen,106.0
42c157cd-3124-46f8-af2a-50bde43ed5a7,3890420,2,50,54,3054,1,Converted Turnover,Wolfsburg,87.9
49bf371d-a114-40e8-8fe4-718ecd5b3726,3890420,2,78,34,4714,-1,Crucial Goal,Wolfsburg,78.0
1e3551bc-05fa-46bc-91ac-d76e47e74931,3890421,2,79,49,4789,1,Converted Turnover,FSV Mainz 05,91.3
347f981a-4ac0-4b7a-b808-70e222606970,3890422,1,6,56,416,0,Final Third Dribble,Borussia Dortmund,88.7
8b118003-0845-449f-9ec3-17b4fd322ddc,3890422,1,15,40,940,0,Let Off,Ingolstadt,0.41110834
e2032208-132c-439e-99b7-50168c0199f3,3890422,2,76,58,4618,0,Crucial Goal,Borussia Dortmund,152.0
9f3c6fe7-aff6-40e5-aea4-f0f4a39f5ba9,3890423,1,17,24,1044,0,Converted Turnover,VfB Stuttgart,104.9
74310139-bffe-4bd1-b124-9c5b00a9e527,3890423,1,32,50,1970,0,Converted Turnover,VfB Stuttgart,108.7
41c16256-f749-4c04-9f63-261eee166aea,3890423,2,64,34,3874,0,Final Third Dribble,VfB Stuttgart,112.9
209e530c-eb26-48a2-859b-f724d0b40c54,3890424,2,71,25,4285,-2,Converted Turnover,Darmstadt 98,87.3
8cd992b4-28e2-4052-ac1a-00da240c0040,3890425,1,28,34,1714,0,Crucial Goal,Hertha Berlin,56.0
0d87fd70-b041-4b40-acdc-42140430165f,3890425,2,70,10,4210,1,Smash and Grab,Hertha Berlin,0.2727272727272727
90986df3-c92c-4d75-8c06-0e37dd12cc9e,3890425,2,76,0,4560,-1,Crucial Goal,Werder Bremen,76.0
16280375-71c5-4de7-b190-420a134a6b4f,3890426,2,84,5,5045,0,Converted Turnover,Eintracht Frankfurt,98.3
a7e14b11-a8b2-4834-a6bf-fb3dca766ea5,3890428,1,12,50,770,0,Converted Turnover,Bayern Munich,110.0
082c6c56-cfcf-4d0e-b2bb-9ca5f8d8c602,3890428,2,63,37,3817,1,Converted Turnover,Bayern Munich,90.0
1582e8c7-46ba-4f07-b1a0-b3ab5af76dcf,3890429,1,37,8,2228,0,Converted Turnover,Wolfsburg,115.2
0d7e7ebf-8c7f-4b03-b72a-22b0b3a9c29b,3890429,2,74,24,4464,-1,Crucial Goal,FC Köln,74.0
4cb153b5-8c02-4352-a78f-27b4ef5742af,3890430,2,50,56,3056,3,Converted Turnover,Borussia Mönchengladbach,84.3
8d0ab972-7ea2-4905-baab-f6b270cc6765,3890432,2,55,19,3319,-2,Converted Turnover,Wolfsburg,89.8
a801c20a-6d1d-4eef-9298-2b7186a56963,3890432,2,71,59,4319,2,Final Third Dribble,Schalke 04,108.2
0c7d6288-bac7-420f-b83a-3ab4b0e6461d,3890432,2,86,30,5190,2,Smash and Grab,Schalke 04,0.6704545454545454
20166e70-c811-4148-bc16-94a78e062a22,3890433,1,26,39,1599,0,Crucial Goal,VfB Stuttgart,52.0
d63e019b-a4c7-4375-940b-fc47422bd7cf,3890433,2,64,4,3844,1,Smash and Grab,VfB Stuttgart,0.7545454545454546
3598f935-200a-432c-8106-80e43d57fb96,3890433,2,75,2,4502,2,Smash and Grab,VfB Stuttgart,0.7094972067039107
9280adf2-ea4c-490e-812e-df30e11a2e2a,3890433,2,85,2,5102,3,Converted Turnover,VfB Stuttgart,91.0
9c10980c-41f7-48d1-951c-dbe98839bdbf,3890434,1,15,56,956,0,Converted Turnover,FSV Mainz 05,108.1
5c62242f-977c-419c-beaa-ce2b356ba8eb,3890434,1,23,42,1422,0,Crucial Goal,FSV Mainz 05,46.0
392859aa-b5de-4cda-af66-1c0e4a8f2a49,3890434,1,33,17,1997,1,Converted Turnover,FSV Mainz 05,82.1
e5dc53b2-6216-4578-a1b6-f0d5f097b7d8,3890434,2,71,13,4273,1,Converted Turnover,FSV Mainz 05,109.8
512cf27a-c2f0-4480-a4c0-467d57a953fe,3890435,1,28,27,1707,0,Converted Turnover,Borussia Dortmund,99.9
bf14901b-06a6-46f7-afe5-69dc21572364,3890435,2,61,59,3719,0,Converted Turnover,Hertha Berlin,85.0
4f6494ef-ca9b-475e-9b28-3d0fd392d792,3890436,1,6,41,401,0,Converted Turnover,Ingolstadt,83.9
4eab1762-4794-4606-a6ba-674b57d78d8a,3890436,1,13,10,790,0,Crucial Goal,Augsburg,26.0
1021df84-aaec-4b24-9646-829f78ac382b,3890436,2,58,34,3514,-1,Crucial Goal,Ingolstadt,58.0
3f5bc576-0412-43c7-949a-536d7f7f42b8,3890436,2,84,48,5088,0,Crucial Goal,Ingolstadt,168.0
b5126f91-753b-409b-ad66-81d92e59343d,3890437,1,24,20,1460,0,Converted Turnover,Hoffenheim,113.6
f11613f6-3ab0-4b3b-9009-9862e648e683,3890437,2,56,8,3368,1,Converted Turnover,Darmstadt 98,81.5
297b4b38-1e5e-4446-bf84-7a143aab567c,3890437,2,75,58,4558,-1,Converted Turnover,Hoffenheim,102.7
ad0e65dd-1a81-4eb7-b4b7-c2cb5fd26059,3890437,2,84,7,5047,1,Converted Turnover,Darmstadt 98,93.9
e0953b97-fb02-4c92-bbd1-9262709e27e2,3890438,1,23,53,1433,0,Converted Turnover,FC Köln,110.0
c61a9769-11f5-434c-bb43-f51b9b4c2b48,3890439,1,20,14,1214,0,Converted Turnover,FSV Mainz 05,97.3
c99b7eb0-cf6b-4b9a-b5cb-6bc6a83593eb,3890439,1,26,56,1616,0,Converted Turnover,Schalke 04,80.5
950f4bae-8a46-4b9d-826e-916caed8f2b1,3890439,1,32,29,1949,0,Crucial Goal,FSV Mainz 05,64.0
c70fab93-a2a4-4f89-88b2-74134f882345,3890439,2,53,47,3227,0,Final Third Dribble,FSV Mainz 05,108.3
45a03d2d-859f-463b-91f2-ba057dd56049,3890440,2,56,13,3373,0,Crucial Goal,FC Köln,112.0
c5471851-32bf-4fd2-99fc-88b94b0af7bb,3890440,2,62,51,3771,1,Let Off,Eintracht Frankfurt,0.42192873
09744c2c-37a2-42d7-98fb-406fd330b417,3890440,2,67,55,4075,-1,Final Third Dribble,Eintracht Frankfurt,110.0
fe60210e-2039-4188-a526-895cedf67d65,3890441,1,8,39,519,0,Converted Turnover,VfB Stuttgart,104.2
f7c2453c-179c-44da-9242-f72ca7a36272,3890441,2,83,17,4997,1,Converted Turnover,VfB Stuttgart,103.8
d16d418d-7082-4719-855e-8487efabbd2a,3890442,1,8,14,494,0,Let Off,Hannover 96,0.38003314
5b2c72b9-e8e7-4e94-b5b4-71a59df284d6,3890443,2,76,52,4612,0,Let Off,Hoffenheim,0.325356
13cff377-da94-4b2b-9fad-d824a0c7820b,3890444,2,82,7,4927,-1,Converted Turnover,Darmstadt 98,106.6
7de77ba0-b7bd-48d6-8fc7-cf4764da9718,3890445,1,38,34,2314,1,Converted Turnover,Wolfsburg,111.6
7bb1c742-3bca-442e-9d9a-6542b6deacdf,3890446,1,7,32,452,0,Converted Turnover,Bayern Munich,100.1
497a09cb-4a68-4a9a-a256-6f9d3bf2bb7b,3890446,1,14,52,892,0,Crucial Goal,Bayern Munich,28.0
0a033b7a-45c3-45fe-92ca-d73b4e881652,3890446,1,21,9,1269,1,Final Third Dribble,Bayern Munich,98.3
3cd62bc7-82bc-4ca1-bd50-cfe74700091c,3890446,1,37,2,2222,1,Converted Turnover,Bayern Munich,103.6
fa356c47-3a65-4db2-8638-d35a64e92a47,3890446,2,63,20,3800,2,Final Third Dribble,Bayern Munich,83.1
43170d72-32ff-4857-a5b2-3c767319fed6,3890447,2,51,51,3111,1,Converted Turnover,Hamburger SV,100.9
c4db9f62-1a81-46bd-8807-9d4037406eb0,3890447,2,61,6,3666,-1,Converted Turnover,Borussia Mönchengladbach,94.5
e691d8a1-74bf-4640-b4dd-50968e78a561,3890447,2,88,8,5288,-1,Final Third Dribble,Borussia Mönchengladbach,99.2
072e2bfb-3e94-40a3-a590-e797d872c803,3890448,2,62,47,3767,0,Converted Turnover,Hamburger SV,85.9
332e3c39-dffe-4c3d-91ee-77c46ce00e2b,3890448,2,70,27,4227,0,Converted Turnover,Eintracht Frankfurt,86.8
b942596f-38ce-49c1-bcbf-e1638fc87084,3890449,2,86,10,5170,-1,Converted Turnover,Werder Bremen,107.8
9fb52f90-15c8-47f9-9f3e-8bf701bd04ec,3890450,1,26,57,1617,1,Converted Turnover,Borussia Mönchengladbach,91.9
2848bb14-3b54-4a7a-84bd-1922fa88762d,3890450,2,52,5,3125,1,Final Third Dribble,Borussia Mönchengladbach,113.7
e1ad958e-020b-467c-8486-95d985bc0ec1,3890450,2,57,51,3471,-1,Converted Turnover,FC Köln,111.8
d3d24cf9-d92b-42ca-82cb-7c0ee0180270,3890450,2,71,3,4263,1,Converted Turnover,Borussia Mönchengladbach,110.3
6b44c100-1e5b-40a6-89c0-147a94e209c2,3890450,2,85,27,5127,-1,Converted Turnover,FC Köln,91.9
abf0a858-a3ab-401c-8e78-f2434f00baaf,3890451,2,86,38,5198,0,Converted Turnover,Wolfsburg,110.3
10a64266-5da0-4758-9da4-cabdf96f3070,3890452,1,33,34,2014,0,Final Third Dribble,FSV Mainz 05,102.5
7ffce88a-1165-443d-8cd8-f16220bb4e3d,3890453,1,9,15,555,0,Converted Turnover,Bayern Munich,99.3
f34c0897-80d8-41e5-acc3-8f8e4c6d6f90,3890453,2,53,15,3195,0,Converted Turnover,Bayern Munich,91.9
8c66880d-9322-40ef-84f6-17c985c2d60c,3890453,2,64,55,3895,0,Converted Turnover,Bayern Munich,93.7
9f598a5b-d152-43a5-b343-50e2f859b918,3890454,1,13,55,835,0,Crucial Goal,Augsburg,26.0
1131c9b2-8b66-4685-ac7c-16dcb925a27c,3890454,2,79,0,4740,-1,Converted Turnover,Hannover 96,102.3
23a19a26-a2b1-4e0e-86bf-ba995dba4f8f,3890456,2,63,55,3835,0,Crucial Goal,Borussia Dortmund,126.0
9024520e-ce19-4c04-9dbe-9723facbbdc2,3890456,2,86,32,5192,-1,Converted Turnover,Bayer Leverkusen,114.3
fd6b85f0-1665-4cd0-8c75-1fe7a04e4a4a,3890456,2,95,58,5758,1,Let Off,Bayer Leverkusen,0.32636663
75fe1439-f0d5-49de-8af9-79ed3d70f42b,3890457,1,18,5,1085,0,Converted Turnover,Hertha Berlin,106.0
49f80288-0c01-4f88-a79e-cd4967ad6333,3890457,1,33,9,1989,0,Final Third Dribble,FC Köln,96.5
17748eb3-2a28-478b-8a3a-7fa4bd6fa51c,3890457,2,85,26,5126,-1,Converted Turnover,FC Köln,81.4
c7530e53-930b-446e-b76b-f4d488086b5f,3890458,2,51,19,3079,0,Final Third Dribble,Wolfsburg,84.5
588a09fb-e449-4d70-b6cb-bc608f54c970,3890458,2,73,48,4428,1,Final Third Dribble,Bayern Munich,92.6
297e5e3b-10ad-4811-a652-3144a967bae4,3890459,1,24,15,1455,0,Converted Turnover,Darmstadt 98,110.3
780e029b-e893-4d01-80e5-76df225e1687,3890459,2,59,46,3586,0,Converted Turnover,Werder Bremen,88.2
c66c07ff-3d9a-49b6-ba9c-2fe7d02d44b1,3890459,2,75,23,4523,0,Converted Turnover,Werder Bremen,117.7
b2c04e6a-a40d-4d65-9c2e-2e44309cb6f8,3890460,1,8,33,513,0,Final Third Dribble,Hannover 96,93.0
785f8e94-e27b-4e97-8a6d-7e1e665f7c21,3890460,2,65,15,3915,0,Converted Turnover,VfB Stuttgart,99.6
26ff4d62-9745-4f0d-b2e2-120d6007cec0,3890460,2,82,43,4963,0,Crucial Goal,Hannover 96,164.0
338f20f9-fe9f-4992-a972-10a229b22fe1,3890461,1,6,46,406,0,Crucial Goal,Hamburger SV,12.0
529a7599-e11d-4442-80b2-36ecd5924805,3890461,1,20,30,1230,-1,Final Third Dribble,Ingolstadt,101.4
63d984d6-12a7-4328-87b1-98d4b3554c0c,3890461,1,28,22,1702,1,Converted Turnover,Hamburger SV,96.7
4cfe5be0-3dff-4d33-bb78-e00240efdf9b,3890461,1,40,11,2411,1,Converted Turnover,Hamburger SV,83.9
9636ccc3-7b15-49d9-9e32-b26613c32857,3890462,2,66,13,3973,0,Converted Turnover,Augsburg,94.3
de704e58-3de1-4e8d-99c8-b4da3dd10ac8,3890462,2,84,29,5069,0,Converted Turnover,Borussia Mönchengladbach,97.1
d253496f-f48c-4f7d-94f3-5be4eef7881a,3890463,1,41,0,2460,2,Final Third Dribble,FSV Mainz 05,111.6
89142b8b-5020-4fdc-a2f4-1765aee343fb,3890464,2,56,53,3413,1,Converted Turnover,Hoffenheim,92.0
d2cd6b5a-bf86-4a45-b66b-d1da65e46594,3890464,2,67,12,4032,-1,Converted Turnover,Borussia Dortmund,99.8
4570aaeb-c405-4404-8b1d-01baeb4a8bd1,3890465,2,62,38,3758,0,Converted Turnover,Eintracht Frankfurt,90.6
eeaf5091-c12a-43dc-a2e2-4818bc75007a,3890466,1,28,45,1725,0,Let Off,Hannover 96,0.3599712
e162509e-0e0c-4665-b5c6-ea95768a1419,3890466,2,67,4,4024,3,Let Off,Hannover 96,0.4827458
838c1d05-b37d-42c2-aea0-2838ac9da91c,3890467,1,35,3,2103,0,Crucial Goal,Ingolstadt,70.0
ddf17448-638b-492f-bcf4-641702a2f241,3890467,2,53,21,3201,1,Converted Turnover,Ingolstadt,92.3
9c6612f2-f439-4bef-bef8-956371230a1a,3890467,2,71,4,4264,-1,Crucial Goal,FC Köln,71.0
d95791bc-c514-493d-aa08-0526750035be,3890467,2,76,26,4586,0,Converted Turnover,FC Köln,104.8
310288a6-9631-4c94-a6ee-e4c04db1aed2,3890468,1,25,29,1529,0,Converted Turnover,Borussia Dortmund,109.8
b57d24b0-21fc-4c7a-8957-50fb17759873,3890468,2,70,16,4216,2,Let Off,Darmstadt 98,0.47226602
155d3b8a-0804-4048-bb9e-a89f41404dfb,3890469,1,18,49,1129,0,Converted Turnover,Augsburg,99.5
8e1f2bd8-786e-4d75-aa95-47a83e0b51aa,3890469,1,24,4,1444,0,Crucial Goal,Hoffenheim,48.0
d2ac69ad-508e-4a3b-9bf8-87d1ac07d72c,3890469,1,39,5,2345,-1,Crucial Goal,Augsburg,39.0
37334228-8572-4546-a752-649a3b7fe7c5,3890469,2,57,4,3424,0,Converted Turnover,Hoffenheim,88.2
3df8bdcb-ca5e-4b57-9c5d-d5b7395b3730,3890469,2,62,39,3759,0,Final Third Dribble,Augsburg,97.6
3602a8bd-2c6c-4230-8713-0c5f6ea6ba5e,3890469,2,74,2,4442,0,Converted Turnover,Hoffenheim,107.1
30cf7d81-bd80-4756-8e15-6151b107adf5,3890469,2,80,21,4821,0,Crucial Goal,Hoffenheim,160.0
43986da2-ac59-4a3e-98c3-222a6d51ad69,3890469,2,87,12,5232,-1,Converted Turnover,Augsburg,98.0
71fbb959-5def-4dbe-ac5b-1dfaf6210e8e,3890470,2,77,14,4634,1,Final Third Dribble,Hertha Berlin,93.0
7968d1b2-deb3-47af-94f2-4632cf1f55e0,3890472,1,18,49,1129,1,Converted Turnover,Werder Bremen,107.8
290f7494-343a-4fc0-bd93-aafec57b7dae,3890472,1,30,6,1806,-1,Converted Turnover,Bayer Leverkusen,91.8
0957a283-43cd-46cb-bd6c-36782c3e9689,3890472,1,39,43,2383,1,Converted Turnover,Werder Bremen,101.1
97406e34-509c-42ae-a928-32b14fb04673,3890473,2,55,32,3332,0,Converted Turnover,Hamburger SV,89.4
7bb3bc47-e8fd-4eab-ba29-24804dcc8c92,3890473,2,72,11,4331,1,Converted Turnover,Schalke 04,101.7
edd5130a-727d-4193-a8f2-33efadff7791,3890475,2,59,14,3554,1,Final Third Dribble,Wolfsburg,85.8
6c2e26eb-884d-46c5-a74f-80789789d9aa,3890475,2,70,24,4224,-1,Let Off,Wolfsburg,0.38478926
55e70ef3-c11e-4084-ada8-ed1d993d9161,3890475,2,75,40,4540,1,Converted Turnover,Wolfsburg,94.4
ebc2494f-8e9d-4f6c-aca0-89661cee599a,3890475,2,84,20,5060,-1,Converted Turnover,Borussia Mönchengladbach,105.3
fcce750c-9b7e-44cb-99dd-34600fd96b93,3890476,1,17,57,1077,1,Converted Turnover,VfB Stuttgart,86.9
c34e8c3b-524b-4905-81b2-70618b6defda,3890476,1,24,38,1478,-1,Converted Turnover,Hoffenheim,80.6
b2b9352e-9e53-40ac-95b5-ad35da88dad4,3890476,1,41,13,2473,1,Converted Turnover,VfB Stuttgart,109.2
231ff721-3243-49e6-8666-3ffa0f6e8551,3890477,1,20,24,1224,-1,Converted Turnover,Bayer Leverkusen,101.4
81d1d66d-93cc-4f45-8b2d-edf35333ba3d,3890477,1,34,12,2052,-1,Converted Turnover,Bayer Leverkusen,95.6
788abcad-7a82-4a75-8454-9923e55d1a27,3890477,2,62,26,3746,-2,Converted Turnover,Bayer Leverkusen,101.9
22c2cf2b-0f73-44cb-8780-2d2f75fae59f,3890478,1,6,19,379,0,Final Third Dribble,Werder Bremen,96.2
262a990e-4d51-4a22-9c7d-0a9adfa5344b,3890478,1,17,2,1022,0,Crucial Goal,Werder Bremen,34.0
e7aecc0e-efa1-48db-8382-8be2332c1d54,3890478,1,32,26,1946,-2,Converted Turnover,Hannover 96,81.7
7f718107-325a-41da-8a10-2f82988e3c8d,3890478,2,55,1,3301,1,Converted Turnover,Werder Bremen,109.7
a8757bd9-9790-43a4-8e6d-fa8cff44c321,3890479,1,32,10,1930,1,Converted Turnover,Ingolstadt,114.1
d6c0d910-bb5f-45fa-916c-d53f76047342,3890480,1,17,52,1072,-1,Let Off,Schalke 04,0.47114715
4937c5ae-7246-4202-b6af-5fa7a49571ab,3890480,1,22,58,1378,1,Final Third Dribble,Schalke 04,109.3
f66ff8b6-e1bf-4b70-b353-8f9fbebf65a3,3890480,2,50,12,3012,1,Final Third Dribble,Schalke 04,96.2
669de796-bc60-44d5-bc54-b0985538f938,3890480,2,63,54,3834,1,Converted Turnover,Schalke 04,93.3
ea0e8523-1f70-4c16-9b95-264d50980233,3890480,2,69,54,4194,1,Converted Turnover,Schalke 04,87.3
fae9e09b-46b6-4847-b23b-dd2739d02dc5,3890481,1,18,58,1138,0,Converted Turnover,Borussia Dortmund,112.5
ad5afdfe-c98e-411c-b8c7-c12519f95c75,3890481,1,26,59,1619,0,Let Off,Borussia Dortmund,0.39490083
c533f602-5173-4e0d-b0b9-d8ac2baf6e7a,3890481,2,59,43,3583,0,Converted Turnover,Borussia Dortmund,99.7
c897e15d-93eb-407f-9872-3019effa67f5,3890481,2,71,10,4270,0,Converted Turnover,Bayern Munich,106.8
4d0bea40-34f6-4dd5-9a99-aec13a10bcf1,3890481,2,85,1,5101,0,Converted Turnover,Bayern Munich,90.6
cd8f3168-01e5-41ef-bfec-cd7c0eca8aa1,3890482,1,20,21,1221,0,Converted Turnover,Darmstadt 98,91.3
0a66a8c9-a336-4b2f-85d7-b887305f1f79,3890482,1,27,11,1631,0,Final Third Dribble,FSV Mainz 05,97.9
b097c670-fe35-44ab-85a0-a4f863fd2d88,3890482,1,34,3,2043,0,Converted Turnover,Darmstadt 98,104.7
8347b7f4-d2fd-49a4-b0c6-5884a8d24fc9,3890482,2,69,47,4187,0,Converted Turnover,Darmstadt 98,92.7
b5161f45-dc3c-4b00-a1de-c3eb17135d34,3890482,2,76,10,4570,0,Final Third Dribble,Darmstadt 98,104.3
0fbf1030-c4f1-4ed0-a822-93cc76ce4e72,3890482,2,81,38,4898,0,Final Third Dribble,Darmstadt 98,106.1
1ea261c0-0f91-4f7e-ba1d-23cb079cde75,3890483,1,34,49,2089,0,Converted Turnover,Hamburger SV,99.5
daa22b47-bcf8-41d9-baa6-6e119171454e,3890484,1,20,0,1200,0,Converted Turnover,Schalke 04,82.4
5ece4264-d6de-4671-b052-957c177d9189,3890484,2,54,8,3248,-1,Let Off,Hertha Berlin,0.30484995
c3b833c4-7712-4965-9950-bfa487151076,3890484,2,65,45,3945,-2,Converted Turnover,Schalke 04,85.6
8b274cd0-82ee-4f20-af96-963334190290,3890485,2,55,47,3347,0,Crucial Goal,Ingolstadt,110.0
ca56b89d-ead5-4f2f-87d0-476fe285673d,3890486,1,7,34,454,-1,Final Third Dribble,Wolfsburg,102.0
75aecb58-e3c2-4000-8492-e9fb485d85ff,3890486,1,15,24,924,-1,Converted Turnover,Wolfsburg,97.9
af37f7f7-18bb-4833-a723-0127801b3fec,3890486,1,31,49,1909,1,Converted Turnover,Hoffenheim,94.6
13dd27c0-e8ca-4b7c-a6ad-b2d3e65eb4de,3890486,2,59,16,3556,1,Converted Turnover,Hoffenheim,94.6
0a77c97e-3e34-4788-9800-2b7773bc79aa,3890486,2,87,41,5261,1,Converted Turnover,Hoffenheim,115.6
68cbd6da-d7aa-4a2e-9f87-a95a1750d299,3890487,2,58,55,3535,-2,Converted Turnover,Augsburg,95.8
0b2311b5-42d6-447d-ae22-2028cafa82b0,3890487,2,89,37,5377,-1,Crucial Goal,Augsburg,89.0
628a40c1-daab-4ee3-b98a-f32d754a7018,3890488,1,28,0,1680,0,Converted Turnover,Borussia Mönchengladbach,92.8
d5edb4e8-6ec6-48e0-8dee-d9cc98c59e0b,3890488,1,35,50,2150,0,Crucial Goal,Borussia Mönchengladbach,70.0
7c321933-24b6-4f0f-9bcd-e84ef72012b0,3890488,2,55,28,3328,-2,Converted Turnover,Eintracht Frankfurt,89.5
f92b1434-7690-4a9e-95f3-8ea9a0daf1f8,3890489,1,8,22,502,0,Crucial Goal,Bayern Munich,16.0
dfc51c83-5a07-4518-b32c-4df4af11fe40,3890489,2,64,59,3899,2,Converted Turnover,Bayern Munich,114.9
e2fbb347-6a09-4342-b3dc-01323d2bee5d,3890490,1,29,37,1777,0,Final Third Dribble,Hannover 96,93.5
4c9cd77a-8917-40ba-8c62-f8b90ddae471,3890491,1,29,30,1770,0,Crucial Goal,Borussia Dortmund,58.0
0833488a-8b58-4409-970e-2a3f0b8d1b48,3890491,2,59,13,3553,1,Converted Turnover,Borussia Dortmund,111.2
e4f9da66-6322-4f05-a21f-a3d25a939100,3890492,1,9,5,545,0,Converted Turnover,Bayer Leverkusen,106.6
25e857b5-6ee9-432a-a93d-4e6b4293930e,3890492,1,34,50,2090,-1,Converted Turnover,Hamburger SV,91.8
18c041ba-b786-403a-a509-f47b797bdc39,3890492,2,50,58,3058,1,Converted Turnover,Bayer Leverkusen,100.2
b575056b-9bcd-46ef-a9a9-16a0d2c2bf69,3890492,2,56,21,3381,-1,Converted Turnover,Hamburger SV,105.0
5e446ef8-e7e6-4b7f-a794-364c0cc3f884,3890492,2,92,38,5558,-1,Final Third Dribble,Hamburger SV,95.8
e2d3abe9-a18f-42f3-8abf-2fefea767f91,3890494,1,37,16,2236,0,Crucial Goal,FSV Mainz 05,74.0
15abd742-4b01-4cef-96bc-143a97ee9e51,3890494,2,75,10,4510,0,Converted Turnover,FSV Mainz 05,106.8
98bff02e-ea6c-472b-b2f2-63df993a51d6,3890494,2,84,6,5046,0,Converted Turnover,Werder Bremen,102.4
0cee9911-b675-4dc6-9f55-6d4bf0f0df78,3890495,1,9,3,543,0,Crucial Goal,Bayern Munich,18.0
f6041518-4236-470c-8f27-627cb5628714,3890495,2,61,26,3686,1,Final Third Dribble,Bayern Munich,90.3
f38a0e46-4908-40fb-882e-4b6095ebf866,3890496,2,53,22,3202,0,Crucial Goal,Hertha Berlin,106.0
14719e8f-bbd8-4921-863d-863b24873393,3890496,2,62,12,3732,-1,Converted Turnover,Ingolstadt,81.1
d373a369-a8eb-4c1d-9255-009bb8e446cc,3890496,2,83,9,4989,-1,Converted Turnover,Ingolstadt,88.3
ae1b6246-fcf9-41a9-83cf-a12f66e730c9,3890497,2,54,53,3293,-1,Converted Turnover,Hannover 96,88.9
73a8fce8-0445-419c-b86b-f5d70147626e,3890498,1,6,30,390,0,Converted Turnover,Wolfsburg,98.3
ac885b9d-d831-427d-8ca1-02c68e002396,3890498,1,27,0,1620,0,Converted Turnover,Wolfsburg,104.4
03d44bb6-2c07-413b-8f00-3b5d3920ca4f,3890498,1,35,57,2157,0,Converted Turnover,Darmstadt 98,100.1
29ab9698-9812-4640-b268-655a04d25507,3890498,2,76,50,4610,0,Final Third Dribble,Wolfsburg,81.1
7dda3042-1ce0-426c-9b7a-fffd78065cc4,3890499,1,36,41,2201,1,Converted Turnover,Hoffenheim,87.5
beeac99f-e68c-4093-9cc6-e9466add0caa,3890499,2,59,43,3583,-1,Let Off,Hoffenheim,0.5577911
3500889a-7efc-4fb2-bb6a-6afc4f75c67c,3890499,2,82,34,4954,-2,Converted Turnover,Hamburger SV,99.5
4fc61761-d893-4532-8e57-2d6bd93c4f8a,3890500,2,56,11,3371,2,Let Off,VfB Stuttgart,0.4955338
03b80525-6539-415a-b9e9-2c4c5c8cede3,3890500,2,74,39,4479,-2,Converted Turnover,VfB Stuttgart,92.1
9aa7cf0e-405f-4e98-984a-0c9515b73f63,3890501,2,59,29,3569,0,Let Off,Augsburg,0.48095912
4c64f66f-bf90-4b1d-8a3d-11125130ecca,3890501,2,68,24,4104,0,Crucial Goal,Borussia Dortmund,136.0
6786ca39-8eaf-4394-821d-f6dea04b9f1c,3890501,2,73,32,4412,1,Converted Turnover,Borussia Dortmund,89.8
47a4ebb1-cb29-4d9b-9334-6526b856d27c,3890502,1,5,11,311,0,Converted Turnover,Bayer Leverkusen,99.1
e910c573-8775-4db7-badd-6e8a60697189,3890502,1,26,27,1587,0,Crucial Goal,Bayer Leverkusen,52.0
21cd547b-9dc3-48e3-ac36-721d1660bdce,3890504,1,10,30,630,0,Converted Turnover,Hannover 96,95.6
4c27390a-5c51-4200-8b01-334bcd684265,3890504,1,37,16,2236,0,Converted Turnover,Hamburger SV,95.7
3c8d707f-0aab-41f6-96a2-e4b9de4fee71,3890504,2,54,44,3284,0,Converted Turnover,Hannover 96,80.7
254f9a2a-f8b9-410a-b70b-d8f255e6fa62,3890505,1,19,23,1163,0,Crucial Goal,Bayern Munich,38.0
b7dfda19-6cbb-452f-82d6-b5f0f3fa7a49,3890505,2,69,29,4169,1,Converted Turnover,Bayern Munich,87.9
ec7ea40f-36b2-415c-bca5-a6d80a6b3967,3890506,1,32,5,1925,-1,Let Off,Darmstadt 98,0.30309153
2efc7e8e-ad62-44d3-95d7-0f319e566e59,3890507,2,52,33,3153,0,Crucial Goal,Borussia Dortmund,104.0
b440926d-74d0-44c5-93b1-64f66438d690,3890508,1,7,38,458,0,Converted Turnover,Schalke 04,85.7
ea671447-ccea-431e-aa90-5f9c442973ee,3890508,1,22,37,1357,0,Let Off,Ingolstadt,0.3560571
8ef7a60c-4ff3-4c15-b2cc-c9884ca56ea8,3890508,1,28,39,1719,0,Crucial Goal,Ingolstadt,56.0
9080a7f3-8586-4180-8c56-87d010541eaa,3890508,2,62,27,3747,-2,Converted Turnover,Schalke 04,110.7
8e23f92f-9851-4f03-9314-0749f88c600f,3890509,1,20,41,1241,0,Converted Turnover,FC Köln,90.9
139ff352-6a75-498c-8c58-151f23cf71ee,3890509,1,28,44,1724,0,Converted Turnover,FC Köln,90.1
b171d36e-9748-4a7c-9d14-c6a51dc7ab15,3890509,1,36,15,2175,0,Let Off,Hoffenheim,0.4241272
5b92ecd8-ceeb-4f8b-af6c-56945e4d2bbb,3890509,2,76,43,4603,-1,Converted Turnover,Hoffenheim,102.9
640071ad-4f9e-4ab4-ae2f-d3fd58715958,3890510,1,24,58,1498,-1,Let Off,Borussia Mönchengladbach,0.53146476
1daa3313-6763-4371-a0f1-cfe07ff58476,3890510,1,34,7,2047,-1,Converted Turnover,Hertha Berlin,89.9
121d7a41-1b4f-4313-b0c8-31ae9543da2a,3890510,1,39,42,2382,1,Final Third Dribble,Borussia Mönchengladbach,99.5
7fa6329e-247c-4cfa-9c9a-3532237f08b1,3890510,2,56,15,3375,1,Converted Turnover,Borussia Mönchengladbach,91.6
af46f6f8-45a5-441b-bb09-e9b0c0a92807,3890511,2,64,30,3870,1,Converted Turnover,Hannover 96,93.0
942186b4-cf35-45f3-a0cd-4eb70f5b3dee,3890511,2,71,26,4286,-1,Crucial Goal,Hertha Berlin,71.0
247a7baa-c4b7-4865-84a9-f719061044d5,3890511,2,82,36,4956,0,Converted Turnover,Hertha Berlin,112.7
6be3f377-1ccf-40a5-b860-711c8e86834b,3890512,1,19,32,1172,0,Converted Turnover,Eintracht Frankfurt,107.0
78343a8d-e69c-47f3-b073-f3e2cf958d7b,3890512,1,27,8,1628,0,Converted Turnover,Eintracht Frankfurt,91.4
38ce8888-a6c7-45e6-9eab-cd8aad418a94,3890512,1,33,8,1988,0,Converted Turnover,Hoffenheim,108.5
95e9b68a-e341-4acc-88e2-0c6a4432d234,3890512,2,61,48,3708,0,Crucial Goal,Hoffenheim,122.0
fbedb3e8-3dc3-4a19-855e-a6bad08c1ad7,3890513,1,11,48,708,0,Converted Turnover,FSV Mainz 05,80.2
34c73f74-1bfc-4a87-bc32-873314761a1e,3890513,1,28,50,1730,0,Converted Turnover,Wolfsburg,83.9
f41a043d-6214-4fcc-b9de-2deae12c859c,3890514,1,15,47,947,0,Converted Turnover,Werder Bremen,98.5
58440da4-28dc-416a-a749-6b66411062e3,3890514,1,27,43,1663,0,Converted Turnover,Werder Bremen,103.5
cebe2028-a9ca-454e-a006-ffe3c3bb44dc,3890514,2,52,40,3160,-1,Crucial Goal,Augsburg,52.0
808969f5-eb61-483c-9435-245cbfe8d7e5,3890514,2,77,54,4674,0,Converted Turnover,Werder Bremen,111.8
ba0f4a9b-080f-45ae-8981-118a2e5c5cf8,3890515,1,9,9,549,0,Converted Turnover,Darmstadt 98,109.2
9762d1df-3eec-40f2-bd24-0de5829db7bd,3890515,2,61,44,3704,2,Converted Turnover,Darmstadt 98,84.2
a85fe713-770f-4855-b847-59bdeb7d60b9,3890515,2,70,37,4237,2,Final Third Dribble,Darmstadt 98,92.7
5001b8a3-f59a-449e-a2e0-fc454ee78259,3890516,2,62,33,3753,-2,Smash and Grab,VfB Stuttgart,0.5503875968992249
e7a23bd7-18a8-4bb2-8dc8-921920c21dd7,3890517,1,6,52,412,0,Converted Turnover,Ingolstadt,99.5
894ce9e4-5088-41f1-9064-2f4f2c8e57f0,3890517,1,40,43,2443,0,Converted Turnover,Ingolstadt,88.2
d558d101-6264-4326-a389-343e152d9fa1,3890517,2,52,1,3121,0,Let Off,Borussia Mönchengladbach,0.48403537
759d263a-ed91-4264-ae26-3de1dbf6afb4,3890517,2,74,18,4458,0,Converted Turnover,Ingolstadt,86.0
c6668d9d-f75e-4bc4-a08b-6c97eb38056b,3890517,2,86,58,5218,0,Crucial Goal,Ingolstadt,172.0
7cfd2397-09e0-46cc-9683-035927d5e503,3890518,1,22,36,1356,0,Converted Turnover,Borussia Dortmund,82.6
b31512c7-8092-4288-b1fe-b276f771d50f,3890518,2,82,26,4946,0,Converted Turnover,Borussia Dortmund,115.4
76591731-b578-43e7-afe1-77fa13371295,3890519,1,38,7,2287,0,Crucial Goal,Bayer Leverkusen,76.0
2017b7ce-e8fc-473b-bcba-3bfe4a970aff,3890519,2,54,15,3255,2,Converted Turnover,Bayer Leverkusen,98.2
170f955b-ccd5-47a0-9c89-cbfff0aa4476,3890519,2,67,47,4067,-2,Final Third Dribble,FC Köln,96.1
9dab97a1-fac2-429c-aac2-ad6a12f335c8,3890520,1,12,35,755,0,Converted Turnover,Hannover 96,92.4
e8cf2456-1bcf-4d5f-a7f1-de1088b18fe7,3890520,1,40,16,2416,0,Let Off,Borussia Mönchengladbach,0.57167035
69f7a9eb-9b9d-4b91-bb5e-74850484ca74,3890520,2,63,58,3838,-2,Converted Turnover,Borussia Mönchengladbach,105.5
adfe336e-7a01-4f1d-965c-d298f9e3e1fc,3890521,1,11,26,686,0,Converted Turnover,Eintracht Frankfurt,84.0
8ff29adb-a0b4-4bf9-9050-6cfa4762f93e,3890521,1,28,9,1689,0,Converted Turnover,Bayer Leverkusen,86.2
1fa9882f-d5ad-40d5-94c2-4eccc47fe899,3890521,1,37,3,2223,0,Converted Turnover,Bayer Leverkusen,83.5
55225de1-51f0-4e4c-ac67-77bb56fcbde0,3890521,2,69,33,4173,0,Crucial Goal,Bayer Leverkusen,138.0
44dff9f5-c8ae-4eda-bffe-649e69e7c377,3890521,2,75,37,4537,1,Final Third Dribble,Bayer Leverkusen,116.8
7f16e103-224c-43ae-b7b2-dd5e6c3a3d18,3890522,1,11,20,680,0,Converted Turnover,Augsburg,102.3
118214f5-54a1-44fe-8448-e9e012fd5b4a,3890524,1,25,54,1554,0,Crucial Goal,Hertha Berlin,50.0
c6653071-d061-4165-b167-f64b01746ea5,3890524,1,32,5,1925,-1,Crucial Goal,Hoffenheim,32.0
09bff6e3-47d1-4e99-a982-a1d00017cb9c,3890524,1,38,20,2300,0,Converted Turnover,Hoffenheim,99.4
20708068-f868-476d-a3b0-fb1e623112b5,3890524,2,57,27,3447,0,Final Third Dribble,Hoffenheim,97.4
546dfe68-dcaf-404b-9dff-326105dd97f1,3890524,2,84,55,5095,0,Crucial Goal,Hoffenheim,168.0
29cd441c-764d-48a0-aa56-322bbdb191d2,3890525,1,9,52,592,0,Converted Turnover,Darmstadt 98,109.3
a0efd01e-4c7c-4988-bfc0-c838563df33c,3890525,2,50,1,3001,0,Crucial Goal,Darmstadt 98,100.0
07f9dca9-4a1a-4f72-93fd-901bc1a53045,3890525,2,64,8,3848,-1,Final Third Dribble,Ingolstadt,86.9
93b65f34-a687-4ca2-97b0-696f68eeaadb,3890525,2,84,32,5072,1,Smash and Grab,Darmstadt 98,0.33834586466165417
bce179ca-d949-4875-8085-273401470654,3890526,2,53,15,3195,0,Crucial Goal,Bayern Munich,106.0
555f5069-0220-4c1c-b46e-f810f45468cc,3890526,2,72,52,4372,2,Converted Turnover,Bayern Munich,110.0
5ba5776c-c640-4d2f-b263-4fb4df539701,3890527,1,7,50,470,0,Crucial Goal,FSV Mainz 05,14.0
63da1481-3169-49a1-b156-df0285d32e3d,3890527,1,13,49,829,1,Converted Turnover,FSV Mainz 05,94.4
182e7a22-cbcd-4d90-aa1a-101b4c328ade,3890527,1,22,10,1330,1,Converted Turnover,FSV Mainz 05,84.7
3e281e06-3c7d-4657-971f-9a8d2129862f,3890527,1,33,39,2019,-1,Converted Turnover,FC Köln,104.9
d3b0694f-944e-4eb1-878a-ea8baa783417,3890527,2,60,36,3636,-2,Converted Turnover,FC Köln,98.2
d9ad444c-af40-4153-92fb-bb0d148ebe99,3890528,1,37,41,2261,0,Crucial Goal,Borussia Dortmund,74.0
28e2621d-af4a-4d43-9ee2-24e9bbadf0ae,3890528,2,83,58,5038,2,Let Off,Hamburger SV,0.31339005
8e3fb996-c69a-499e-8748-a82534f90278,3890529,2,71,49,4309,1,Converted Turnover,Hamburger SV,97.7
590acc51-13b9-4b13-ac33-3c5061d733f5,3890529,2,87,49,5269,-1,Converted Turnover,Werder Bremen,96.0
5468f9ad-9e58-4df6-9681-a60d95054c98,3890531,1,27,41,1661,0,Converted Turnover,Darmstadt 98,107.7
36324423-c01a-43b5-9387-2faeb3758ae6,3890532,1,27,11,1631,-2,Let Off,Ingolstadt,0.4181657
5a9b9173-8054-43fc-8a0a-5dec5c142436,3890532,2,81,38,4898,-1,Crucial Goal,Hannover 96,81.0
2ee0f306-9650-4b05-8738-7fbbba040fda,3890533,1,19,25,1165,0,Converted Turnover,Hertha Berlin,114.3
5a41791d-ab62-4a0c-9a9f-5905e4fba370,3890533,1,32,13,1933,0,Converted Turnover,Hertha Berlin,98.5
614d5764-237d-4ca6-ab27-c5ffc2d42a76,3890533,2,52,32,3152,-1,Converted Turnover,Hertha Berlin,103.1
875902a2-f72c-4791-95cc-3e32b2890b62,3890534,2,67,19,4039,-1,Converted Turnover,Schalke 04,83.7
1a15c43d-47ce-4751-8d92-a4741334a9e9,3890535,1,19,22,1162,-1,Converted Turnover,Wolfsburg,89.4
3962e6ff-a0e6-4d8f-84c1-e8f089b6a5bf,3890535,1,37,54,2274,-1,Converted Turnover,Wolfsburg,86.0
50b8af5f-18f7-46d6-be23-1f5f3882a0d6,3890535,2,56,37,3397,1,Converted Turnover,Augsburg,87.9
3599adee-79c6-49db-8d42-10bbc3590f3a,3890536,1,9,3,543,1,Converted Turnover,Borussia Mönchengladbach,101.6
937ba428-0040-401b-b975-09bc7bdfc8c6,3890536,1,15,43,943,-1,Final Third Dribble,Hoffenheim,92.9
3bc4e491-7abd-45ee-9fc5-2ec05fa5f5f7,3890537,1,17,45,1065,0,Crucial Goal,FSV Mainz 05,34.0
6d7b3038-1f1c-449a-a1e2-c90071339645,3890537,1,40,14,2414,0,Let Off,FSV Mainz 05,0.40191105
03edabc5-0552-4489-b08c-fde9db982be7,3890537,2,57,50,3470,0,Converted Turnover,Eintracht Frankfurt,112.4
1284cedc-d229-4915-891c-2daeb6ff9cc5,3890537,2,79,48,4788,0,Converted Turnover,FSV Mainz 05,91.8
db94728d-40f9-4191-b371-6b72409b541e,3890538,1,37,39,2259,0,Final Third Dribble,Augsburg,100.0
01d60655-7ea6-4695-8626-6eaced608c62,3890539,1,26,33,1593,-1,Final Third Dribble,Eintracht Frankfurt,113.8
8a317824-cfa3-4a58-86dc-bf3fdb5ddbc2,3890539,1,39,11,2351,-1,Converted Turnover,Eintracht Frankfurt,82.7
cfba7c42-f882-437e-b4e9-9da9276e98be,3890540,1,29,26,1766,1,Converted Turnover,Bayer Leverkusen,105.3
569d47b5-3789-4067-a03a-777d7096e684,3890540,1,41,40,2500,1,Converted Turnover,Bayer Leverkusen,109.0
843fd7b7-2a52-4971-8383-217d2dd79188,3890540,2,54,47,3287,-1,Converted Turnover,Hertha Berlin,106.6
59e9a3f0-c2e9-41a2-ba24-5cb81daa1364,3890540,2,86,37,5197,-1,Converted Turnover,Hertha Berlin,98.2
21310df9-098d-492f-9bbc-69a1314bf588,3890541,1,16,49,1009,-1,Converted Turnover,Borussia Mönchengladbach,84.8
8a98ae52-4407-4294-8cfa-04f75c80f713,3890541,2,57,5,3425,-1,Converted Turnover,Borussia Mönchengladbach,84.9
c1b04f46-74ad-4e14-be65-cbfdb8041031,3890542,1,18,10,1090,-2,Final Third Dribble,Wolfsburg,112.2
9290fcfd-95a6-419b-8f34-6b7a5e0cbec4,3890542,1,33,47,2027,-2,Converted Turnover,Wolfsburg,88.9
3ffb9c40-0a38-4efe-8d27-f459d1a635c3,3890543,1,25,14,1514,0,Converted Turnover,Hannover 96,82.4
da647aed-65df-48b0-8e23-852484163de8,3890543,2,68,53,4133,-1,Converted Turnover,Hannover 96,93.3
93ecff5b-d5c1-4fce-a466-258fea053b39,3890543,2,87,36,5256,-2,Converted Turnover,Hannover 96,82.3
85cdccfb-acee-44da-a23f-c63b4cc978e4,3890544,1,16,22,982,0,Crucial Goal,Ingolstadt,32.0
649b9a7c-8137-4c48-babc-85ed0ab5f0b8,3890545,1,8,42,522,0,Converted Turnover,FSV Mainz 05,98.3
4e6a7718-1e17-4fdf-b3fa-f84145e5ca5b,3890546,1,9,41,581,0,Crucial Goal,Werder Bremen,18.0
a9440972-03af-4610-9d63-1c37f9451a08,3890546,1,25,41,1541,-1,Crucial Goal,VfB Stuttgart,25.0
d98a20bd-5956-493c-9bed-07cea43cfdc7,3890547,1,5,55,355,0,Converted Turnover,Hoffenheim,106.7
f9d85306-373f-47cb-8fba-2ed9e5947823,3890547,1,13,32,812,0,Converted Turnover,Hoffenheim,95.4
f39fa147-0c14-4f5d-ba13-da98c5233fb6,3890547,2,64,32,3872,-1,Let Off,Hannover 96,0.3004187
5ef6f595-615b-4a4e-8186-49b057a84823,3890547,2,72,16,4336,-1,Converted Turnover,Hoffenheim,99.7
7a7c8bcc-306b-4888-b0ea-67ea94c11e02,3890547,2,82,36,4956,1,Final Third Dribble,Hannover 96,85.9
b3dfdde0-e41a-4454-8994-b77c776c5c9a,3890548,2,50,42,3042,1,Converted Turnover,Bayern Munich,91.1
ca411c29-fe6e-4a82-b0ce-386aab0ac202,3890548,2,60,49,3649,1,Let Off,Ingolstadt,0.3243636
afd13b3a-fb3c-4253-9cb5-ec135c81a497,3890548,2,67,17,4037,1,Converted Turnover,Bayern Munich,85.3
73e75d3d-22db-4cc4-894e-26c78e89e21d,3890549,2,61,46,3706,0,Converted Turnover,Schalke 04,97.6
310d8b58-c908-4e99-b55c-35051a56251e,3890549,2,81,4,4864,0,Crucial Goal,Schalke 04,162.0
a2131e08-11a6-460d-82ff-ca2eb629b723,3890550,1,19,12,1152,0,Crucial Goal,Bayer Leverkusen,38.0
fcb554b7-3f44-4630-bdb6-2d61b9b7e7ad,3890550,2,67,23,4043,0,Converted Turnover,Borussia Mönchengladbach,108.9
ed0fabeb-6f8d-4e83-ba80-014754a8bbca,3890550,2,78,4,4684,0,Crucial Goal,Borussia Mönchengladbach,156.0
76f96fd9-b81d-4ba3-aa7b-97ee818111fb,3890551,1,28,58,1738,0,Let Off,Hamburger SV,0.35324964
773416a4-e4e9-4ce8-a1a5-e6e29194a89e,3890552,1,5,36,336,0,Crucial Goal,VfB Stuttgart,10.0
e17f3e92-47c2-4daf-bdba-7e3f945db806,3890552,2,78,42,4722,2,Let Off,VfB Stuttgart,0.31873417
4bf36bd4-b1d7-4946-a09e-ce0221a11bf5,3890553,1,7,53,473,0,Converted Turnover,Eintracht Frankfurt,96.9
f292f7d1-6ec8-4212-af5a-27df5d271785,3890553,1,23,45,1425,-1,Converted Turnover,Borussia Dortmund,110.7
eaf186d7-f964-46cf-8f60-44854356f3b7,3890553,1,39,14,2354,-1,Let Off,Eintracht Frankfurt,0.3919475
cb71fdab-8b6f-48dd-9e89-12d15265817f,3890553,2,68,38,4118,-1,Final Third Dribble,Borussia Dortmund,92.4
aea5fd31-4376-4b9c-9ebc-a521effcc96b,3890553,2,81,14,4874,-1,Converted Turnover,Borussia Dortmund,110.8
e9d68350-e76c-420c-8a2b-84d4fd115989,3890554,2,56,27,3387,0,Converted Turnover,Werder Bremen,80.5
b1378d46-8610-4165-af05-e36969fb2aa2,3890554,2,76,13,4573,0,Final Third Dribble,FC Köln,83.5
c2e6a678-1ef2-44c1-9b75-a9243493723a,3890555,1,23,57,1437,-1,Crucial Goal,Darmstadt 98,23.0
e7f5f4b7-f682-4610-9aa7-6d3e1a1a9ab3,3890556,1,10,29,629,0,Crucial Goal,Wolfsburg,20.0
dcf88dd5-d139-45ac-92d4-483c93d5deda,3890556,1,36,51,2211,-2,Converted Turnover,VfB Stuttgart,86.8
3e86b577-153d-443a-867a-4cde4fc85ffb,3890556,2,88,25,5305,1,Final Third Dribble,Wolfsburg,84.2
b2bace6b-a6b8-47e3-86a2-33d4f8b0fb6c,3890557,1,18,44,1124,0,Final Third Dribble,Werder Bremen,92.3
5f94db44-f04d-4b0e-8216-b0dda59a7c72,3890557,1,36,19,2179,0,Converted Turnover,Werder Bremen,98.9
4f281023-6c3a-4ec9-87b9-a6e39fe1f64d,3890558,1,8,0,480,0,Let Off,Hertha Berlin,0.6352161
9d53b730-cb00-4a8b-8d92-3f4b53dec083,3890558,1,40,14,2414,0,Let Off,FSV Mainz 05,0.34499156
1c97c391-d756-45a0-a519-bb35827d297a,3890558,2,74,8,4448,0,Converted Turnover,Hertha Berlin,96.5
a2b0817c-85f5-4971-8fab-ff91b1567dcb,3890558,2,90,29,5429,0,Converted Turnover,Hertha Berlin,85.4
4ecea8a3-c7eb-4847-974c-06d2fb4da6b8,3890559,1,27,11,1631,1,Final Third Dribble,Bayern Munich,90.4
2d7ec698-eeae-474b-a78a-41c513794d64,3890559,2,65,18,3918,-3,Converted Turnover,Hannover 96,93.6
3eae4c30-69be-4208-b6f1-6623e0da187a,3890559,2,71,6,4266,-2,Converted Turnover,Hannover 96,86.4
f675e5dd-4cf3-4f77-8e13-a44f34008873,3890560,1,30,18,1818,0,Crucial Goal,Borussia Mönchengladbach,60.0
fc049aa4-ed46-4feb-b6ec-cfa366859bfb,3890560,1,36,3,2163,1,Converted Turnover,Borussia Mönchengladbach,95.0
b5bfb8ae-18a8-4a61-8064-d59943bc9dfe,3890561,1,13,54,834,1,Final Third Dribble,Schalke 04,92.7
6a08b5c3-d6c7-48d1-bd34-0f027b837730,3890561,2,55,10,3310,1,Final Third Dribble,Schalke 04,104.7
64ccd410-e984-42d9-bf4c-de0709d941ce,3890562,1,10,25,625,0,Crucial Goal,Borussia Dortmund,20.0
4fc4e097-2dfa-4a6f-8d25-d4de40157393,3890562,1,15,33,933,-1,Let Off,Borussia Dortmund,0.30563623
a855cfde-be9c-41ab-a9cc-48b648e01568,3890562,2,74,17,4457,-1,Crucial Goal,Borussia Dortmund,74.0
47254565-a82b-471c-9a42-59348a8fa572,3890562,2,82,10,4930,0,Converted Turnover,Borussia Dortmund,85.2
6841ff94-a6c9-43cd-a858-cf322acd99e2,3890563,1,36,11,2171,0,Crucial Goal,Bayer Leverkusen,72.0
f06aeceb-83af-427e-a05a-3fe40256308a,3890563,2,70,14,4214,-1,Let Off,Bayer Leverkusen,0.3559521
1ef38946-3a98-4a79-abfe-a26a68557166,3890564,1,35,13,2113,-1,Crucial Goal,Hamburger SV,35.0
fc387fa8-9e61-437f-92d8-f1eed683d587,3890564,2,67,1,4021,-1,Converted Turnover,Augsburg,99.1
f3d8561f-7e78-4625-abd7-2a02b2059293,3890564,2,73,15,4395,1,Converted Turnover,Hamburger SV,109.2
9b95a0fa-26ca-4b6b-a93e-ceafbded2f31,3890564,2,83,22,5002,-2,Converted Turnover,Augsburg,116.3
