player_id,player_name,player_position,event_id,match_id,period,minute,second,total_seconds,goal_diff,event_type,affected_team,severity
6379,Sergi Roberto Carnicer,Center Attacking Midfield,09a8e492-2935-4392-813b-1b0416c9d0ac,9575,1,11,42,706,0,Wasted Turnover,Barcelona,109.0
5211,Jordi Alba Ramos,Left Back,ed6e207e-8ab1-49ef-ba2b-256c6876226d,9575,2,50,59,3059,2,Yellow Card,Barcelona,0.8
18867,Matías Nahuel Leiva Esquivel,Right Wing,4b2c9a7c-134b-4bab-a19c-8e62ee1e025a,9575,2,62,4,3724,-2,Yellow Card,Real Betis,0.2
6402,Francisco Alcácer García,Left Wing,1fff691c-f4a5-4a4f-85b7-1e874d5246ae,9581,2,80,43,4845,2,Wasted Turnover,Barcelona,97.7
6754,David López Silva,Right Center Back,fe90df1a-641d-4583-8a63-673e8ca78d33,9592,1,28,30,1710,-1,Yellow Card,Espanyol,0.8
5213,Gerard Piqué Bernabéu,Right Center Back,c9076ad3-29d8-45ad-9dda-af0fbd8714a8,9602,1,9,20,560,0,Yellow Card,Barcelona,0.8
5211,Jordi Alba Ramos,Left Back,464b910b-d7bf-43bb-a428-babaf399c7f1,9602,2,65,46,3946,0,Yellow Card,Barcelona,0.8
5246,Luis Alberto Suárez Díaz,Center Forward,09e2e5aa-d393-467b-a1e0-eca4a304693d,9602,2,72,2,4322,0,Yellow Card,Barcelona,0.2
6699,Ander Capa Rodríguez,Right Wing,4e5a1622-d187-4678-93fe-00f1560c7121,9609,1,9,51,591,0,Yellow Card,Eibar,0.2
6849,Lucas Digne,Left Back,729d9c9c-0e93-45ce-86a8-fa33008bf1ec,9609,2,70,37,4237,4,Big Miss,Barcelona,0.3201587
6924,Alejandro Gálvez Jimena,Left Center Back,00ffcf9a-f3fd-4c62-a97a-eed4a9087573,9609,2,79,49,4789,-4,Yellow Card,Eibar,0.8
6703,Christian Rivera Hernández,Left Defensive Midfield,58a5dded-be49-40a0-91e9-69ad30fd4a3b,9609,2,86,12,5181,-4,Wasted Turnover,Eibar,96.8
6573,Bernardo José Espinosa Zúñiga,Center Back,2dd826a4-8fdb-4e37-8392-48c5f1314584,9620,1,14,4,851,0,Wasted Turnover,Girona,81.8
6578,Francesc Aday Benítez Caraballo,Left Wing Back,77525156-9c10-4bca-bd6c-3ade49cbc827,9620,2,60,8,3617,-2,Wasted Turnover,Girona,84.8
6379,Sergi Roberto Carnicer,Right Back,fc899dbb-af04-43a4-9155-a19118079507,9636,1,14,36,877,0,Wasted Turnover,Barcelona,99.5
5246,Luis Alberto Suárez Díaz,Left Center Forward,9acc3797-1d20-459f-b6b2-ae94b527e18a,9636,1,20,52,1252,0,Selfish Shot,Barcelona,0.3338281396688642
5246,Luis Alberto Suárez Díaz,Left Center Forward,86757509-0086-4db7-b806-4e8b61d8fdcf,9636,2,50,43,3043,1,Yellow Card,Barcelona,0.2
6923,Joaquín Navarro Jiménez,Left Center Back,94fd4287-65a8-4567-8b52-d1d031746ebf,9636,2,58,2,3482,-1,Yellow Card,Las Palmas,0.8
6609,Denis Suárez Fernández,Right Midfield,32ecb5a7-24ff-4498-ade3-13d2aaa57821,9636,2,68,9,4093,1,Wasted Turnover,Barcelona,82.0
5246,Luis Alberto Suárez Díaz,Left Center Forward,ca9d973b-1a5d-4895-b5d5-61a13100293d,9636,2,85,30,5138,3,Wasted Turnover,Barcelona,87.2
6384,Gabriel Fernández Arenas,Right Defensive Midfield,9a7eb28a-9273-489b-821a-8e853b98d58e,9642,1,13,6,786,0,Yellow Card,Atlético Madrid,0.6
5492,Samuel Yves Umtiti,Left Center Back,aa4126cb-3d91-4ca3-bcb5-d9536a9bf029,9642,1,32,49,1969,-1,Yellow Card,Barcelona,0.8
6383,Thomas Teye Partey,Right Midfield,2e70f829-615d-409b-a63c-a78c24a2bde9,9642,2,77,27,4650,1,Wasted Turnover,Atlético Madrid,86.4
6557,Adrián González Morales,Left Defensive Midfield,042f8e2c-15dc-4cc6-a7ab-d3e31bb0154b,9650,1,36,3,2163,-1,Yellow Card,Málaga,0.6
10802,André Filipe Tavares Gomes,Left Midfield,5a28ffc1-545d-4597-be75-eec24ee4bc7e,9661,1,34,37,2081,0,Wasted Turnover,Barcelona,102.2
5213,Gerard Piqué Bernabéu,Right Center Back,b373518c-3621-43b9-a747-b9ba06fe95ec,9661,2,61,53,3713,1,Yellow Card,Barcelona,0.8
5542,José Paulo Bezzera Maciel Júnior,Left Defensive Midfield,6605e308-dca4-485d-8545-87bb6a36b92e,9661,2,74,1,4441,1,Yellow Card,Barcelona,0.6
5492,Samuel Yves Umtiti,Left Center Back,1ff3a310-6d48-4db5-b2b9-285c9b7cec20,9661,2,80,27,4827,1,Yellow Card,Barcelona,0.8
5470,Ivan Rakitić,Left Defensive Midfield,2956b2ef-8aef-4765-8120-7759b39ad5e9,9673,2,51,56,3123,1,Wasted Turnover,Barcelona,98.6
5246,Luis Alberto Suárez Díaz,Left Center Forward,65afbc91-467f-4ab0-a361-2e98c6a6f529,9673,2,85,37,5146,1,Wasted Turnover,Barcelona,104.4
5213,Gerard Piqué Bernabéu,Right Center Back,e3900c9e-2c1a-449c-839f-de3adb3c8ef5,9682,1,28,56,1736,1,Yellow Card,Barcelona,0.8
6374,Nélson Cabral Semedo,Right Back,04d4777d-2591-4681-817b-2bb6c0a397cd,9682,1,38,6,2286,1,Wasted Turnover,Barcelona,92.0
6603,Dimitrios Siovas,Left Center Back,c041cb5f-dfbf-4f7a-9753-054bb50b968a,9682,2,71,36,4296,-2,Yellow Card,Leganés,0.8
6589,Geoffrey Kondogbia,Right Defensive Midfield,3346647d-9392-480b-9a3a-20373def5e1e,9695,1,31,5,1865,0,Yellow Card,Valencia,0.6
6595,Daniel Parejo Muñoz,Left Defensive Midfield,a33c9c89-275c-4d4d-91ed-eee0058afaab,9695,2,53,1,3185,0,Wasted Turnover,Valencia,87.7
6846,Andreas Hoelgebaum Pereira,Left Midfield,14917e19-bd43-4b40-bf03-2649f1cde060,9695,2,88,8,5288,0,Yellow Card,Valencia,0.5
6862,Cédric Bakambu,Center Forward,3935ff60-1329-4512-8756-54612009b224,9717,1,34,28,2068,0,Wasted Turnover,Villarreal,80.3
6762,Álvaro González Soberón,Right Center Back,70e60889-aaa4-4020-8c75-9b0d507fc510,9717,2,85,51,5151,-2,Yellow Card,Villarreal,0.8
5537,Fabian Lukas Schär,Right Center Back,27b079a0-20dc-47e2-ba7b-3b76c06ef039,9726,1,30,57,1857,-1,Yellow Card,RC Deportivo La Coruña,0.8
6400,Aleix Vidal Parreu,Right Midfield,138ad245-60c5-44e4-8208-5927b50304db,9726,1,36,22,2182,1,Wasted Turnover,Barcelona,106.2
5246,Luis Alberto Suárez Díaz,Left Center Forward,1a012087-d49d-4a6b-9d23-29ad1455e5a5,9726,2,51,52,3116,3,Wasted Turnover,Barcelona,89.4
5211,Jordi Alba Ramos,Left Back,a4529126-1c53-4d9d-8b62-4c62121c4591,9726,2,74,32,4472,3,Big Miss,Barcelona,0.3204966
6332,Thomas Vermaelen,Left Center Back,b2595607-f29d-4cc9-aaf8-f4e6bfb06d6b,9736,1,17,57,1077,0,Yellow Card,Barcelona,0.8
5213,Gerard Piqué Bernabéu,Right Center Back,323a0ceb-6480-4b00-bd07-4a639ebf921b,9736,1,30,4,1804,0,Wasted Turnover,Barcelona,107.0
5246,Luis Alberto Suárez Díaz,Right Center Forward,f75f685f-3b7f-4be7-9472-3738f497b046,9736,1,36,59,2222,0,Wasted Turnover,Barcelona,115.0
5463,Luka Modrić,Right Midfield,96c86652-4e28-41b0-b025-c826e5eacf06,9736,2,70,45,4259,-2,Wasted Turnover,Real Madrid,83.0
6682,Sergio Postigo Redondo,Left Center Back,aa29c216-ada7-41f9-adca-41eb8a3e0066,9742,1,30,42,1842,-1,Yellow Card,Levante UD,0.8
6806,Shaquell Moore,Right Back,34bf395e-6c07-4288-b600-ec82b726ad39,9742,2,64,13,3853,-2,Big Miss,Levante UD,0.33715823
6678,Emmanuel Okyere Boateng,Center Forward,bcbcb52f-8d0c-479c-9af8-943fe436d2ee,9742,2,69,43,4183,-2,Yellow Card,Levante UD,0.2
10802,André Filipe Tavares Gomes,Left Midfield,138051d2-b053-436b-918b-0901697397b5,9742,2,78,3,4689,2,Wasted Turnover,Barcelona,105.5
6807,Roberto Suárez Pier,Right Center Midfield,b73d1535-9805-4406-82a2-56a448d81a44,9742,2,83,28,5008,-2,Yellow Card,Levante UD,0.5
6685,Mikel Oyarzabal Ugarte,Left Midfield,47323e35-3c5c-4dc7-a980-32b0ad09326c,9754,2,83,16,4996,-1,Yellow Card,Real Sociedad,0.5
5470,Ivan Rakitić,Right Center Midfield,7b777fd5-54f5-4a20-8289-a82d7c1771dc,9765,1,26,5,1565,0,Selfish Shot,Barcelona,0.1493965660896615
6617,Ibai Gómez Pérez,Left Midfield,acb7de0a-1a7e-4956-84cc-439c198ea9df,9774,1,14,49,889,0,Big Miss,Deportivo Alavés,0.3475795
6769,Edinaldo Gomes Pereira,Left Center Back,c6b9ea35-8a18-449d-acd1-03aec4319a1e,9783,1,39,21,2361,0,Yellow Card,Espanyol,0.8
6756,Marc Navarro Ceciliano,Right Back,da2279dd-8ab6-4ecd-9dd5-e704c718b1ae,9783,2,69,19,4159,1,Yellow Card,Espanyol,0.8
6767,Sergio García De La Fuente,Right Midfield,3d3a0071-6e7d-44c8-99cb-95c3031080f2,9783,2,78,23,4703,1,Yellow Card,Espanyol,0.5
3501,Philippe Coutinho Correia,Left Midfield,1f912ce0-5b19-4fb3-b1e2-66cba6ebe144,9794,1,17,12,1032,0,Wasted Turnover,Barcelona,97.0
6619,Vitorino Gabriel Pacheco Antunes,Left Back,579acfa2-0d7a-4eda-b63e-516d0a0fdab2,9794,2,64,40,3880,0,Yellow Card,Getafe,0.8
5693,Gaku Shibasaki,Left Midfield,e489f4c1-3cfd-47f7-b43e-a6d404db3387,9794,2,77,30,4655,0,Wasted Turnover,Getafe,86.2
6701,Joan Jordán Moreno,Center Attacking Midfield,88dfee5e-9b13-486a-b477-56c534f59f7f,9799,1,27,51,1673,-1,Wasted Turnover,Eibar,99.8
7105,Fabián Ariel Orellana Valenzuela,Right Wing,9b6494f7-7da1-41cf-819e-22f4fe632884,9799,2,57,43,3463,-1,Yellow Card,Eibar,0.2
6867,Papa Kouly Diop,Left Defensive Midfield,a5b49d67-73c3-4014-92df-fdd59f1346ac,9799,2,65,4,3904,-1,Yellow Card,Eibar,0.6
5503,Lionel Andrés Messi Cuccittini,Right Center Forward,32a8ca47-2aa9-4173-afae-86700c30480f,9799,2,87,37,5257,1,Big Miss,Barcelona,0.4894891
5211,Jordi Alba Ramos,Left Back,ccd9bab5-3261-4b71-a39f-8ea054187840,9811,2,86,34,5194,5,Yellow Card,Barcelona,0.8
3501,Philippe Coutinho Correia,Right Midfield,48fc5720-3cc8-426f-ba1b-a221f14795d1,9837,1,10,33,633,0,Wasted Turnover,Barcelona,111.4
5259,José María Giménez de Vargas,Right Center Back,5966875d-089c-4564-901f-29c921520cca,9837,2,56,5,3365,-1,Yellow Card,Atlético Madrid,0.8
3501,Philippe Coutinho Correia,Left Midfield,54402d50-6159-4a72-88c1-d37d79bb9136,9837,2,82,14,4934,1,Wasted Turnover,Barcelona,102.9
5492,Samuel Yves Umtiti,Left Center Back,ed1e7634-2546-4b2a-b042-fdda3c44b450,9855,1,16,33,993,1,Yellow Card,Barcelona,0.8
6393,Iñaki Williams Arthuer,Right Midfield,4641eb59-f2ce-4d7b-8cdc-3314c3ce5a16,9855,2,65,32,3932,-2,Wasted Turnover,Athletic Club,112.0
6392,Íñigo Lekue Martínez,Left Midfield,9705a187-0bb8-4330-a093-65e3b541c59b,9855,2,71,5,4268,-2,Wasted Turnover,Athletic Club,109.0
6334,Luis Fernando Muriel Fruto,Center Forward,131fc502-0661-4ea8-82ee-74f386d70f39,9860,1,15,47,947,0,Big Miss,Sevilla,0.39380577
5742,Gabriel Iván Mercado,Right Back,1f9baa9b-b66b-43ab-96a1-897ed3f32fb7,9860,1,33,19,1999,0,Yellow Card,Sevilla,0.8
5542,José Paulo Bezzera Maciel Júnior,Right Center Midfield,3cc9cf74-a210-410e-863b-0d1fee1c572b,9860,2,62,16,3736,-2,Wasted Turnover,Barcelona,103.7
10802,André Filipe Tavares Gomes,Left Defensive Midfield,f260bf8d-5ece-49df-bbab-21483a1a6fd2,9870,1,8,25,505,0,Selfish Shot,Barcelona,0.1882958166669179
5246,Luis Alberto Suárez Díaz,Center Forward,1a1cb231-6eb5-4e11-a41c-b59a4ce89e9a,9870,1,18,57,1137,0,Big Miss,Barcelona,0.6732671
5503,Lionel Andrés Messi Cuccittini,Right Center Forward,7bb3e6ba-6f1e-4e5c-b035-9d4a15fc3f41,9880,1,24,17,1457,1,Wasted Turnover,Barcelona,102.7
6746,Gabriel Armando de Abreu,Left Center Back,416a8336-80dc-4eb9-921c-27089ddeb8f3,9880,2,74,29,4469,-2,Yellow Card,Valencia,0.8
5477,Ousmane Dembélé,Right Midfield,4c581b50-ba31-4e41-a364-06b0c0f11c99,9880,2,85,9,5109,2,Yellow Card,Barcelona,0.5
6609,Denis Suárez Fernández,Center Attacking Midfield,28ea9976-1652-4c5b-b50d-f2120a6a6fcf,9889,1,24,26,1466,0,Wasted Turnover,Barcelona,88.0
5217,Iago Aspas Juncal,Left Center Forward,c9585fcd-23f8-4396-b479-d787f33810a0,9889,2,55,17,3317,0,Yellow Card,Celta Vigo,0.2
5542,José Paulo Bezzera Maciel Júnior,Right Defensive Midfield,d7d4c63c-dfa0-4a49-be54-25c9f7ba2d93,9889,2,63,6,3786,0,Big Miss,Barcelona,0.54773974
6797,Daniel Wass,Right Midfield,a3f4a25c-7c5e-4223-bfd0-3494ef62b5b0,9889,2,77,28,4648,-1,Yellow Card,Celta Vigo,0.5
6802,Jonathan Castro Otto,Left Center Back,3da05fe7-0445-46b9-ba85-9034eff8a287,9889,2,87,22,5242,0,Yellow Card,Celta Vigo,0.8
6779,Emre Çolak,Center Attacking Midfield,552d578c-990e-4a85-9abe-235bc02043bc,9912,1,13,1,781,-1,Wasted Turnover,RC Deportivo La Coruña,103.3
5537,Fabian Lukas Schär,Left Center Back,78604c70-c17d-48c5-91b9-d26c567d7336,9912,1,19,16,1156,-1,Yellow Card,RC Deportivo La Coruña,0.8
5537,Fabian Lukas Schär,Left Center Back,06e8e306-ee41-431e-a3a9-5b2fd2792c27,9912,1,33,53,2033,-1,Big Miss,RC Deportivo La Coruña,0.3426257
5463,Luka Modrić,Right Center Midfield,e9e4d431-2956-4e87-800e-0f141e77d135,9924,2,54,55,3295,-1,Wasted Turnover,Real Madrid,85.9
5503,Lionel Andrés Messi Cuccittini,Right Center Forward,5aa93bcf-1bbb-41e5-925b-34ba6d72d069,9924,2,69,12,4152,1,Big Miss,Barcelona,0.36068064
5470,Ivan Rakitić,Right Center Midfield,1295cf1e-916b-4793-83fa-c9ea46547e14,9924,2,84,53,5093,0,Yellow Card,Barcelona,0.5
5542,José Paulo Bezzera Maciel Júnior,Right Center Midfield,055d6289-3c3e-41df-820f-f1ab62129b8e,9928,1,5,24,336,0,Wasted Turnover,Barcelona,84.0
5503,Lionel Andrés Messi Cuccittini,Center Forward,3e117cfc-a69d-44a6-8ba5-619380bd28de,9928,1,24,49,1502,2,Wasted Turnover,Barcelona,87.0
6374,Nélson Cabral Semedo,Right Back,fe5c1a9b-e7b0-4353-acf4-a22b2e4ab0f0,9928,2,55,28,3342,2,Wasted Turnover,Barcelona,84.0
6751,Javier Fuego Martínez,Left Center Midfield,4bce0e82-7c05-4806-bf2b-9dbf38cb0d93,9928,2,62,52,3784,-2,Wasted Turnover,Villarreal,110.0
6751,Javier Fuego Martínez,Left Center Midfield,5431d7ed-7564-4f7d-bb2b-0042f49ee559,9928,2,70,56,4256,-2,Yellow Card,Villarreal,0.5
6772,Mario Gaspar Pérez Martínez,Right Back,0ce7d5d8-f36f-43ff-a47a-4315e3336755,9928,2,80,37,4837,-2,Yellow Card,Villarreal,0.8
5203,Sergio Busquets i Burgos,Center Defensive Midfield,a4f23b2c-006f-41f2-bd2c-bca992ba75b5,9948,1,6,28,391,0,Wasted Turnover,Barcelona,95.5
6721,Willian José da Silva,Center Forward,e6c0e5ed-8938-45e7-81a7-8c0a3eda81ee,9948,1,23,46,1428,0,Wasted Turnover,Real Sociedad,90.3
6330,Adnan Januzaj,Right Midfield,31a07315-2a69-4190-920b-705723169443,9948,2,52,22,3142,0,Yellow Card,Real Sociedad,0.5
6379,Sergi Roberto Carnicer,Right Back,f45a0b79-84e7-49d4-b92f-b30c5a788367,15946,2,65,47,3960,1,Wasted Turnover,Barcelona,118.1
3501,Philippe Coutinho Correia,Left Wing,e6ed74b7-0a3d-4dea-9460-8284204e259d,15946,2,81,31,4891,1,Big Miss,Barcelona,0.33453467
5503,Lionel Andrés Messi Cuccittini,Right Wing,853df7da-0258-4a77-9365-c799fde573ce,15956,1,13,13,798,0,Wasted Turnover,Barcelona,92.3
3501,Philippe Coutinho Correia,Left Center Midfield,6fa18919-7d00-476e-8880-99e8e6067d6e,15956,1,34,8,2048,0,Selfish Shot,Barcelona,0.1014127126529787
5213,Gerard Piqué Bernabéu,Right Center Back,cb5cae77-f4b9-48b2-b6d5-140cb134bc00,15956,2,59,1,3541,1,Yellow Card,Barcelona,0.8
6734,Luis Carlos Correia Pinto,Left Back,3d65fdff-09af-49d5-9228-eb8648f8ae0b,15973,1,17,13,1033,0,Wasted Turnover,Huesca,82.6
6734,Luis Carlos Correia Pinto,Left Back,5bca3e4f-40d1-46e0-a398-94620930c031,15973,1,25,38,1538,-1,Yellow Card,Huesca,0.8
3501,Philippe Coutinho Correia,Left Center Midfield,e3e93c18-7e18-4a1c-a700-53b0e96caab3,15973,2,56,27,3387,3,Big Miss,Barcelona,0.42463356
6734,Luis Carlos Correia Pinto,Left Back,051df2cc-3f66-444b-91b5-ef011c13deb4,15973,2,80,18,4827,-4,Wasted Turnover,Huesca,81.3
6899,Rubén Pardo Gutiérrez,Right Center Forward,6a6f9278-d9f7-4897-b2ac-858836766bbe,15978,1,20,46,1247,1,Wasted Turnover,Real Sociedad,91.6
5503,Lionel Andrés Messi Cuccittini,Right Wing,7cd8bf65-7f80-4c9d-9432-0e5f5048f525,15978,2,54,54,3296,-1,Wasted Turnover,Barcelona,107.9
6578,Francesc Aday Benítez Caraballo,Right Wing Back,1f4605c2-0406-4347-9cd5-0fae32995d5c,15986,1,29,3,1748,-1,Wasted Turnover,Girona,100.2
6573,Bernardo José Espinosa Zúñiga,Center Back,40741842-9c90-477d-a53d-57fb3b1fe040,15986,1,38,7,2287,-1,Yellow Card,Girona,0.8
6572,Juan Pedro Ramírez López,Left Center Back,ebe8c128-fe97-433b-8444-4fb069dd8ccf,15986,2,60,25,3625,1,Yellow Card,Girona,0.8
5213,Gerard Piqué Bernabéu,Right Center Back,2b2e9aba-b389-4254-8f61-743415e63ce4,15986,2,80,38,4838,0,Yellow Card,Barcelona,0.8
3501,Philippe Coutinho Correia,Left Center Midfield,038e137e-b1a5-4e62-81d2-cbbce59d0446,15998,1,11,8,668,0,Selfish Shot,Barcelona,0.0915712775854022
6599,Rubén Salvador Pérez Del Mármol,Left Center Midfield,4743cf63-df0c-42de-b8cd-80992c0fcd07,15998,1,39,31,2371,-1,Yellow Card,Leganés,0.5
5246,Luis Alberto Suárez Díaz,Center Forward,dac9809b-3a9f-4d3d-82de-b85f9a8f962a,16010,2,61,49,3709,-1,Big Miss,Barcelona,0.81748074
5470,Ivan Rakitić,Left Defensive Midfield,9c2177fd-b4ab-4b55-b716-2addf357bd36,16010,2,77,11,4631,-1,Yellow Card,Barcelona,0.6
3023,Yuri Berchiche Izeta,Left Midfield,6c267fd4-6b0f-46e6-ab9e-48b68170b659,16010,2,82,51,4978,1,Wasted Turnover,Athletic Club,98.8
6720,Pablo Sarabia García,Right Center Midfield,3e542213-c37b-4851-bab5-21633e3d1240,16029,1,7,59,492,-1,Wasted Turnover,Sevilla,98.0
5477,Ousmane Dembélé,Right Wing,94601fc8-9575-4c4b-ae91-d4265134439c,16029,2,54,45,3285,2,Wasted Turnover,Barcelona,93.0
11541,Tomáš Vaclík,Goalkeeper,bd7abced-f067-4646-a719-b56e4ad3df06,16029,2,61,25,3685,-2,Yellow Card,Sevilla,0.5
5563,José Andrés Guardado Hernández,Right Defensive Midfield,6d87e367-2ed5-4af1-ad22-1a3bfdeb9805,16056,1,23,53,1433,1,Yellow Card,Real Betis,0.6
5203,Sergio Busquets i Burgos,Center Defensive Midfield,433631fb-376a-4cce-a8e5-8ca93a5bbcb8,16056,2,58,59,3539,-2,Yellow Card,Barcelona,0.6
5213,Gerard Piqué Bernabéu,Right Center Back,57e5cffd-4b42-4b03-b7fe-02a7cda0031e,16056,2,88,6,5286,-2,Big Miss,Barcelona,0.5591529
5203,Sergio Busquets i Burgos,Right Center Midfield,9d6e9982-1e9a-4288-80a3-8e1fc5542a55,16073,1,28,17,1697,0,Yellow Card,Barcelona,0.5
6998,Rafael Alcântara do Nascimento,Left Midfield,afbbc781-55bf-41f0-9859-5d152a2cfb16,16073,2,59,47,3595,0,Wasted Turnover,Barcelona,83.0
6762,Álvaro González Soberón,Right Center Back,0c8e5e92-41f5-40be-8b47-30b5ad777ebb,16079,1,25,45,1545,0,Yellow Card,Villarreal,0.8
5211,Jordi Alba Ramos,Left Back,9f699928-8707-4f91-b979-c09369a0132c,16079,2,67,58,4078,1,Yellow Card,Barcelona,0.8
3236,Sergi Darder Moll,Right Center Midfield,165eba6e-e6b7-47d5-afc7-138786f8f0fd,16086,2,52,20,3140,-3,Selfish Shot,Espanyol,0.1641115423188491
5503,Lionel Andrés Messi Cuccittini,Right Wing,942eaf4b-45bf-4ff9-b479-f94cf63169e8,16086,2,68,59,4139,4,Big Miss,Barcelona,0.38777235
6886,Dídac Vilá Rosselló,Left Back,a72e98ea-a91f-4ed2-ba76-45b9331377e4,16086,2,78,3,4683,-4,Yellow Card,Espanyol,0.8
5477,Ousmane Dembélé,Right Wing Back,5ffbe48f-62ff-4eb6-b93d-f991b8d9c7c0,16095,1,17,14,1034,0,Yellow Card,Barcelona,0.8
5246,Luis Alberto Suárez Díaz,Center Forward,d0b808f8-368a-4bc5-88f4-9204923d72a6,16095,2,79,55,4795,4,Big Miss,Barcelona,0.38925165
6609,Denis Suárez Fernández,Right Wing Back,5f3234ca-f4ae-451a-bc1c-b6c3ea21cfae,16095,2,85,15,5115,4,Big Miss,Barcelona,0.383022
5211,Jordi Alba Ramos,Left Back,017bc7b6-ac39-4c4e-869b-e1c6f63cf5ac,16109,1,20,39,1239,1,Wasted Turnover,Barcelona,97.7
3625,Sofiane Boufal,Left Midfield,106bf149-7d77-425a-bb79-9a8fde7ee2ff,16109,1,31,14,1878,-1,Wasted Turnover,Celta Vigo,91.7
7907,Pedro Bigas Rigo,Left Center Back,cc6e2357-763d-44b3-b882-fadcf5c8de24,16131,2,86,25,5198,-3,Wasted Turnover,Eibar,111.0
5830,Kenneth Josiah Omeruo,Center Back,59a654e8-6c47-4c89-b9de-7db9ff282d13,16136,1,29,16,1756,0,Yellow Card,Leganés,0.8
5503,Lionel Andrés Messi Cuccittini,Center Attacking Midfield,b428ce99-40be-409b-9c45-452156311a74,16136,2,67,52,4072,0,Wasted Turnover,Barcelona,92.0
5246,Luis Alberto Suárez Díaz,Center Forward,a08da843-6701-467f-b19e-a537dd97d52d,16136,2,86,46,5215,1,Wasted Turnover,Barcelona,105.1
8206,Arturo Erasmo Vidal Pardo,Right Center Midfield,e97ad08e-e433-4120-b09e-487078c9b745,16149,1,36,38,2198,1,Yellow Card,Barcelona,0.5
6785,Yassine Bounou,Goalkeeper,04967f94-2c0b-4f42-be26-1852cb6b950d,16149,2,51,7,3067,-1,Yellow Card,Girona,0.5
6351,Cristhian Ricardo Stuani Curbelo,Left Center Forward,ca0556a7-6259-49d7-9cea-ea88824d620c,16149,2,61,53,3715,-1,Wasted Turnover,Girona,81.1
6379,Sergi Roberto Carnicer,Left Back,43abc4bb-a403-460f-8702-b421acba064f,16157,1,30,21,1821,-1,Yellow Card,Barcelona,0.8
6775,Daniel García Carrillo,Left Defensive Midfield,4058cc7b-86e4-4f1f-88ae-4d4993626f42,16173,2,51,39,3099,0,Yellow Card,Athletic Club,0.6
6877,Yeray Álvarez López,Right Center Back,0018445a-9c09-4f36-a940-37a91613747b,16173,2,90,41,5441,0,Yellow Card,Athletic Club,0.8
6760,Enes Ünal,Right Center Forward,f6311164-3886-49d3-abb7-beb7e1d0d8c7,16182,1,10,14,614,0,Yellow Card,Real Valladolid,0.2
5503,Lionel Andrés Messi Cuccittini,Right Wing,423695b5-a5a7-4af3-a78c-7bfc63f88715,16182,1,17,53,1075,0,Wasted Turnover,Barcelona,95.0
5477,Ousmane Dembélé,Left Wing,d48b202e-fb4d-49f3-9c7a-7e29357df723,16182,1,24,59,1502,0,Wasted Turnover,Barcelona,86.0
11303,Anuar Mohamed Tuhami,Right Defensive Midfield,f8dfc505-8797-4a39-8291-9a3f203449ce,16182,1,32,58,1978,0,Yellow Card,Real Valladolid,0.6
13360,Quincy Anton Promes,Left Midfield,989c9694-2471-4e1f-b333-6ce1656220fd,16190,1,26,40,1601,0,Wasted Turnover,Sevilla,95.0
5213,Gerard Piqué Bernabéu,Right Center Back,ac99c092-aa3c-40a3-8b4c-000d0f5fbc21,16190,1,36,43,2203,0,Yellow Card,Barcelona,0.8
6719,Franco Damián Vázquez,Right Defensive Midfield,48332b41-42d4-4dcb-a2a8-68bc1ea77d96,16190,2,69,15,4155,0,Yellow Card,Sevilla,0.6
5574,Toni Kroos,Left Center Midfield,aa9d2492-98e9-4467-993f-06ff3e4eae59,16196,1,12,19,739,0,Wasted Turnover,Real Madrid,96.0
5719,Marco Asensio Willemsen,Right Wing,5099cbe8-91b1-45ac-ba9a-cf58e650df54,16196,2,73,25,4408,-1,Wasted Turnover,Real Madrid,109.0
5503,Lionel Andrés Messi Cuccittini,Right Wing,2a8367d3-e678-4a82-8e32-88426bfc751e,16205,1,15,30,937,0,Wasted Turnover,Barcelona,88.0
5503,Lionel Andrés Messi Cuccittini,Center Attacking Midfield,b7f7a2b1-6eba-40b7-91df-c08bf8472611,16205,2,55,57,3357,1,Wasted Turnover,Barcelona,91.0
5203,Sergio Busquets i Burgos,Left Defensive Midfield,8d8d54cc-de7a-40bc-b5a5-3a0a21d06051,16205,2,78,52,4732,1,Yellow Card,Barcelona,0.6
6777,Sidnei Rechel da Silva Júnior,Left Center Back,72a4d49c-cf6a-4fe0-a5e1-009119127bc4,16215,1,40,11,2418,-1,Wasted Turnover,Real Betis,83.0
6826,Clément Lenglet,Left Center Back,74af28ef-e7ec-477c-bfbc-a6b9069b197f,16215,2,51,20,3080,2,Yellow Card,Barcelona,0.8
5563,José Andrés Guardado Hernández,Left Center Midfield,09a63108-d305-48e1-95a8-7894462d9de9,16215,2,77,10,4630,-3,Wasted Turnover,Real Betis,85.0
22287,Adrià Giner Pedrosa,Left Wing Back,d3d271e0-9e43-4543-b0e3-2711d20ac1dd,16231,2,86,18,5178,-1,Yellow Card,Espanyol,0.8
5246,Luis Alberto Suárez Díaz,Center Forward,8e9a25cf-7418-413a-aaf3-c5380ae58f59,16248,2,61,43,3703,0,Big Miss,Barcelona,0.33181816
3042,Mikel Merino Zazón,Right Center Midfield,2350c6b5-bbf5-4a1d-8577-78e1e142dabb,16265,1,14,3,843,0,Yellow Card,Real Sociedad,0.5
6679,Aritz Elustondo Irribaria,Right Center Back,105733f4-1ae9-4e36-832e-986632a1cd6a,16265,1,40,0,2401,0,Wasted Turnover,Real Sociedad,83.0
22452,Aihen Muñoz Capellán,Left Back,81908ff0-cc3e-42ba-a061-58ff1d2d1878,16265,2,75,27,4535,-1,Wasted Turnover,Real Sociedad,89.0
8206,Arturo Erasmo Vidal Pardo,Right Center Midfield,3dd197f4-24f6-406b-82a6-67aeb87680e8,16265,2,80,48,4848,1,Big Miss,Barcelona,0.42404056
3501,Philippe Coutinho Correia,Left Wing,ca82d1ec-88de-4a23-a3f2-fa4e83a0ee68,16275,1,5,5,305,0,Selfish Shot,Barcelona,0.0781324369494682
6581,Jonathan Rodríguez Menéndez,Left Wing,0085a955-c073-4b5a-b6ce-a0ae001b098b,16275,1,32,13,1933,0,Yellow Card,Deportivo Alavés,0.2
6923,Joaquín Navarro Jiménez,Left Center Back,c99d6274-b488-4cc5-8e32-7bd545d27d3d,16275,2,55,8,3308,-1,Yellow Card,Deportivo Alavés,0.8
3501,Philippe Coutinho Correia,Left Wing,0a58b40e-5e86-41fb-b6d4-0d3868826f2b,16275,2,75,11,4511,2,Yellow Card,Barcelona,0.2
5246,Luis Alberto Suárez Díaz,Center Forward,6fed113d-d77a-4e86-9131-9aefc1f99d25,16289,1,7,47,467,0,Wasted Turnover,Barcelona,94.0
5470,Ivan Rakitić,Center Defensive Midfield,abbbcd05-402f-4d3f-b324-77a4905b416e,16289,1,13,15,795,0,Yellow Card,Barcelona,0.6
5213,Gerard Piqué Bernabéu,Right Center Back,559fbecd-e576-4006-ba17-ab1233a94f8b,16289,2,69,21,4161,1,Yellow Card,Barcelona,0.8
17620,Marc Cucurella Saseta,Left Midfield,dbad4f04-461f-46d8-9d22-21171f9e1fbb,16317,1,19,40,1180,0,Selfish Shot,Eibar,0.1095986558661661
6778,Iván Ramis Barrios,Left Center Back,0591dc98-5a98-46a8-bda4-72d2b8ed694e,16317,1,32,30,1950,-1,Yellow Card,Eibar,0.8
8206,Arturo Erasmo Vidal Pardo,Right Center Midfield,08dfe65b-5213-4d3f-bfec-880337ac2463,16317,2,73,18,4413,0,Wasted Turnover,Barcelona,82.0
6672,Jorge Andújar Moreno,Right Back,d68ce2e2-8068-44ec-a2b9-c994dfd03efe,265839,2,55,33,3343,-1,Wasted Turnover,Sevilla,85.2
6740,Gonzalo Castro Irizábal,Left Midfield,c90c52ae-781e-43e5-b9b9-b25c74d3be3b,265894,1,13,42,822,-1,Selfish Shot,Málaga,0.1730273456065851
6563,Juan Pablo Añor Acosta,Right Midfield,c9277991-6b7b-46df-91de-7e042286e941,265894,1,19,18,1164,-1,Wasted Turnover,Málaga,89.0
6707,Charles Días Barbosa de Oliveira,Right Center Forward,f4e1caff-3c0e-4ef6-81a3-8a90436a0a11,265894,1,24,39,1479,-1,Yellow Card,Málaga,0.2
8419,Duje Čop,Left Center Forward,c6ad7663-e7b4-4a63-b7ac-e6c983f91d80,265894,2,53,59,3243,-1,Wasted Turnover,Málaga,104.5
5503,Lionel Andrés Messi Cuccittini,Right Wing,bc9819df-6c68-427b-a882-d32f8704107b,265894,2,64,35,3875,1,Yellow Card,Barcelona,0.2
11094,Arda Turan,Left Wing,8e542c30-6a70-413d-8a58-43383ceff570,265894,2,70,12,4212,1,Yellow Card,Barcelona,0.2
6740,Gonzalo Castro Irizábal,Left Midfield,efa67e44-92f1-4cc7-9207-097e39595ccb,265894,2,76,8,4574,-1,Wasted Turnover,Málaga,86.5
6764,Pablo Fornals Malla,Right Defensive Midfield,896ba0c7-747d-4474-94fb-5f31091c9e8e,265894,2,85,27,5127,-1,Yellow Card,Málaga,0.6
16332,Ognjen Vranješ,Right Back,0e055087-2efc-445a-8a1f-369ae2f94c3f,265944,1,24,59,1499,-1,Yellow Card,Sporting Gijón,0.8
6561,Luis Hernández Rodríguez,Right Center Back,b86cbfb9-1a19-47bf-94eb-a7e1e2bf992d,265944,2,70,40,4240,-2,Yellow Card,Sporting Gijón,0.8
6624,Jorge Franco Alviz,Left Midfield,396f9508-f9ef-417f-8708-50102c67c4f2,265952,1,23,30,1410,-1,Yellow Card,Sporting Gijón,0.5
25591,Juan Rodríguez Martínez,Right Center Back,cadb7ca4-2889-4476-aaa0-b19ecc6b29bd,265952,2,54,11,3251,-3,Yellow Card,Sporting Gijón,0.8
6609,Denis Suárez Fernández,Left Center Midfield,91f6ced8-4ba6-4c03-aac8-9c432936e0c6,265952,2,73,22,4413,4,Wasted Turnover,Barcelona,92.9
6867,Papa Kouly Diop,Center Defensive Midfield,8b7ac63e-4cfb-43c1-8a5e-c3c849cb372f,265958,1,17,13,1033,-1,Yellow Card,Espanyol,0.6
6791,Javier López Rodríguez,Right Back,39c31895-46d1-4514-9210-dad501991e3a,265958,2,61,54,3714,-3,Yellow Card,Espanyol,0.8
5246,Luis Alberto Suárez Díaz,Center Forward,324523dc-2d95-4a32-affd-d8e43d0af0ab,266033,2,61,11,3671,-1,Wasted Turnover,Barcelona,112.5
6776,David Juncà Reñé,Left Back,5d095613-afa4-4261-bc3d-9971f0b37ccb,266056,1,19,28,1168,-1,Wasted Turnover,Eibar,98.0
6712,Gonzalo Escalante,Right Midfield,bf41fbd8-3fa6-413b-b201-437793b737a3,266056,1,38,42,2334,-1,Wasted Turnover,Eibar,89.7
5246,Luis Alberto Suárez Díaz,Center Forward,5c068a48-cede-4842-9150-c6254d95d937,266056,2,55,11,3317,2,Wasted Turnover,Barcelona,89.7
6778,Iván Ramis Barrios,Left Center Back,d01ab8f7-dbe3-4381-83b2-af982476959c,266056,2,69,21,4161,-2,Yellow Card,Eibar,0.8
5211,Jordi Alba Ramos,Left Back,9c04be2e-3c86-427d-811d-0396eba22144,266106,2,52,11,3131,2,Yellow Card,Barcelona,0.8
6622,Tomás Pina Isla,Right Defensive Midfield,333f5925-763a-4970-a8a9-fe78b440c726,266106,2,77,27,4647,0,Yellow Card,Villarreal,0.6
6649,Óscar de Marcos Arana,Right Midfield,002d1df9-810e-4602-ba4c-6472c2ef25f0,266149,1,8,32,513,-1,Wasted Turnover,Athletic Club,98.4
6649,Óscar de Marcos Arana,Right Midfield,49c28e06-bdc6-4962-9a21-87cfc3d0a613,266149,1,34,45,2085,-2,Wasted Turnover,Athletic Club,89.5
6649,Óscar de Marcos Arana,Right Midfield,d99af9c8-7581-46c2-9035-0ad6a180e591,266149,2,69,18,4158,-5,Yellow Card,Athletic Club,0.5
12021,Óliver Torres Muñoz,Right Midfield,12c6bbd2-8104-4e5d-b47d-34c255c12f81,266166,1,17,27,1047,0,Yellow Card,Atlético Madrid,0.5
5246,Luis Alberto Suárez Díaz,Center Forward,19f16626-ef63-4054-86de-d5d23fd9226f,266166,1,23,53,1433,0,Big Miss,Barcelona,0.43430275
5503,Lionel Andrés Messi Cuccittini,Right Wing,7d4e14b0-648d-4e82-b7d4-3bdb8bd96ffb,266166,2,62,5,3728,0,Wasted Turnover,Barcelona,88.1
5246,Luis Alberto Suárez Díaz,Center Forward,7b824d2d-df69-41f9-8d3b-1098d5935924,266166,2,82,48,4968,1,Wasted Turnover,Barcelona,89.6
8724,Carlos Martínez Díez,Right Back,d76a8d7c-9923-4bb4-ab0a-935c701fa8c2,266191,2,61,3,3663,0,Yellow Card,Real Sociedad,0.8
6332,Thomas Vermaelen,Left Center Back,a6bf534e-7053-4dab-8a7c-b386a7dcf901,266236,2,63,14,3794,1,Yellow Card,Barcelona,0.8
27342,Josep Señé Escudero,Left Wing,5cc532f3-fb6b-4db6-9781-108fe5156449,266254,2,73,51,4431,-1,Yellow Card,Celta Vigo,0.2
11094,Arda Turan,Left Center Midfield,796323b3-5783-42f1-8d53-989930fd6d0f,266254,2,86,16,5176,4,Wasted Turnover,Barcelona,85.1
5503,Lionel Andrés Messi Cuccittini,Right Wing,94f5090b-69c4-4047-bf5a-39be84afde28,266273,2,81,51,4911,6,Wasted Turnover,Barcelona,106.5
5213,Gerard Piqué Bernabéu,Center Back,4dfbab59-2d5c-4f2b-be00-c5857352210f,266280,1,14,28,868,0,Yellow Card,Barcelona,0.8
3497,Vicente Iborra De La Fuente,Right Center Midfield,1788d6cc-af37-40cb-8e7d-e903f4d16b84,266280,1,37,24,2244,-3,Yellow Card,Sevilla,0.5
5470,Ivan Rakitić,Right Center Midfield,19a13fb8-f777-463d-85b5-678bbdc42d9b,266280,2,77,37,4657,3,Yellow Card,Barcelona,0.5
13599,Carles Aleña Castillo,Right Center Midfield,d9c01485-288c-4277-9fa3-88d350228961,266280,2,83,55,5035,3,Yellow Card,Barcelona,0.5
5203,Sergio Busquets i Burgos,Left Defensive Midfield,cf04be40-43e7-422c-a4c3-1be05c242cc6,266299,1,19,33,1173,0,Yellow Card,Barcelona,0.6
6732,Lucas Pérez Martínez,Left Center Forward,d488e0cc-3d1e-468e-80ac-267ae7d3e5f6,266310,2,68,43,4123,-5,Big Miss,RC Deportivo La Coruña,0.4215665
27243,Oriol Riera Magem,Left Center Forward,26c5a979-497f-4c17-afb0-f2c299d100d2,266310,2,73,51,4431,-6,Wasted Turnover,RC Deportivo La Coruña,85.2
5503,Lionel Andrés Messi Cuccittini,Right Wing,d86b7d5e-103f-4a9f-8ef7-b5da3eefd61a,266357,1,14,15,855,0,Big Miss,Barcelona,0.36875984
18160,Iván Márquez Álvarez,Left Center Back,2733e44f-5540-4b65-ac43-5171d5939d80,266357,2,51,5,3065,0,Yellow Card,Osasuna,0.8
5503,Lionel Andrés Messi Cuccittini,Right Wing,39038ac7-9b08-467a-9a60-2fb7123f4db6,266357,2,76,27,4595,2,Wasted Turnover,Barcelona,90.9
23947,Roberto Torres Morales,Left Defensive Midfield,6150301f-cca8-4bf0-bf09-18228affcb95,266357,2,85,0,5100,-2,Yellow Card,Osasuna,0.6
5695,James David Rodríguez Rubio,Right Wing,4a27009c-7f17-4a79-8d06-c0a9f6f8980b,266424,1,22,18,1338,-1,Yellow Card,Real Madrid,0.2
4324,Daniel Alves da Silva,Right Back,95ba8c92-8834-4f0a-a2a3-9a998677e1c9,266424,1,29,26,1766,1,Yellow Card,Barcelona,0.8
5207,Cristiano Ronaldo dos Santos Aveiro,Left Wing,02a579e4-aadd-40fb-8c5f-3348a484e577,266424,2,67,54,4074,-3,Big Miss,Real Madrid,0.32582042
5721,Daniel Carvajal Ramos,Right Back,ec34d981-0a2e-4d3e-bebd-14b6719bc0fd,266424,2,82,23,4943,-4,Yellow Card,Real Madrid,0.8
5503,Lionel Andrés Messi Cuccittini,Right Wing,4938efa9-9362-4208-8a46-d013eca32794,266440,1,14,7,847,0,Big Miss,Barcelona,0.44675562
5503,Lionel Andrés Messi Cuccittini,Right Wing,ca899888-4819-47aa-a4cf-fef8a85acf3f,266440,2,85,13,5113,1,Yellow Card,Barcelona,0.2
6724,Manuel Agudo Durán,Left Midfield,69c6cd3d-10c1-404f-96d4-4ab449ede3ad,266467,1,5,10,319,0,Wasted Turnover,Celta Vigo,99.2
6805,Hugo Mallo Novegil,Right Back,1638fc06-1616-4528-9a14-55d8675a5591,266467,2,77,53,4673,3,Yellow Card,Celta Vigo,0.8
6859,Nicola Sansone,Right Center Forward,ff1ca524-bc89-444a-be3a-cbc19bafe77f,266477,1,11,47,707,0,Wasted Turnover,Villarreal,113.1
6828,Jaume Vicent Costa Jordá,Left Back,d8c13f7d-e0d3-4363-99e1-0ddfc690ae41,266477,2,69,7,4147,1,Yellow Card,Villarreal,0.8
3508,Sandro Ramírez Castillo,Center Forward,4daa1fce-ee38-4468-a009-db0236e21c2c,266490,2,76,35,4595,2,Wasted Turnover,Barcelona,96.5
17054,Emiliano Daniel Velázquez Maldonado,Left Center Back,8fb3a3b3-f17b-4eec-9f0c-79500e5cc215,266498,1,9,17,557,-1,Yellow Card,Getafe,0.8
27402,Álvaro Daniel Pereira Barragán,Left Back,e73677c0-1af3-48cc-8b91-9051e38931da,266498,1,24,7,1451,-2,Wasted Turnover,Getafe,81.7
5213,Gerard Piqué Bernabéu,Right Center Back,245fd613-cc7f-412a-9b87-4d19ce0b6b32,266498,1,30,9,1809,2,Big Miss,Barcelona,0.30672285
6400,Aleix Vidal Parreu,Right Back,6c63a066-4745-4a62-aa4e-94984a85306e,266498,2,71,34,4308,6,Wasted Turnover,Barcelona,106.9
6646,Riza Durmisi,Left Wing Back,665256a9-44a4-4378-accb-54bba7f16825,266516,1,27,39,1661,0,Wasted Turnover,Real Betis,109.2
5503,Lionel Andrés Messi Cuccittini,Right Wing,44f38c3f-3175-4891-91b7-ca7dd82b3642,266516,1,35,3,2103,0,Wasted Turnover,Barcelona,100.9
6832,Rubén Castro Martín,Left Center Forward,29f923ea-6c5c-4d25-8469-85b07a8b449e,266516,2,87,23,5245,1,Wasted Turnover,Real Betis,85.9
7781,Felipe Salvador Caicedo Corozo,Right Center Forward,2193ea54-4c7e-42b4-9916-9b92f6574b44,266528,2,64,28,3868,-1,Yellow Card,Espanyol,0.2
5211,Jordi Alba Ramos,Left Back,b7c3b09d-b775-4433-bb40-1d2a3e4f6a1f,266528,2,72,24,4356,3,Wasted Turnover,Barcelona,114.2
6663,Antonio Barragán Fernández,Right Back,f65c32c2-932b-4b0c-9d2e-45a88162457e,266557,1,14,2,842,0,Yellow Card,Valencia,0.8
5246,Luis Alberto Suárez Díaz,Center Forward,913c6d16-ff65-450e-9059-370bf542f1fe,266557,1,21,38,1298,0,Big Miss,Barcelona,0.33280447
5213,Gerard Piqué Bernabéu,Right Center Back,283028a0-5a04-48c3-a5e7-84102358adf1,266557,1,34,26,2066,-1,Yellow Card,Barcelona,0.8
5246,Luis Alberto Suárez Díaz,Center Forward,3da05176-5725-4b3f-8ff6-ae6a2f7aaba4,266557,1,39,28,2368,-1,Yellow Card,Barcelona,0.2
6595,Daniel Parejo Muñoz,Right Center Midfield,67048378-d3ea-443d-b382-f1a827d04f71,266557,2,50,45,3045,2,Yellow Card,Valencia,0.5
4320,Neymar da Silva Santos Junior,Left Wing,5927913d-cad1-49cd-a6e4-39ff13ecd219,266557,2,58,40,3520,-2,Wasted Turnover,Barcelona,105.7
10802,André Filipe Tavares Gomes,Left Midfield,f8d25fb0-c5e0-496b-af2a-8fb4acf4208d,266557,2,68,0,4080,1,Yellow Card,Valencia,0.5
5503,Lionel Andrés Messi Cuccittini,Right Wing,f00ef081-f224-4ca5-b62c-aae6784c4765,266620,1,18,30,1111,2,Wasted Turnover,Barcelona,107.9
5503,Lionel Andrés Messi Cuccittini,Right Wing,8ddff377-98e7-478d-b0ad-0515cd5f705b,266620,2,85,2,5105,4,Wasted Turnover,Barcelona,111.2
11539,Adrián Embarba Blázquez,Right Wing,eccaa3d2-61f0-4aed-b229-f2020e76278b,266653,1,29,56,1797,-2,Wasted Turnover,Rayo Vallecano,95.4
5246,Luis Alberto Suárez Díaz,Center Forward,4777276e-6523-4b69-beaa-e80e21b6300e,266653,1,37,59,2279,2,Wasted Turnover,Barcelona,97.0
6671,Asier Illarramendi Andonegi,Right Center Midfield,81b27ff2-b56f-40e1-8e80-a2c7c8ce5e61,266664,1,23,56,1436,1,Yellow Card,Real Sociedad,0.5
6899,Rubén Pardo Gutiérrez,Left Center Midfield,11ffd9cd-87bf-4ec5-8a45-5a1303430f11,266664,2,81,44,4918,1,Wasted Turnover,Real Sociedad,84.6
5506,Javier Alejandro Mascherano,Right Center Back,4f4d765d-7fc5-48b5-b40f-6013e5dc2f44,266669,2,54,20,3260,0,Yellow Card,Barcelona,0.8
6601,Raúl García Carnero,Left Center Back,8b7adc93-c442-44f5-9b2a-10919a3e2d39,266669,2,71,3,4263,1,Yellow Card,Deportivo Alavés,0.8
6400,Aleix Vidal Parreu,Right Back,c5c5bf47-9897-4799-b7fb-8ad8b07a9ec3,266669,2,87,53,5276,-1,Wasted Turnover,Barcelona,85.7
5246,Luis Alberto Suárez Díaz,Center Forward,580d916a-c23a-4784-9537-1c9bc563773d,266670,2,72,46,4370,0,Wasted Turnover,Barcelona,86.5
4320,Neymar da Silva Santos Junior,Left Wing,551aa36b-4a5b-4783-a465-9525d7391a05,266670,2,79,12,4752,0,Wasted Turnover,Barcelona,81.0
6712,Gonzalo Escalante,Right Defensive Midfield,f49a3be6-44f3-41aa-9188-f5aa7156b191,266731,1,25,17,1517,0,Yellow Card,Eibar,0.6
4320,Neymar da Silva Santos Junior,Left Wing,343d6aa2-2881-4b0c-bf58-753ba8456652,266731,2,60,30,3630,2,Wasted Turnover,Barcelona,101.2
5246,Luis Alberto Suárez Díaz,Center Forward,c283e323-d9da-4398-9e92-0c06fee7cec6,266815,2,55,0,3300,1,Big Miss,Barcelona,0.37670532
8818,Jorge Meré Pérez,Left Center Back,0f574ac0-98ad-4021-8563-b9d8763493fd,266815,2,60,26,3626,-1,Yellow Card,Sporting Gijón,0.8
5203,Sergio Busquets i Burgos,Center Defensive Midfield,d24f1c75-8368-40ed-897b-6cf1344f4743,266815,2,77,26,4646,2,Yellow Card,Barcelona,0.6
6649,Óscar de Marcos Arana,Right Back,39d48d7d-4744-4259-b031-43c29a6a75ac,266874,1,33,3,1983,-1,Yellow Card,Athletic Club,0.8
4353,Aymeric Laporte,Left Center Back,43a3ae43-d8f2-40ff-811d-d8bb4e19378f,266874,2,69,40,4180,-3,Yellow Card,Athletic Club,0.8
6673,Sergio Canales Madrazo,Right Midfield,c8737964-04d5-4dad-8c2c-c7b469db33b8,266885,1,16,53,1016,0,Wasted Turnover,Real Sociedad,107.4
6679,Aritz Elustondo Irribaria,Right Back,fe120537-e07d-4e9b-9ab0-0649e79eeb6d,266885,2,55,7,3307,-3,Yellow Card,Real Sociedad,0.8
6685,Mikel Oyarzabal Ugarte,Right Midfield,fd7b8ae9-1e83-4842-840c-b39d5e5eda6e,266885,2,61,43,3711,-3,Wasted Turnover,Real Sociedad,89.8
5492,Samuel Yves Umtiti,Left Center Back,c9a2e739-24c6-46f2-9c1f-e127284209ca,266892,1,9,12,552,0,Yellow Card,Barcelona,0.8
6789,Mikel Balenziaga Oruesagasti,Left Back,7dae318b-5655-494f-85db-cc9776c6243e,266892,1,15,19,927,0,Wasted Turnover,Athletic Club,85.1
6396,Beñat Etxebarria Urkiaga,Left Center Midfield,bd3b55eb-6029-4d88-bb26-70e5910e96ee,266892,1,23,5,1388,-1,Wasted Turnover,Athletic Club,92.3
5213,Gerard Piqué Bernabéu,Right Center Back,24a5103f-4d38-4c21-a177-e31db016f2d6,266952,1,38,36,2316,0,Big Miss,Barcelona,0.44242033
6734,Luis Carlos Correia Pinto,Left Center Midfield,6d507e3d-52f8-4ac6-80cb-7a80adcbfc3b,266961,1,39,54,2394,-1,Yellow Card,RC Deportivo La Coruña,0.5
5470,Ivan Rakitić,Right Center Midfield,43902158-3691-4c38-b26a-1b7c455de7bc,266961,2,51,49,3109,1,Selfish Shot,Barcelona,0.1213737131486885
5246,Luis Alberto Suárez Díaz,Center Forward,d57e8df1-1b8e-4a6b-b4f0-552c5fe55b1c,266961,2,88,21,5304,0,Wasted Turnover,Barcelona,96.5
27346,Petros Matheus dos Santos Araújo,Right Defensive Midfield,81619800-d8dd-4f02-8e7e-7cdcdc75b805,266986,1,33,4,1984,0,Yellow Card,Real Betis,0.6
4320,Neymar da Silva Santos Junior,Left Wing,e3eb7259-330c-4f2e-a344-7d0ff1db738e,266989,1,9,2,542,0,Yellow Card,Barcelona,0.2
6849,Lucas Digne,Right Back,6c96fcf1-96cb-4357-afc9-d30217d02407,267039,1,5,38,338,0,Yellow Card,Barcelona,0.8
5503,Lionel Andrés Messi Cuccittini,Right Wing,395edf04-5250-469c-9858-fc52f56f8cd4,267039,2,62,7,3737,2,Wasted Turnover,Barcelona,86.3
4320,Neymar da Silva Santos Junior,Left Wing,e01cb316-cd27-4a6e-85a4-600d48ff501e,267039,2,73,29,4412,3,Wasted Turnover,Barcelona,96.6
3416,Gabriel Moisés Antunes da Silva,Left Wing Back,c55b6224-9f82-48a8-8976-094a387da5ce,267058,1,9,57,597,0,Yellow Card,Granada,0.8
10488,Jon Miquel Toral Harper,Right Center Midfield,9f5a636e-7a5c-4f98-8c85-0ecde5e2f5c6,267058,2,72,0,4320,-1,Yellow Card,Granada,0.5
6702,David Rodríguez Lombán,Center Back,52d08e15-ce2f-4e1c-afe6-5651c794e9f5,267058,2,78,14,4694,-1,Yellow Card,Granada,0.8
4926,Francisco Román Alarcón Suárez,Center Attacking Midfield,6abc661b-861d-4f03-9b83-a345bb670653,267076,1,12,36,756,0,Yellow Card,Real Madrid,0.5
5463,Luka Modrić,Right Defensive Midfield,c1a08a85-7d6b-4ea4-bcbf-db809cf10fd9,267076,1,19,41,1183,0,Wasted Turnover,Real Madrid,119.4
4320,Neymar da Silva Santos Junior,Left Wing,3a5869f2-3736-44e8-a5e1-440de3f53f0c,267076,1,27,52,1672,0,Yellow Card,Barcelona,0.2
6751,Javier Fuego Martínez,Left Defensive Midfield,0005f8bf-5c6b-4fad-a5e7-a9054ba0cb01,267077,2,67,8,4028,-1,Yellow Card,Espanyol,0.6
6895,Diego Rico Salguero,Left Back,3aca282c-16be-4738-9b05-22db6f2f46e7,267212,1,14,32,877,0,Wasted Turnover,Leganés,98.6
24133,Víctor David Díaz Miguel,Right Back,728b65e5-6ff6-4814-9c9e-fb0b4c8bbde6,267212,1,38,1,2281,-2,Yellow Card,Leganés,0.8
6598,Unai Bustinza Martínez,Right Center Back,b00f316b-1c92-4d7f-aae1-6736d87302ba,267212,2,53,28,3208,-3,Yellow Card,Leganés,0.8
6607,Julián Omar Ramos Suárez,Right Center Midfield,dd6c1f96-5c08-4928-8797-14f94ea226cc,267212,2,86,21,5181,-4,Yellow Card,Leganés,0.5
5199,Jorge Resurrección Merodio,Center Attacking Midfield,8361119e-764b-43ca-aeed-2499018e47bc,267220,2,53,10,3190,-1,Yellow Card,Atlético Madrid,0.5
5487,Antoine Griezmann,Right Wing,ac183221-a486-4dab-a4ae-7bd5e3959a91,267220,2,66,27,3987,0,Yellow Card,Atlético Madrid,0.2
11094,Arda Turan,Right Center Midfield,0f81fca2-23f2-4718-a32d-3f1f59817c92,267273,1,32,51,1971,0,Yellow Card,Barcelona,0.5
5246,Luis Alberto Suárez Díaz,Center Forward,c135b7dd-a85c-4941-8465-e7035a3f6957,267274,1,8,31,512,0,Wasted Turnover,Barcelona,100.7
5506,Javier Alejandro Mascherano,Left Center Back,df425ce1-0bbd-4a16-93e5-0fe66d87c962,267274,1,14,34,874,0,Yellow Card,Barcelona,0.8
5470,Ivan Rakitić,Right Center Midfield,d9c546de-0599-4aef-843c-5738b5581671,267274,1,35,58,2158,0,Selfish Shot,Barcelona,0.1330481602412882
6596,José Luis Gayà Peña,Left Back,a8eba080-3b60-4a2f-ae88-465870b2103f,267274,2,86,29,5189,0,Yellow Card,Valencia,0.8
5211,Jordi Alba Ramos,Left Back,ed84b4f3-563e-42a4-9303-f0f85dad56fa,267373,1,33,58,2038,1,Selfish Shot,Barcelona,0.1663324578960864
6402,Francisco Alcácer García,Left Center Forward,cc2a6ea7-94ef-4481-837b-7c6b31344be2,267373,1,40,19,2419,2,Yellow Card,Barcelona,0.2
5560,Carlos Alberto Vela Garrido,Right Wing,f74fa762-4629-4e88-86a6-e3e56042c82a,267373,2,59,27,3578,-1,Wasted Turnover,Real Sociedad,115.6
5246,Luis Alberto Suárez Díaz,Right Center Forward,e544cbf4-f51c-423e-b8ab-7666a126b4e3,267373,2,66,43,4003,1,Yellow Card,Barcelona,0.2
5503,Lionel Andrés Messi Cuccittini,Right Wing,889e006e-ba45-44db-882f-9d299437bec3,267395,1,16,17,979,1,Wasted Turnover,Barcelona,103.8
5470,Ivan Rakitić,Right Center Midfield,569e51b2-a9f8-4462-9a8e-f675c084b425,267395,2,71,24,4286,4,Wasted Turnover,Barcelona,105.7
22041,Marko Livaja,Right Midfield,27359a03-1ffd-4ecf-a1db-f540e44136e0,267395,2,76,40,4600,-4,Yellow Card,Las Palmas,0.5
5246,Luis Alberto Suárez Díaz,Center Forward,fe267929-50fe-46b6-a58f-65c904a2bec6,267432,1,7,59,479,-1,Big Miss,Barcelona,0.41970387
6402,Francisco Alcácer García,Right Wing,2c8a0b2a-d4b5-46c0-8e93-89a4bafa630f,267432,2,76,47,4607,1,Big Miss,Barcelona,0.5249707
5503,Lionel Andrés Messi Cuccittini,Right Wing,564b1f38-7d87-4299-9f87-6c9c2b0a892b,267464,2,81,26,4886,0,Yellow Card,Barcelona,0.2
6733,Pedro Mosquera Parada,Right Center Midfield,d5868eaa-cf95-47c4-b15d-b2cafb9ac51e,267492,1,16,27,1002,0,Wasted Turnover,RC Deportivo La Coruña,99.4
6731,Florin Andone,Left Center Forward,d7989a0b-b4f9-473e-aeb2-a002aa7999c0,267492,2,58,55,3535,-4,Yellow Card,RC Deportivo La Coruña,0.2
3292,Abdoulaye Doucouré,Right Defensive Midfield,4f3a8935-9a02-4bb7-81c6-f3b843fcf1ff,267506,2,53,32,3212,-2,Yellow Card,Granada,0.6
5201,Sergio Ramos García,Left Center Back,0d0a28cf-8903-456f-befd-59744d6442c7,267533,1,9,16,556,0,Yellow Card,Real Madrid,0.8
5721,Daniel Carvajal Ramos,Right Back,99414a01-7681-4a3c-8eaa-4aff7f9666c3,267533,1,17,1,1021,0,Yellow Card,Real Madrid,0.8
5207,Cristiano Ronaldo dos Santos Aveiro,Left Wing,bdc8e21f-107b-4f59-a290-87798a6bcac5,267533,2,80,2,4802,0,Yellow Card,Real Madrid,0.2
5539,Carlos Henrique Casimiro,Center Defensive Midfield,2068d213-e8f1-446f-a1fc-0abf6ad960b5,267569,1,11,38,698,0,Yellow Card,Real Madrid,0.6
5492,Samuel Yves Umtiti,Left Center Back,37dbbf04-6fa2-4446-91e4-2c9f458286eb,267569,1,38,4,2284,0,Yellow Card,Barcelona,0.8
5721,Daniel Carvajal Ramos,Right Back,c55655aa-5eaf-489d-930f-9cf315227839,267569,2,53,28,3208,0,Wasted Turnover,Real Madrid,94.3
5207,Cristiano Ronaldo dos Santos Aveiro,Left Wing,776305e1-20c6-4d50-9c53-fbeae5cd98d6,267569,2,66,40,4000,0,Big Miss,Real Madrid,0.4439942
5695,James David Rodríguez Rubio,Center Forward,7dcac09f-25aa-4387-a141-0acfb295e4da,267569,2,86,36,5196,0,Wasted Turnover,Real Madrid,116.0
5211,Jordi Alba Ramos,Left Back,52e42125-9213-485c-858d-b736d9b6e769,267590,1,7,6,426,0,Yellow Card,Barcelona,0.8
5246,Luis Alberto Suárez Díaz,Center Forward,0fd9743b-1467-476b-9240-d747632583f6,267590,1,15,3,903,0,Big Miss,Barcelona,0.35922593
5492,Samuel Yves Umtiti,Center Back,3c82bdbe-4f9f-434d-ba78-f8e9ccd86069,267590,2,62,28,3750,-1,Wasted Turnover,Barcelona,87.9
6847,Adalberto Peñaranda Maestre,Right Center Forward,24ce10f4-a9e8-42fd-9ce2-d5b4f447d1e8,267590,2,68,56,4136,1,Yellow Card,Málaga,0.2
6559,Juan Carlos Pérez López,Left Wing Back,aa72d518-44d0-4c9c-bde5-ddf5c08d564d,267590,2,81,7,4867,1,Yellow Card,Málaga,0.8
6608,Nabil El Zhar,Right Midfield,7ea2dfe8-2bd6-4949-9a72-60d30c977011,267596,1,16,3,963,-1,Big Miss,Leganés,0.3772435
6597,Gabriel Appelt Pires,Left Center Midfield,56cb21c5-6c79-4192-9002-65857bca466c,267596,2,77,49,4674,0,Wasted Turnover,Leganés,86.5
6603,Dimitrios Siovas,Left Center Back,4e5e1374-377d-4cec-ad3a-92139dc2a42b,267596,2,86,12,5172,0,Yellow Card,Leganés,0.8
27522,Antolín Alcáraz Viveros,Right Center Back,5106e268-c236-4986-835c-4907c8e6df6f,267611,2,64,55,3895,-2,Yellow Card,Las Palmas,0.8
5506,Javier Alejandro Mascherano,Center Defensive Midfield,c3cfabe1-8c4f-429c-8121-1b3c1a3860bb,267611,2,78,51,4731,2,Yellow Card,Barcelona,0.6
3265,José Luis Sanmartín Mato,Center Forward,c28d2cd4-3eaa-4a7d-a421-b30b5cddce12,267660,1,35,8,2108,0,Yellow Card,RC Deportivo La Coruña,0.2
5246,Luis Alberto Suárez Díaz,Center Forward,749d827a-2170-4de5-8a16-17847c0bafe8,267660,2,79,17,4757,-1,Big Miss,Barcelona,0.34560218
5503,Lionel Andrés Messi Cuccittini,Right Wing,a849b4b1-4618-4884-ad55-c35b585fd8c7,267670,1,13,43,826,1,Wasted Turnover,Barcelona,83.5
5246,Luis Alberto Suárez Díaz,Center Forward,de366fb5-d485-4518-9795-35e456c1d6f6,267670,2,61,40,3700,4,Yellow Card,Barcelona,0.2
6697,Daniel Ceballos Fernández,Left Center Midfield,e79980cb-0a72-442c-9fd1-1a6ceaf6111d,267670,2,67,8,4028,-4,Yellow Card,Real Betis,0.5
6832,Rubén Castro Martín,Left Center Forward,8cf280da-6878-4443-9dbd-366d5dd9ff9b,267670,2,76,12,4572,-4,Yellow Card,Real Betis,0.2
5203,Sergio Busquets i Burgos,Center Defensive Midfield,89b8ce24-b1ee-4866-a602-181645daa419,303377,1,11,4,671,0,Wasted Turnover,Barcelona,84.1
5213,Gerard Piqué Bernabéu,Center Back,99628e6b-b81f-4d5d-9ddc-91509522ca7e,303400,1,9,27,567,0,Yellow Card,Barcelona,0.8
5503,Lionel Andrés Messi Cuccittini,Right Wing,afee94b0-acee-4bf2-b502-55438d22036a,303421,1,20,42,1242,0,Selfish Shot,Barcelona,0.0975059475970035
5246,Luis Alberto Suárez Díaz,Center Forward,81749d17-5d26-4e3f-b354-cb39dde17fff,303421,1,26,33,1593,1,Big Miss,Barcelona,0.4125777
6565,Pere Pons Riera,Right Center Midfield,9eb2532d-da17-4e02-9b51-091150ebb096,303421,2,51,27,3091,-3,Wasted Turnover,Deportivo Alavés,99.7
3265,José Luis Sanmartín Mato,Center Forward,d206b236-62ee-4728-8954-6f6b4f7fd239,303421,2,84,28,5068,-5,Selfish Shot,Deportivo Alavés,0.1260227890414632
6379,Sergi Roberto Carnicer,Right Center Midfield,8727db95-129a-4a86-87cd-18b152eaa633,303430,1,24,51,1491,2,Yellow Card,Barcelona,0.5
3141,André-Frank Zambo Anguissa,Right Center Midfield,27e34dda-adda-46d9-8d7f-f671ee50ec60,303430,2,70,56,4256,-1,Yellow Card,Villarreal,0.5
8206,Arturo Erasmo Vidal Pardo,Left Center Midfield,4adcdb96-608d-46d3-b96a-8b2c6a0e42ef,303451,2,73,29,4409,2,Yellow Card,Barcelona,0.5
18395,Vinícius José Paixão de Oliveira Júnior,Left Midfield,760aa8e8-5c67-4dc3-91ad-091cbf30d951,303470,1,9,58,598,0,Yellow Card,Real Madrid,0.5
5213,Gerard Piqué Bernabéu,Left Center Back,8e094ef2-2ea9-4f46-80a3-9d046f2a7de4,303473,1,16,21,986,0,Wasted Turnover,Barcelona,104.3
18620,Sergio Reguilón Rodríguez,Left Back,33304ccb-ac74-4282-be06-c98e77bc240b,303473,1,21,22,1282,0,Yellow Card,Sevilla,0.8
5477,Ousmane Dembélé,Left Wing,474fbe0f-07ed-4ee8-afd2-ee7493377f43,303473,2,53,25,3205,3,Yellow Card,Barcelona,0.2
5246,Luis Alberto Suárez Díaz,Center Forward,42d6c8cb-6499-44ca-9058-0d5e65ec881c,303473,2,63,30,3810,3,Yellow Card,Barcelona,0.2
5203,Sergio Busquets i Burgos,Center Defensive Midfield,4f623736-3238-43e7-bcda-7c1082424a78,303479,2,87,15,5235,1,Yellow Card,Barcelona,0.6
5487,Antoine Griezmann,Left Wing,fc676388-77a4-4e64-929f-c2fe24f79ccb,303487,2,61,2,3662,2,Big Miss,Barcelona,0.31809562
6397,Unai Núñez Gestoso,Right Center Back,6b1b2447-7141-4e51-a2b5-f591c169a058,303493,2,60,59,3659,0,Yellow Card,Athletic Club,0.8
11392,Arthur Henrique Ramos de Oliveira Melo,Left Center Midfield,69e519c0-b4e0-4519-892b-9d7d07167a54,303504,1,11,31,691,0,Yellow Card,Barcelona,0.5
6668,José Luis Morales Nogales,Right Center Forward,b2ad4a34-eb06-472d-a0d8-7eb19741953d,303504,1,33,13,1997,0,Wasted Turnover,Levante UD,91.5
5213,Gerard Piqué Bernabéu,Right Center Back,c36a045d-7d6e-4fa2-b87e-03ed82ef5bd2,303516,1,5,28,328,0,Big Miss,Barcelona,0.3160265
5211,Jordi Alba Ramos,Left Back,0c95e723-7f40-4166-8fdf-c731f33bfae6,303516,1,11,47,707,0,Yellow Card,Barcelona,0.8
6799,Brais Méndez Portela,Right Center Midfield,9472af9f-0f13-404e-b78b-bbb92edc02b6,303516,1,23,9,1389,-1,Big Miss,Celta Vigo,0.42179558
5492,Samuel Yves Umtiti,Left Center Back,71e30427-3ca5-4671-9273-f4fa88c4edf9,303516,2,52,21,3141,0,Yellow Card,Barcelona,0.8
11388,Néstor Alejandro Araújo Razo,Center Back,0bd6fae8-4707-436d-a711-cf183f0fc661,303516,2,60,18,3618,0,Yellow Card,Celta Vigo,0.8
4447,Martin Braithwaite Christensen,Left Wing,f4d6243c-6ce9-4444-bd52-1ab25ca87792,303516,2,81,20,4880,1,Yellow Card,Barcelona,0.2
5217,Iago Aspas Juncal,Center Forward,7ac53659-ad0f-46c1-9c8f-1a58c9e6da3f,303516,2,88,38,5318,0,Yellow Card,Celta Vigo,0.2
5211,Jordi Alba Ramos,Left Back,2b1aa1aa-6b92-4565-a898-507b32d8333e,303517,1,11,7,677,0,Wasted Turnover,Barcelona,84.3
5503,Lionel Andrés Messi Cuccittini,Right Wing,610d5bbb-1754-4870-b473-aa7d5f602ade,303517,1,38,2,2282,1,Big Miss,Barcelona,0.3886432
6383,Thomas Teye Partey,Left Center Midfield,fcb9f903-e3c2-4150-ac02-aa5f08d714b8,303524,1,7,9,429,0,Yellow Card,Atlético Madrid,0.5
5213,Gerard Piqué Bernabéu,Right Center Back,ff6bfa2d-be73-4df3-8310-998e26b9c4e4,303524,1,31,19,1879,0,Yellow Card,Barcelona,0.8
5470,Ivan Rakitić,Center Defensive Midfield,5ba27f99-80c4-4b55-86a1-3d9275846ff0,303524,2,50,53,3053,0,Yellow Card,Barcelona,0.6
6602,Miguel Ángel Guerrero Martín,Left Center Forward,ce1847ef-8e42-4d96-b3f8-c0431ced8fbc,303532,1,10,53,653,0,Big Miss,Leganés,0.35580266
6598,Unai Bustinza Martínez,Left Center Back,c907464c-eb18-43f5-89cc-10e6613bd2a8,303532,1,36,12,2172,0,Yellow Card,Leganés,0.8
4447,Martin Braithwaite Christensen,Left Wing,591df9e6-ea02-4707-b981-0e99488ef9e4,303548,1,7,53,475,1,Wasted Turnover,Barcelona,82.3
8206,Arturo Erasmo Vidal Pardo,Right Center Midfield,6caeacf7-7b31-4b5c-9f8f-b5e87f9fd543,303548,1,40,59,2459,2,Yellow Card,Barcelona,0.5
5470,Ivan Rakitić,Center Defensive Midfield,0ba744f7-bb63-4ea2-8f83-20437ca730ee,303596,1,20,41,1241,0,Yellow Card,Barcelona,0.6
5246,Luis Alberto Suárez Díaz,Center Forward,effc75c7-5e88-4107-9952-006d0bbca3b7,303596,1,39,6,2346,0,Yellow Card,Barcelona,0.2
17027,Sergio Guardiola Navarro,Center Forward,595ee48e-6f17-4c99-b2a0-c998fdf2509d,303600,2,66,58,4018,-2,Yellow Card,Real Valladolid,0.2
11501,Darwin Daniel Machís Marcano,Left Wing,3d2dba3a-04e3-43e4-81cb-6be8e32140c4,303610,1,11,53,713,0,Yellow Card,Granada,0.2
24134,Germán Sánchez Barahona,Left Center Back,81a30275-5480-48db-8350-3a72a946abcf,303610,2,58,50,3530,0,Yellow Card,Granada,0.8
8866,Carlos Fernández Luna,Center Forward,53e212e6-9886-4c2a-a525-041d502fcf14,303610,2,71,1,4261,0,Yellow Card,Granada,0.2
16209,Raúl de Tomás Gómez,Left Center Forward,b1c3193d-981c-4b2b-a8a6-2230ae2770b7,303615,1,25,59,1560,0,Wasted Turnover,Espanyol,83.6
6866,Marc Roca Junqué,Left Center Midfield,803e7a5d-a377-4aae-996e-affd624a5947,303615,2,66,54,4014,-1,Wasted Turnover,Espanyol,99.1
24841,Ricard Puig Martí,Left Center Midfield,60625d63-4794-458b-ae55-8dd33f433be5,303634,1,25,33,1545,-1,Wasted Turnover,Barcelona,91.5
17304,Héctor Junior Firpo Adames,Left Back,347d8c76-922f-49ce-93bc-f3b87ab8c282,303634,2,74,7,4447,0,Yellow Card,Barcelona,0.8
6791,Javier López Rodríguez,Right Back,ea598ed3-8b7d-4bbd-a10a-6d5d7f18e22f,303652,1,34,56,2096,1,Yellow Card,Espanyol,0.8
5503,Lionel Andrés Messi Cuccittini,Right Wing,5bc52283-0fdc-4dc9-99c6-a7cb0c244bbe,303652,2,51,22,3085,0,Wasted Turnover,Barcelona,89.8
8819,Alexander Isak,Center Forward,4f79ed2c-694b-4c9d-bc02-af10e28f920c,303664,1,36,37,2197,1,Selfish Shot,Real Sociedad,0.2224797423034924
5246,Luis Alberto Suárez Díaz,Center Forward,9491d102-4441-4916-91ac-252502364b8d,303666,1,32,1,1922,-1,Wasted Turnover,Barcelona,101.3
25702,Carlos Neva Tey,Left Back,4fe7e732-636a-4f46-a898-1f7db4214f9a,303666,1,40,32,2432,1,Wasted Turnover,Granada,95.3
8118,Frenkie de Jong,Right Center Midfield,259874ff-0a50-4487-9a51-efdbceba4ed9,303666,2,60,8,3608,-1,Wasted Turnover,Barcelona,85.7
8866,Carlos Fernández Luna,Center Forward,f4d07996-1a1e-47c0-8e51-ec296718cd33,303666,2,86,33,5193,2,Yellow Card,Granada,0.2
5213,Gerard Piqué Bernabéu,Right Center Back,229617eb-c1b3-4203-8885-4bc88de10620,303674,1,38,25,2305,0,Yellow Card,Barcelona,0.8
6821,Jesús Navas González,Right Back,5b35c366-35f6-45df-bff3-c1caeb69e138,303674,2,56,42,3402,0,Wasted Turnover,Sevilla,97.6
5504,Éver Maximiliano David Banega,Left Center Midfield,c81fc912-8298-4b84-bca7-3006b711a232,303674,2,61,49,3709,0,Yellow Card,Sevilla,0.5
18620,Sergio Reguilón Rodríguez,Left Wing Back,c964988a-5802-438d-9502-936b37f668d8,303674,2,90,35,5435,0,Big Miss,Sevilla,0.3416625
5487,Antoine Griezmann,Left Center Forward,9c675b4e-53ca-4c42-a54a-04137ef42596,303680,1,18,52,1132,1,Big Miss,Barcelona,0.49164614
6826,Clément Lenglet,Left Center Back,9ab73331-d340-47b0-b910-99b0ac78970f,303680,1,39,39,2379,1,Yellow Card,Barcelona,0.8
6379,Sergi Roberto Carnicer,Right Center Midfield,860a7dea-f140-4a23-ba64-aa5a9fe015fa,303680,2,55,49,3349,1,Wasted Turnover,Barcelona,91.3
5211,Jordi Alba Ramos,Left Wing Back,94d8c045-b1fc-4ecb-87f1-fd867044c924,303680,2,77,29,4649,1,Yellow Card,Barcelona,0.8
6688,José Ángel Gómez Campaña,Left Midfield,a8936b25-27d8-4595-9594-558a60e381b2,303682,1,9,9,549,0,Wasted Turnover,Levante UD,118.0
5503,Lionel Andrés Messi Cuccittini,Right Wing,0bd642ea-7b3e-435a-94ca-e65d189f6ca9,303682,1,23,31,1426,0,Wasted Turnover,Barcelona,99.8
8118,Frenkie de Jong,Right Center Midfield,3e96f4ae-30e4-41a9-812f-36ab102ec4ec,303682,1,28,37,1722,0,Wasted Turnover,Barcelona,91.0
30756,Anssumane Fati,Left Wing,2b4392bb-dd38-493f-87ef-41072e701d1c,303682,1,34,4,2044,2,Wasted Turnover,Barcelona,97.0
6680,Rubén Rochina Naixes,Right Midfield,aaed5351-8d45-41ac-98ad-9dc54de3a61e,303682,2,52,27,3147,-2,Big Miss,Levante UD,0.3007482
5503,Lionel Andrés Messi Cuccittini,Right Center Forward,39197f47-cda5-499f-ac4c-571317c16535,303696,2,60,2,3602,1,Yellow Card,Barcelona,0.2
6708,Paulo André Rodrigues de Oliveira,Right Center Back,b1798dc4-6d86-4952-9efb-e17c4ca29019,303700,1,9,30,571,0,Wasted Turnover,Eibar,116.7
8555,Pablo Ezequiel De Blasis,Right Back,77e8b769-9b79-4518-a2af-23cef2ec9b9a,303700,2,59,52,3595,-2,Wasted Turnover,Eibar,80.6
13107,Sergio Álvarez Díaz,Right Center Midfield,6c7522ff-4e8e-45cc-b40e-55312c529f9e,303700,2,81,28,4888,-3,Yellow Card,Eibar,0.5
5503,Lionel Andrés Messi Cuccittini,Right Center Forward,182d5e2b-fce3-48f0-9584-152eb5e9f6da,303707,1,22,46,1366,0,Big Miss,Barcelona,0.3199348
3610,Roque Mesa Quevedo,Right Defensive Midfield,a57405ac-fad4-44c3-8e03-ec60f2e2378e,303715,2,59,1,3541,0,Wasted Turnover,Leganés,106.4
6301,Youssef En-Nesyri,Center Forward,4401a19f-350d-4a30-bc97-e8a2843e4d23,303715,2,65,10,3910,0,Wasted Turnover,Leganés,119.4
6599,Rubén Salvador Pérez Del Mármol,Left Defensive Midfield,4a5e457a-5e5f-4d0f-aa9f-333a23b644a3,303715,2,78,9,4689,0,Wasted Turnover,Leganés,89.9
6892,Pau Francisco Torres,Left Center Back,09eb2496-3742-4317-ab24-3152f7d118fe,303725,1,16,42,1002,0,Yellow Card,Villarreal,0.8
4447,Martin Braithwaite Christensen,Center Forward,b8fe4ce4-e6eb-46a1-8cba-aad6d3e4fe65,303725,2,80,29,4829,2,Big Miss,Barcelona,0.45269498
3049,Matt Ritchie,Right Midfield,f87ea236-bd64-436c-8f48-047665162a46,3753972,1,28,59,1739,1,Yellow Card,AFC Bournemouth,0.5
4726,Kyle Bartley,Right Center Back,64698bef-a4c5-4da7-a029-79fe281e58cd,3753972,2,71,12,4272,0,Yellow Card,Swansea City,0.8
6623,Loïc Rémy,Center Forward,a94dfeb4-a5b9-4368-b428-264b84549138,3753973,1,9,3,556,0,Wasted Turnover,Chelsea,115.1
5594,Branislav Ivanović,Right Back,76378091-67bc-4eb0-a195-f69a7f51f90a,3753973,1,15,2,902,0,Yellow Card,Chelsea,0.8
3684,Cheikhou Kouyaté,Center Defensive Midfield,d96095c6-ac41-4492-9e2d-d1e26bd4ef0e,3753973,2,55,50,3352,0,Wasted Turnover,West Ham United,91.5
3650,Daryl Janmaat,Right Back,a8f70778-0da4-43eb-ad10-906bc18675c5,3753974,1,10,38,638,0,Yellow Card,Newcastle United,0.8
3633,Gareth Barry,Center Defensive Midfield,d8274d75-d0da-4784-ab33-479ed2877596,3753974,1,35,7,2107,0,Yellow Card,Everton,0.6
4275,Ross Barkley,Right Center Midfield,e53c736e-75f1-4003-b16d-9418cd587231,3753974,2,62,17,3737,0,Yellow Card,Everton,0.5
4589,Séamus Coleman,Right Back,3fc4444e-ca3a-409a-b94d-9fb91d0c508f,3753974,2,67,36,4065,0,Wasted Turnover,Everton,101.9
3646,Marc Pugh,Left Midfield,4c865ae2-4d93-4e84-9a14-eb101397d3aa,3753975,1,7,10,432,0,Wasted Turnover,AFC Bournemouth,86.5
3344,Andrew Surman,Center Defensive Midfield,3405d459-a297-4b56-859b-b31e0b716b9e,3753975,1,16,56,1016,1,Yellow Card,AFC Bournemouth,0.6
3646,Marc Pugh,Left Midfield,0a189e10-5890-4971-8e19-f158be9f3a00,3753975,1,23,33,1423,1,Wasted Turnover,AFC Bournemouth,80.8
10503,Billy Jones,Right Back,7dab9e34-64e2-4431-87c3-be888a0e7654,3753975,2,88,29,5309,0,Yellow Card,Sunderland,0.8
20521,Bafétimbi Gomis,Left Center Forward,96383393-8a2c-40bf-9106-42726561ec34,3753976,1,28,22,1704,-1,Wasted Turnover,Swansea City,84.9
3347,André Ayew Pelé,Center Attacking Midfield,eeb87456-b07d-47ac-a238-56e954d4a226,3753976,1,39,2,2342,0,Yellow Card,Swansea City,0.5
3449,Wayne Routledge,Right Center Forward,b64f7be3-fe1b-4335-aae2-18edbc910125,3753976,2,76,44,4604,1,Yellow Card,Swansea City,0.2
5540,Valon Behrami,Right Defensive Midfield,c72935dd-3808-4916-88f0-6368cd5a95cf,3753977,1,15,27,927,0,Wasted Turnover,Watford,82.1
3670,Jonathan Walters,Right Wing,2fa3c9f5-6079-4034-b7ad-a58165ecd485,3753977,2,57,26,3449,2,Wasted Turnover,Stoke City,110.8
3643,Phil Bardsley,Right Back,81808c8e-f64a-4365-951a-4d2efb85b546,3753977,2,65,11,3917,2,Wasted Turnover,Stoke City,96.1
11062,Graziano Pellè,Center Forward,a0d4271b-4dad-4d99-91d3-acb14026ed2d,3753978,1,32,41,1961,1,Selfish Shot,Southampton,0.1267437824188141
3098,Victor Wanyama,Left Defensive Midfield,2a8ed842-abd3-4721-a6f1-59404a51a975,3753978,1,42,48,2568,1,Yellow Card,Southampton,0.6
3944,Gylfi Þór Sigurðsson,Left Attacking Midfield,50248697-0b24-4c7d-baaf-11395e4a76c3,3753978,2,88,16,5296,-2,Wasted Turnover,Swansea City,84.4
3277,Yohan Cabaye,Right Defensive Midfield,5bf473d4-0de7-43f8-8fe5-c98ecc97bcae,3753979,1,11,27,692,0,Wasted Turnover,Crystal Palace,89.9
10503,Billy Jones,Right Wing Back,29688070-f233-4c56-862a-0f643dfdbd9f,3753979,1,24,5,1445,0,Selfish Shot,Sunderland,0.1355774780161689
10503,Billy Jones,Right Wing Back,9599b18e-e273-4c8c-967a-ea913d9a6c59,3753979,1,40,3,2403,0,Wasted Turnover,Sunderland,92.7
16457,Jeremain Lens,Right Center Forward,bd8e2d1a-56e0-4690-861f-a4e80cb55682,3753979,2,73,59,4439,0,Wasted Turnover,Sunderland,104.0
3569,Daniel Nii Tackie Mensah Welbeck,Center Forward,02fa2be5-4e29-4b56-bbf8-e70eb08d91e8,3753980,2,50,48,3051,2,Wasted Turnover,Arsenal,101.9
4629,José Ramiro Funes Mori,Left Center Back,9d01bcaf-0170-4d64-b04b-a047cfbd15bf,3753980,2,64,5,3845,-2,Wasted Turnover,Everton,82.2
3407,Scott Dann,Right Center Back,78a2e062-552a-466b-8a2f-6039bcf3f721,3753981,1,14,45,895,0,Wasted Turnover,Crystal Palace,94.3
7153,Jordan Veretout,Right Center Midfield,5a46b686-9457-4e38-aeaa-d9a8111b9e92,3753981,2,67,52,4072,1,Yellow Card,Aston Villa,0.5
3828,Steven Davis,Right Attacking Midfield,aba777cf-95df-47cd-b4c6-604dee4ced66,3753982,1,10,11,611,0,Wasted Turnover,Southampton,90.8
3961,N''Golo Kanté,Left Defensive Midfield,2663dfea-6c41-40ea-9aa9-4a9f239efd60,3753982,1,30,51,1854,0,Wasted Turnover,Leicester City,94.1
20521,Bafétimbi Gomis,Center Forward,da6e9f34-897a-4204-995b-fa456fe69d7f,3753983,1,38,58,2343,0,Wasted Turnover,Swansea City,112.1
4590,Nathaniel Edwin Clyne,Right Center Back,e12b0d03-aeb2-46bf-a2ce-fa2fb8397648,3753984,2,90,37,5437,-2,Yellow Card,Liverpool,0.8
18872,Martin Škrtel,Right Center Back,7199d003-0286-45f3-a7be-fe874f74d13a,3753985,1,27,20,1640,0,Yellow Card,Liverpool,0.8
3495,Joe Gomez,Left Back,b8520737-b457-454a-891c-6de95c5136b0,3753985,2,62,45,3765,0,Yellow Card,Liverpool,0.8
3636,Charlie Adam,Center Attacking Midfield,efe9f8e9-3ef6-48ab-adf8-360e78710ddc,3753985,2,71,38,4298,0,Yellow Card,Stoke City,0.5
40121,Philipp Wollscheid,Left Center Back,d24da6be-d9a5-4078-8ae0-5d6dbcb0ef3e,3753986,1,11,45,715,-1,Wasted Turnover,Stoke City,81.8
3467,Erik Pieters,Left Back,89a5931d-e8b9-4bb4-a396-f3cf693292ff,3753986,1,25,0,1500,0,Yellow Card,Stoke City,0.8
4891,Ibrahim Afellay,Left Wing,def82bc7-76e0-4c38-bdda-182707b7f67b,3753986,1,39,26,2369,-1,Wasted Turnover,Stoke City,92.3
4035,Ryan Shawcross,Right Center Back,9d5a02ec-b418-4765-b4cd-3d88c60afc47,3753986,2,80,59,4859,-3,Yellow Card,Stoke City,0.8
3662,Danny Drinkwater,Left Center Midfield,4e90c38f-75c9-4da4-b679-32bfb1108b70,3753987,2,54,8,3248,0,Selfish Shot,Leicester City,0.1728937860551478
10956,Eric Dier,Right Defensive Midfield,a739be69-e23b-4d59-89bc-354c68fb097e,3753987,2,59,22,3562,0,Yellow Card,Tottenham Hotspur,0.6
3343,Dan Gosling,Right Defensive Midfield,cb281db9-6894-44a2-a71e-95dabfc02694,3753988,1,27,16,1636,0,Wasted Turnover,AFC Bournemouth,81.1
9536,Modou Barrow,Right Wing,787584d5-2c93-4114-9942-d1f9d507023e,3753988,2,54,22,3262,-1,Wasted Turnover,Swansea City,96.1
3196,Wahbi Khazri,Left Midfield,c687ee42-7d95-400b-9120-aa40cfb6b869,3753989,1,16,41,1003,0,Wasted Turnover,Sunderland,94.2
7171,Fabio Borini,Right Midfield,b040ee79-c230-4428-9caa-07fd3d846e80,3753989,1,28,56,1741,0,Wasted Turnover,Sunderland,80.6
4429,Yann Gérard M''Vila,Right Center Midfield,e71d2c3a-097f-4622-bb32-cc209d370526,3753990,2,65,22,3922,0,Wasted Turnover,Sunderland,87.2
3568,Mohamed Naser Elsayed Elneny,Right Defensive Midfield,78941854-17f3-4948-84f2-5b99aec211a0,3753990,2,75,45,4545,0,Yellow Card,Arsenal,0.6
6821,Jesús Navas González,Right Wing,16cd07eb-c170-4908-80eb-78f5feab8194,3753991,1,16,7,969,0,Wasted Turnover,Manchester City,89.3
3237,Sergio Leonel Agüero del Castillo,Center Forward,178b23ab-d881-47c8-83e5-1c0329a8f115,3753991,1,24,33,1481,0,Wasted Turnover,Manchester City,86.5
3473,James Philip Milner,Right Midfield,788741e8-6009-43a5-9329-95a6af61622b,3753991,2,51,4,3070,2,Wasted Turnover,Liverpool,81.1
6821,Jesús Navas González,Right Wing,ac0ebcee-20cd-45ab-a13e-177b0e4ee8de,3753991,2,66,15,3975,-3,Yellow Card,Manchester City,0.2
4090,Adam David Lallana,Left Midfield,c92cc9d5-b8d8-451f-a0de-fc69e1e65e1b,3753991,2,78,46,4726,3,Wasted Turnover,Liverpool,90.5
3594,Danny Rose,Left Back,c5e40897-bc65-4677-9476-0f47484d80d1,3753992,1,19,59,1199,1,Wasted Turnover,Tottenham Hotspur,82.8
3272,Oriol Romeu Vidal,Left Defensive Midfield,ba481edd-6ea9-4089-9646-286a7d9b7629,3753992,2,73,26,4406,1,Yellow Card,Southampton,0.6
3842,Shane Long,Center Attacking Midfield,54f6ff2a-9e70-494e-9aaa-5271aca3a789,3753992,2,82,27,4947,1,Yellow Card,Southampton,0.5
9554,Steven Fletcher,Right Center Forward,0f6d8ff8-69ba-4245-832c-7777905570e8,3753993,2,59,20,3560,-3,Wasted Turnover,Sunderland,83.2
3092,Dwight Gayle,Right Center Forward,2b97eba9-4c38-4517-9843-3fae0d3b0cbe,3753994,1,23,54,1437,0,Wasted Turnover,Crystal Palace,88.8
3272,Oriol Romeu Vidal,Right Defensive Midfield,4f8d256e-4e0d-4500-b589-521c8d78708c,3753995,1,8,31,511,0,Yellow Card,Southampton,0.6
11062,Graziano Pellè,Center Forward,a5593e9c-4432-4a33-8f86-d0799faea75c,3753995,1,14,4,845,-1,Wasted Turnover,Southampton,89.0
20045,Ryan Bertrand,Left Back,8df76014-de18-4814-a692-fcc7c5d6e1b6,3753995,1,25,11,1511,-1,Yellow Card,Southampton,0.8
3629,Sadio Mané,Center Attacking Midfield,a2a18f3f-bc22-4679-8f9c-6506311cbad9,3753995,1,32,58,1978,-1,Yellow Card,Southampton,0.5
28100,Ramires Santos do Nascimento,Right Defensive Midfield,ff24831a-35fc-4374-b286-7a622428d07f,3753995,1,42,15,2535,1,Yellow Card,Chelsea,0.6
3621,Eden Hazard,Left Wing,a2f0e730-9507-4c96-b329-3ee7a03e1ff8,3753995,2,61,30,3703,-1,Wasted Turnover,Chelsea,100.8
3328,James Ward-Prowse,Right Defensive Midfield,b6fea823-4e77-498b-887c-203ca55e7af3,3753995,2,76,17,4577,2,Yellow Card,Southampton,0.6
5198,Diego da Silva Costa,Center Forward,df911cdb-d248-4fc8-bb28-206ae6d1c6f7,3753996,1,7,24,448,0,Wasted Turnover,Chelsea,109.3
9578,Jonathan Howson,Right Midfield,90424637-39ae-417d-a1dc-3958947122b8,3753996,1,22,28,1356,0,Wasted Turnover,Norwich City,84.4
3576,Martin Olsson,Left Back,6b1d236f-d0ac-4faa-97b5-1520e0414480,3753996,1,40,29,2429,0,Wasted Turnover,Norwich City,98.8
3576,Martin Olsson,Left Back,54618153-cfe3-4c46-9b6d-bdc390ca162d,3753996,2,68,17,4097,-1,Yellow Card,Norwich City,0.8
4807,Cameron Jerome,Center Forward,66b428df-a38d-4b28-821b-85fd365a9c35,3753996,2,74,51,4493,-1,Wasted Turnover,Norwich City,82.5
4807,Cameron Jerome,Center Forward,3c618476-5fb6-424e-8d1c-b000a8499f2b,3753996,2,84,44,5084,-1,Wasted Turnover,Norwich City,92.8
28559,Enner Remberto Valencia Lastra,Center Forward,6e274626-5f03-4c8f-980b-61ec1cf6db2a,3753997,1,30,11,1811,0,Big Miss,West Ham United,0.60372007
9533,Leandro Bacuna,Right Center Midfield,bb05fc29-6eec-4fdd-9019-04bbfafa4f67,3753997,1,38,39,2322,0,Wasted Turnover,Aston Villa,92.5
6800,Carles Gil de Pareja Vicent,Center Attacking Midfield,8c2af145-6fcf-4d31-9cc5-6520c030a045,3753997,2,55,48,3360,0,Wasted Turnover,Aston Villa,88.4
20045,Ryan Bertrand,Left Back,586aed15-d0c4-4553-92a7-821130757954,3753998,2,65,11,3911,1,Yellow Card,Southampton,0.8
3668,Theo Walcott,Center Forward,b817514d-73ea-49b7-aa95-2bf31258cee9,3753999,1,6,24,384,0,Wasted Turnover,Arsenal,114.7
3511,Héctor Bellerín Moruno,Right Back,7daa7001-5af0-404b-8d26-769aaded1b0e,3753999,2,71,25,4286,2,Wasted Turnover,Arsenal,83.1
3629,Sadio Mané,Right Wing,5bcc354c-94b6-40a3-a8d6-fe5af344be7a,3754000,1,10,48,648,0,Yellow Card,Southampton,0.2
20045,Ryan Bertrand,Left Back,1041b03c-320d-4e5b-bb7f-5239f41ba744,3754000,2,73,24,4404,1,Yellow Card,Southampton,0.8
11062,Graziano Pellè,Center Forward,0f4c0e73-3c28-4540-a9a5-1dfd0daf2b2a,3754000,2,89,2,5342,1,Yellow Card,Southampton,0.2
3076,Ayoze Pérez Gutiérrez,Right Center Forward,588ac601-a3b5-4b9b-8e67-90252dd5e52e,3754001,1,7,49,474,0,Wasted Turnover,Newcastle United,92.4
16027,Kevin Mbabu,Left Back,03532eba-3de9-4fd8-b027-27f7a3464fab,3754001,2,74,20,4471,2,Wasted Turnover,Newcastle United,87.2
3814,Riyad Mahrez,Right Midfield,436357dd-b8ec-4d3f-b058-f2e550edbff6,3754002,1,10,13,621,0,Wasted Turnover,Leicester City,90.5
23663,Dieumerci Mbokani Bezua,Center Forward,97ec4679-76e9-455a-91f7-1d83182f10b7,3754004,1,11,2,668,-1,Wasted Turnover,Norwich City,86.9
4807,Cameron Jerome,Left Midfield,1cc6d274-6a07-4636-8594-c7739e496acb,3754004,2,88,42,5327,-3,Wasted Turnover,Norwich City,102.4
3325,Marko Arnautović,Left Wing,3022ecfb-2c75-451c-bb2f-124d54406ddb,3754005,1,8,0,489,0,Wasted Turnover,Stoke City,84.3
3567,Georginio Wijnaldum,Center Attacking Midfield,805b10ec-5181-45cd-aade-00993d49bf3c,3754005,1,15,25,933,0,Wasted Turnover,Newcastle United,116.0
9625,Glenn Whelan,Left Defensive Midfield,ae0554a8-d887-438f-adef-81b5a9857e2d,3754005,2,81,42,4902,1,Wasted Turnover,Stoke City,82.4
10960,Jamie Vardy,Left Center Forward,2eb55661-71bd-4c67-82ec-332b244f077c,3754006,1,7,22,446,0,Wasted Turnover,Leicester City,115.0
42902,Adam Johnson,Right Midfield,35d84876-0aa9-4b1d-8479-bbf4c191f4ba,3754008,1,23,20,1400,0,Wasted Turnover,Sunderland,86.7
42902,Adam Johnson,Right Midfield,fccd701e-2548-4ec5-aed5-5f6303516857,3754008,1,37,27,2247,0,Yellow Card,Sunderland,0.5
2988,Memphis Depay,Left Wing,44254f0b-1243-4319-9ba1-afce579dbafb,3754008,2,66,48,4008,2,Big Miss,Manchester United,0.38897714
3647,Alex Iwobi,Left Wing,ac481b19-5efd-4f82-9cf3-05a56837afb9,3754009,1,15,30,934,0,Wasted Turnover,Arsenal,83.0
3507,Wilfried Zaha,Right Midfield,5b313c88-84b3-4073-95dd-e0aa9693fcc7,3754009,2,85,40,5144,0,Wasted Turnover,Crystal Palace,110.5
3454,Troy Deeney,Right Center Forward,82b1b4c0-e22a-447b-9a7f-d5a6867a4eb9,3754010,1,20,10,1218,1,Wasted Turnover,Watford,82.7
43081,Almen Abdi,Right Midfield,a2148c41-0d84-4c2d-b877-34520c6b6332,3754010,1,35,47,2147,2,Yellow Card,Watford,0.5
5458,Odion Jude Ighalo,Left Center Forward,9f6d3388-1292-4bfe-a201-46e64a3b5480,3754010,2,56,20,3383,2,Wasted Turnover,Watford,88.0
6870,José Manuel Jurado Marín,Left Midfield,3ab65d5a-b264-47c4-9e3c-03f6d2bebf6a,3754010,2,70,41,4248,1,Wasted Turnover,Watford,90.7
3629,Sadio Mané,Center Attacking Midfield,45d1cb72-9637-4bcd-b2e8-44fe7ce538f5,3754011,1,12,28,748,0,Big Miss,Southampton,0.30014178
20039,Anthony Martial,Center Forward,6e976426-4e80-487d-af95-dba4a6d84dfe,3754011,1,25,12,1517,-1,Wasted Turnover,Manchester United,116.6
3828,Steven Davis,Center Attacking Midfield,9fd62c98-7979-4239-bf61-c2c406d433d7,3754012,1,18,15,1095,0,Yellow Card,Southampton,0.5
3966,Charlie Austin,Center Forward,09e395f9-0c93-4547-ae0a-9d0baca3552e,3754012,1,26,19,1583,0,Wasted Turnover,Southampton,87.3
5475,John Michael Nchekwube Obinna,Left Center Midfield,341759a0-c3e9-4fb6-9de7-dee7615014f5,3754012,2,52,7,3127,-1,Big Miss,Chelsea,0.46305713
3472,Willian Borges da Silva,Center Attacking Midfield,15dcd5b8-5636-4325-9b1a-c2d511cd3e1d,3754012,2,73,13,4393,-1,Wasted Turnover,Chelsea,101.6
40122,Oscar dos Santos Emboaba Júnior,Left Wing,3aa2288a-e1dc-40d8-9eac-b3f442fbf2ad,3754012,2,79,42,4794,0,Wasted Turnover,Chelsea,86.5
3272,Oriol Romeu Vidal,Left Defensive Midfield,e92a6ddd-1c39-4d30-a04d-335564b01d8e,3754012,2,89,37,5383,-1,Wasted Turnover,Southampton,92.7
3662,Danny Drinkwater,Right Defensive Midfield,f8b0ce3f-1993-4aac-bf71-90570471a33d,3754013,1,7,38,460,0,Wasted Turnover,Leicester City,84.8
3814,Riyad Mahrez,Right Midfield,f96904a3-07fb-44cc-81bd-a814e4e64222,3754013,2,68,21,4111,2,Wasted Turnover,Leicester City,83.4
2988,Memphis Depay,Left Wing,5f469bb4-eba1-4c74-a062-56f13b4c5702,3754014,1,7,16,436,0,Big Miss,Manchester United,0.34697437
3296,Marouane Fellaini-Bakkioui,Center Attacking Midfield,e135eb7f-cd18-4610-bb96-bad7fdedcf9a,3754014,2,63,19,3799,-2,Big Miss,Manchester United,0.48125535
4891,Ibrahim Afellay,Center Attacking Midfield,43efc92a-a35e-4816-98c4-c5cb231e074f,3754014,2,74,27,4467,2,Selfish Shot,Stoke City,0.1381174494898822
6846,Andreas Hoelgebaum Pereira,Left Center Midfield,d7dd5d04-c159-44f3-9e9f-0c4f215e4fde,3754014,2,82,48,4968,-2,Yellow Card,Manchester United,0.5
3054,Fernando Luiz Rosa,Left Defensive Midfield,67784006-77b2-4005-89c2-fb67653ce2b2,3754015,1,14,11,851,0,Yellow Card,Manchester City,0.6
3089,Kevin De Bruyne,Right Wing,4fa351d0-a7da-45f0-b005-d0e438660916,3754015,1,28,19,1702,0,Wasted Turnover,Manchester City,90.5
3294,Juan Manuel Mata García,Right Wing,4689c287-dd4d-45f9-97d0-bf5e227956fb,3754015,1,38,33,2313,0,Yellow Card,Manchester United,0.2
20039,Anthony Martial,Left Wing,eccc0327-63ef-4bcb-b2e8-4914065d06a6,3754015,2,56,45,3405,0,Wasted Turnover,Manchester United,94.1
3091,Moussa Sissoko,Center Attacking Midfield,80f922f3-fafc-4b62-b793-e26d4e380467,3754016,1,37,12,2232,-1,Wasted Turnover,Newcastle United,107.3
3091,Moussa Sissoko,Left Back,e1cfe345-04f5-4ad6-b911-f712e06ab484,3754016,2,56,10,3371,-3,Wasted Turnover,Newcastle United,105.3
3462,Jack Frank Porteous Cork,Right Defensive Midfield,7c59cf33-4dc1-41b1-ade3-bbff05b46339,3754018,2,65,18,3918,1,Selfish Shot,Swansea City,0.1420134919849453
3600,Morgan Schneiderlin,Right Defensive Midfield,f0965d9e-7465-457d-9f13-7768a43ab44d,3754019,1,9,6,546,0,Selfish Shot,Manchester United,0.1702961703107553
10958,Chris Smalling,Right Center Back,a224e452-1537-4f14-a89b-ea7ed9da166b,3754019,1,38,46,2326,0,Yellow Card,Manchester United,0.8
20039,Anthony Martial,Left Wing,2dcffc30-a8b5-491d-95d5-c2d0e3cbff8b,3754019,2,50,8,3017,0,Wasted Turnover,Manchester United,105.9
3606,Ander Herrera Agüera,Center Attacking Midfield,b6e6db87-8649-47b6-b988-83ea6b977442,3754019,2,55,22,3322,0,Big Miss,Manchester United,0.70852625
3621,Eden Hazard,Center Forward,c4eb1e35-0f50-4577-bd3d-2fe05af598d1,3754019,2,71,29,4289,0,Yellow Card,Chelsea,0.2
18414,Bastian Schweinsteiger,Left Defensive Midfield,b0855398-936b-4870-8d5d-23c9a9b5b6bf,3754019,2,80,8,4808,0,Yellow Card,Manchester United,0.6
13248,Eunan O''Kane,Right Center Midfield,1066a95a-de5b-450f-8f36-69c580e921ee,3754020,1,33,43,2023,-1,Yellow Card,AFC Bournemouth,0.5
3493,Emre Can,Left Center Midfield,3459c947-4d20-4cfa-bf9c-bb743dc99ae5,3754020,2,51,57,3121,1,Wasted Turnover,Liverpool,90.5
3344,Andrew Surman,Left Defensive Midfield,1397ebb8-5076-47d5-b04f-dfcb33f004f9,3754020,2,82,52,4974,-1,Wasted Turnover,AFC Bournemouth,92.6
3343,Dan Gosling,Right Center Midfield,bd65b019-e116-4ad9-8825-d90a4b9223a0,3754021,1,13,29,819,0,Wasted Turnover,AFC Bournemouth,90.0
3278,Benik Afobe,Center Forward,fbe37486-b5df-4062-8a0e-c713723db483,3754021,1,39,10,2356,1,Wasted Turnover,AFC Bournemouth,84.8
28559,Enner Remberto Valencia Lastra,Right Wing,902c91ae-ee0f-4831-bf01-24df7221bca1,3754021,2,59,58,3598,-1,Selfish Shot,West Ham United,0.2174685699161659
3589,Yannick Bolasie Yala,Right Midfield,f65392aa-887d-4616-aaa1-3923d7a88e40,3754022,1,20,3,1203,0,Yellow Card,Crystal Palace,0.5
9461,Timm Klose,Left Center Back,116afb32-c71c-4cc2-91fc-3968e38c729f,3754022,1,35,45,2145,0,Yellow Card,Norwich City,0.8
3589,Yannick Bolasie Yala,Left Midfield,78ab0f50-3bfe-4c35-a806-ecc5c3a7f690,3754022,2,78,59,4739,1,Big Miss,Crystal Palace,0.36475572
28782,Ritchie De Laet,Right Back,eb847da6-09fb-45d8-b280-ce7c01ac9160,3754023,1,12,49,769,0,Yellow Card,Leicester City,0.8
3665,Andrew Philip King,Center Defensive Midfield,3b5082b0-d208-43f6-914b-243efa0bcccc,3754023,1,35,2,2102,-1,Yellow Card,Leicester City,0.6
3616,Callum Wilson,Center Forward,10b36f8d-72f6-4a7d-b411-ec7f0ab68591,3754023,2,63,21,3805,1,Wasted Turnover,AFC Bournemouth,92.1
13248,Eunan O''Kane,Right Center Midfield,1932b563-13cd-4f3b-bcd4-efa46ba6b4e5,3754023,2,74,8,4448,1,Yellow Card,AFC Bournemouth,0.5
3044,Chancel Mbemba Mangulu,Right Center Back,040d3922-b695-4c5d-8a8c-17ed34a9f9bd,3754024,1,21,11,1271,0,Yellow Card,Newcastle United,0.8
3567,Georginio Wijnaldum,Left Wing,eb3626f7-ca65-454e-8362-00f2d1d66505,3754024,1,26,20,1583,0,Wasted Turnover,Newcastle United,93.0
6950,Alberto Paloschi,Center Forward,2dd50c78-651e-42d4-a5bc-fdcb7677eb5a,3754024,1,34,32,2075,0,Wasted Turnover,Swansea City,100.5
9536,Modou Barrow,Right Midfield,692b78e2-e966-4ce1-aefe-af4ac7c12309,3754024,2,77,45,4665,-1,Wasted Turnover,Swansea City,103.6
18751,Jack Rodwell,Right Defensive Midfield,5390172e-46e2-49a6-bb46-f8ea561a56a7,3754025,2,61,11,3671,-2,Yellow Card,Sunderland,0.6
6623,Loïc Rémy,Center Forward,8a495118-b5ef-4c60-a304-5536edfaabd4,3754025,2,77,47,4667,2,Big Miss,Chelsea,0.4656537
3467,Erik Pieters,Left Back,1359d838-6384-46bf-959c-125b4b373b76,3754026,1,19,59,1199,0,Yellow Card,Stoke City,0.8
3464,James McArthur,Right Defensive Midfield,b02f276e-b356-4c5b-aa0e-746d9d14b726,3754026,1,31,55,1915,-1,Yellow Card,Crystal Palace,0.6
3407,Scott Dann,Right Center Back,1927a0b2-faf7-45d5-8d77-066d1eb01142,3754026,1,38,47,2332,-1,Wasted Turnover,Crystal Palace,94.5
19688,Jason Puncheon,Right Wing,e9aed78c-708f-4a93-ba9c-af122cb5a5f9,3754026,2,61,45,3717,0,Wasted Turnover,Crystal Palace,92.4
3325,Marko Arnautović,Left Midfield,131813f3-9376-440a-8b79-d9cbf7617021,3754026,2,77,18,4643,-1,Wasted Turnover,Stoke City,100.6
10955,Harry Kane,Center Forward,89dc3a5d-5722-4bcf-9849-506f51fc31de,3754027,1,27,27,1649,0,Wasted Turnover,Tottenham Hotspur,88.6
3585,Erik Lamela,Right Wing,3eb9cba5-723b-4efa-8cbd-3a31492f1da4,3754027,1,34,46,2086,0,Selfish Shot,Tottenham Hotspur,0.1571549551914858
10955,Harry Kane,Center Forward,f1a7d751-e88a-4c01-8347-ac6436cb1653,3754027,2,67,43,4065,2,Wasted Turnover,Tottenham Hotspur,88.8
3098,Victor Wanyama,Center Defensive Midfield,89d6a1a0-15ad-4056-95ce-3e6ff46a36c7,3754028,1,40,40,2440,-2,Selfish Shot,Southampton,0.1432085192430801
3831,Dušan Tadić,Right Wing,6d48681f-a615-4cd2-9694-8853139a0b09,3754028,2,61,9,3669,-1,Big Miss,Southampton,0.37904066
3831,Dušan Tadić,Right Wing,b7b424fc-e910-4bf4-8387-2843336baa03,3754028,2,68,19,4101,-1,Wasted Turnover,Southampton,90.7
16003,Fernando Francisco Reges,Right Defensive Midfield,d09182f6-43ca-4341-8089-8bb141404bfb,3754028,2,85,12,5112,2,Wasted Turnover,Manchester City,81.8
3037,Mousa Sidi Yaya Dembélé,Center Attacking Midfield,3c1077ce-fce9-4964-9a39-8cd14e72e03a,3754029,1,14,50,890,1,Wasted Turnover,Tottenham Hotspur,83.7
10955,Harry Kane,Center Forward,199a0e5a-6846-4933-9073-93c1c01b0175,3754029,1,23,54,1434,1,Selfish Shot,Tottenham Hotspur,0.3970719918905302
10955,Harry Kane,Center Forward,90f80198-2969-4002-ae03-96bbc2b93d59,3754029,1,32,21,1946,1,Wasted Turnover,Tottenham Hotspur,83.7
3450,Jordan Ayew,Left Defensive Midfield,f5020a06-9d20-406d-a8b6-2fb081b52aa2,3754029,1,41,11,2471,-1,Yellow Card,Aston Villa,0.6
9642,Alan Hutton,Right Back,cdb179ac-612d-4d8c-93d3-5327aa343b3b,3754029,2,56,39,3399,-2,Selfish Shot,Aston Villa,0.1790658094001017
42701,Kieran Richardson,Left Back,17652f76-40db-41a4-b5c2-1cec3199fd18,3754029,2,66,35,3995,-2,Yellow Card,Aston Villa,0.8
3289,Romelu Lukaku Menama,Center Forward,8b5882d0-7edb-4ac7-b0a7-d24840985396,3754030,1,25,2,1502,0,Wasted Turnover,Everton,84.7
3726,Gerard Deulofeu Lázaro,Right Wing,798faa71-8fa6-4bd3-8ac6-2c5084e054c8,3754030,2,52,33,3153,0,Wasted Turnover,Everton,97.7
3454,Troy Deeney,Right Center Forward,89b523b9-df59-4f6e-895f-d5ea8353836a,3754030,2,59,15,3559,0,Wasted Turnover,Watford,93.4
3337,Jermain Defoe,Center Forward,2d6b6f20-fad0-494f-b5d3-2d8e91b1963a,3754031,1,10,24,624,1,Big Miss,Sunderland,0.39785093
3658,DeAndre Yedlin,Right Back,7cab254f-a80e-42a9-8551-6af983ffc246,3754031,1,37,35,2255,1,Yellow Card,Sunderland,0.8
18751,Jack Rodwell,Center Defensive Midfield,ef6e2e66-3357-4aa8-b205-533f102dd8bc,3754031,2,77,3,4623,0,Wasted Turnover,Sunderland,89.2
3670,Jonathan Walters,Right Wing,62e50a47-b39b-4774-8134-0dd6f3f69a83,3754032,1,8,41,521,0,Wasted Turnover,Stoke City,117.6
4724,Glen Johnson,Right Back,d9749cb1-955b-4259-bf1f-df5a2643f629,3754032,1,21,39,1299,0,Selfish Shot,Stoke City,0.1365947075805625
3467,Erik Pieters,Left Back,e01b0c1b-db01-4e64-a0cd-b38c61cd4692,3754032,1,36,0,2160,0,Wasted Turnover,Stoke City,86.5
9463,Alexander Banor Tettey,Right Defensive Midfield,14c014cc-e9ff-4adf-bfa6-6b42954f4d1c,3754032,2,76,20,4580,-1,Yellow Card,Norwich City,0.6
3651,Matt Targett,Left Back,1a2adec2-90cf-456d-96a4-de4a37d720dc,3754034,1,5,26,326,0,Yellow Card,Southampton,0.8
3607,James McCarthy,Right Defensive Midfield,928848fa-96b4-40b6-9814-eb1fae942390,3754034,1,26,35,1597,1,Wasted Turnover,Everton,92.6
11062,Graziano Pellè,Center Forward,c5ec6bd9-aa25-473e-9c65-a899afb4e437,3754034,1,37,30,2250,-1,Yellow Card,Southampton,0.2
3607,James McCarthy,Right Defensive Midfield,219b7c3d-28c1-4d84-be19-7a1c91cc96b8,3754034,2,59,51,3593,2,Wasted Turnover,Everton,86.5
7121,Sandro Ranieri Guimarães Cordeiro,Right Defensive Midfield,7d4b24df-e0c9-4cc1-9348-4c2406c9d7a1,3754035,1,19,36,1178,0,Wasted Turnover,West Bromwich Albion,94.9
3237,Sergio Leonel Agüero del Castillo,Right Center Forward,3978e5a4-f603-4759-aff6-96dd54889c78,3754035,2,62,29,3754,0,Wasted Turnover,Manchester City,103.1
4630,Saido Berahino,Center Forward,b033eede-5339-4393-830a-98a7a24ff41c,3754035,2,73,21,4401,-1,Big Miss,West Bromwich Albion,0.4303916
40366,Wes Brown,Left Center Back,299bcc56-96ff-4b09-a434-12dda87587e4,3754036,1,25,0,1500,0,Yellow Card,Sunderland,0.8
11333,Adama Traoré Diarra,Right Center Forward,9ed600b2-bc78-4f57-a68e-0e5219037c7c,3754036,2,67,48,4068,0,Yellow Card,Aston Villa,0.2
4417,Ola Toivonen,Left Wing,24d568a5-e662-4266-a129-974980cbf8d6,3754036,2,79,34,4776,1,Wasted Turnover,Sunderland,85.9
6800,Carles Gil de Pareja Vicent,Left Midfield,d82eeaa6-74b1-440d-8d72-5a08bd27af27,3754036,2,86,2,5162,-1,Yellow Card,Aston Villa,0.5
20067,Darron Gibson,Left Center Midfield,e0b7a64c-b76f-4d13-8006-32e375ca2ff8,3754037,2,61,17,3677,0,Yellow Card,Everton,0.5
10966,Wes Hoolahan,Center Attacking Midfield,36461195-67c8-4717-83b2-45ae12712f8b,3754038,1,37,27,2247,-1,Wasted Turnover,Norwich City,102.3
3525,Alex Oxlade-Chamberlain,Right Wing,38d3844a-9f21-41b3-81db-483b3898364a,3754038,2,72,16,4336,0,Wasted Turnover,Arsenal,89.8
20641,Connor Wickham,Left Midfield,308cce6e-6935-4136-9315-f8c94b2d737e,3754039,1,12,4,731,0,Wasted Turnover,Crystal Palace,85.2
3302,Nordin Amrabat,Left Wing,c96dc358-baf1-4ea3-b6a0-f3cd82180f9d,3754039,1,42,14,2538,1,Wasted Turnover,Watford,104.4
26699,Emmanuel Adebayor,Center Forward,1f0178b2-9be8-42f9-ac18-f181af9e43c1,3754039,2,57,9,3429,0,Big Miss,Crystal Palace,0.6640972
23488,Mario Suárez Mata,Left Center Midfield,c6411270-b291-45fb-8d4d-d7cd7a3a3864,3754039,2,76,31,4591,0,Yellow Card,Watford,0.5
5458,Odion Jude Ighalo,Left Center Forward,cb8a1392-f20d-4b24-99fe-f109358353b6,3754039,2,88,47,5330,1,Wasted Turnover,Watford,93.7
4807,Cameron Jerome,Center Forward,818efb02-f568-4954-8d4c-da6a25595f42,3754040,1,40,24,2431,0,Wasted Turnover,Norwich City,83.3
3437,Francis Joseph Coquelin,Left Defensive Midfield,3fcde980-2b33-4523-8564-f0fac9ef824d,3754041,1,11,53,713,1,Wasted Turnover,Arsenal,80.9
3394,Laurent Koscielny,Left Center Back,a2392d99-8d73-428d-b950-2885f381c341,3754041,2,83,47,5027,3,Wasted Turnover,Arsenal,107.2
13448,Bradley Shaun Smith,Left Back,dc714aa2-cb5b-4f27-b2e6-37a7505cb1b5,3754042,1,39,40,2380,0,Yellow Card,Liverpool,0.8
4129,Tyler Roberts,Right Wing,2687503e-1690-4c8e-948a-3357bc7d3bfe,3754042,2,73,49,4429,0,Yellow Card,West Bromwich Albion,0.2
4129,Tyler Roberts,Right Wing,2996df98-348b-485c-8606-52a8777898bd,3754042,2,81,3,4863,0,Big Miss,West Bromwich Albion,0.6280385
11012,Jonathan Grant Evans,Left Center Back,3e9a401e-35a7-4057-b7e2-355da2ee81c1,3754042,2,86,20,5186,0,Wasted Turnover,West Bromwich Albion,90.1
4416,Max-Alain Gradel,Left Midfield,24da7795-c01c-4357-ae02-9b84ca83dc6e,3754043,1,27,46,1666,-2,Wasted Turnover,AFC Bournemouth,84.5
3043,Christian Dannemann Eriksen,Left Wing,5247bb28-9b51-46eb-8952-b415043c30f7,3754043,1,38,57,2337,2,Wasted Turnover,Tottenham Hotspur,100.5
10956,Eric Dier,Right Defensive Midfield,6ef8f4ac-3649-41cb-86a0-3d8f7aa82360,3754043,2,75,15,4515,3,Selfish Shot,Tottenham Hotspur,0.22709330227408
3043,Christian Dannemann Eriksen,Left Wing,2b55dcf7-95a7-4cbb-9e9d-198f19c78c72,3754043,2,86,33,5193,3,Wasted Turnover,Tottenham Hotspur,111.7
9452,Gary O''Neil,Right Defensive Midfield,e1479d96-ffe5-4984-808a-326bfa999470,3754044,1,26,33,1593,0,Yellow Card,Norwich City,0.6
10967,Robert Brady,Left Midfield,79b6b9d6-c68c-4d96-b981-421a77dfc7e5,3754044,1,35,23,2123,0,Wasted Turnover,Norwich City,101.4
5596,Aleksandar Kolarov,Left Back,83797a68-2d88-4552-b0d7-fc5885729e97,3754045,2,65,36,3936,0,Yellow Card,Manchester City,0.8
3389,Eliaquim Mangala,Left Center Back,31da3ee3-c684-4abc-b61b-25d201e47afd,3754045,2,75,2,4502,0,Yellow Card,Manchester City,0.8
3307,Marc Albrighton,Left Midfield,4d7fd0e4-873c-4976-bdcb-4a32358dc0ad,3754045,2,80,27,4827,0,Yellow Card,Leicester City,0.5
3289,Romelu Lukaku Menama,Center Forward,ead9dbc3-d4f6-4c1e-88d6-1da367b1cbe9,3754046,1,5,59,367,0,Wasted Turnover,Everton,116.5
5489,Mile Jedinak,Center Defensive Midfield,34b94239-bce6-43af-8ced-0c37e6f5fff4,3754046,1,15,11,911,0,Selfish Shot,Crystal Palace,0.2276159210078991
3589,Yannick Bolasie Yala,Right Wing,57a6287b-cf46-422f-9a46-af9275569aac,3754046,1,21,10,1274,0,Wasted Turnover,Crystal Palace,88.0
4589,Séamus Coleman,Right Back,56e9d5f7-b500-4456-871d-72a613e902ac,3754046,2,71,17,4279,0,Wasted Turnover,Everton,99.6
3473,James Philip Milner,Right Center Midfield,07dfcf5b-28fc-457a-a721-85cd800db675,3754047,1,24,46,1486,0,Yellow Card,Liverpool,0.5
18872,Martin Škrtel,Right Center Back,57a0d1b1-1bc5-40ec-be11-c7c840b62501,3754047,2,64,27,3867,1,Yellow Card,Liverpool,0.8
4726,Kyle Bartley,Right Center Back,47bcfb65-576e-4e50-94fc-6de79768db5a,3754047,2,69,33,4173,-1,Yellow Card,Swansea City,0.8
3607,James McCarthy,Right Center Midfield,e2214cd7-3004-481b-b55a-79de7691791c,3754048,1,15,15,915,0,Yellow Card,Everton,0.5
19688,Jason Puncheon,Left Center Midfield,a4a618cf-bf65-41ac-b370-cf70a00f7cc8,3754048,2,61,51,3711,0,Big Miss,Crystal Palace,0.38615504
20641,Connor Wickham,Center Forward,bdfea231-f6f9-4025-ac59-77bb5427c2a6,3754048,2,81,26,4886,0,Big Miss,Crystal Palace,0.40024403
10967,Robert Brady,Left Wing Back,308102f3-7c5d-4c8b-a066-7d03e2596ebe,3754049,1,29,1,1744,0,Wasted Turnover,Norwich City,90.1
3286,Nathan Redmond,Right Wing,574c55c7-5806-4f99-93fc-04d0ec905ca4,3754049,2,59,13,3555,0,Wasted Turnover,Norwich City,80.6
3286,Nathan Redmond,Right Wing,fc5ba486-200e-42d1-a977-980fa86c3f3b,3754049,2,65,45,3957,0,Wasted Turnover,Norwich City,80.4
3520,Jeffrey Schlupp,Left Midfield,5b136e8d-e981-4a79-9c73-2b63e46e0ca4,3754049,2,82,5,4936,0,Wasted Turnover,Leicester City,91.7
10960,Jamie Vardy,Left Center Forward,87cf044b-703e-433b-a985-5e2348363c27,3754049,2,88,29,5309,0,Big Miss,Leicester City,0.46081012
18751,Jack Rodwell,Left Center Midfield,96e958b0-5846-4d70-bda1-c386ff8515b1,3754050,1,16,55,1015,0,Yellow Card,Sunderland,0.5
15892,Jordon Mutch,Center Attacking Midfield,4b38f294-cb16-4d21-9462-cff3d8e18d32,3754050,2,53,21,3201,-1,Wasted Turnover,Crystal Palace,100.7
3589,Yannick Bolasie Yala,Left Wing,c342906a-92af-4de5-a9f5-601370c55626,3754050,2,61,58,3718,0,Selfish Shot,Crystal Palace,0.1175802359678568
3721,Etienne Capoue,Right Defensive Midfield,bb9a8611-2c84-4f3e-a683-046dd32a0d62,3754051,1,36,27,2187,2,Wasted Turnover,Watford,97.3
5458,Odion Jude Ighalo,Left Center Forward,0b1a7d64-fe05-4fc4-bdee-ae376005bb46,3754051,2,62,45,3765,2,Big Miss,Watford,0.47352463
3288,Miguel Ángel Britos Cabrera,Left Center Back,12d629e5-49b8-4dae-82b4-75f90bf7d421,3754051,2,77,43,4663,2,Yellow Card,Watford,0.8
3493,Emre Can,Center Defensive Midfield,ecd12a97-bc11-45a1-a493-fbf1a64f161e,3754051,2,84,10,5051,-2,Wasted Turnover,Liverpool,84.7
10457,Patrick Bamford,Right Center Forward,dd200f9b-6502-4150-bac7-aa689515c487,3754052,2,70,8,4209,1,Wasted Turnover,Norwich City,93.9
3583,Ashley Westwood,Right Defensive Midfield,084b91c6-07b0-40cf-8f7e-24949cc37340,3754053,1,14,41,881,0,Wasted Turnover,Aston Villa,90.4
10955,Harry Kane,Center Forward,f8ac52bd-1b25-48ee-b429-09c2c72cdb28,3754053,1,23,16,1396,0,Big Miss,Tottenham Hotspur,0.34070134
3205,Kyle Walker,Right Back,721162ef-236d-45f8-9a2e-f78f09b0ec51,3754053,2,63,11,3791,2,Selfish Shot,Tottenham Hotspur,0.1785564862932115
7171,Fabio Borini,Left Wing,21788e5d-d045-4a66-b49b-7ecc011bc515,3754054,2,58,4,3484,-4,Big Miss,Sunderland,0.4392004
3598,Wilfried Guemiand Bony,Center Forward,a74fabe3-506b-400e-8f0c-f0a52b9830dd,3754054,2,79,22,4762,3,Big Miss,Manchester City,0.31616378
3529,Daniel Andre Sturridge,Center Forward,46ed0021-5607-4e76-8db4-751c4ebc50a3,3754055,1,16,38,998,0,Wasted Turnover,Liverpool,104.8
3529,Daniel Andre Sturridge,Center Forward,ecbb1205-660b-4c51-875f-282737af5ee4,3754055,2,60,3,3603,-1,Big Miss,Liverpool,0.37745792
3473,James Philip Milner,Right Center Midfield,df6d756a-ad56-49bc-a2cb-52af4412a92f,3754055,2,72,3,4323,-1,Yellow Card,Liverpool,0.5
3957,César Azpilicueta Tanco,Right Back,bb7857dc-9abc-42a9-b174-ad428d9e0545,3754055,2,86,31,5191,1,Yellow Card,Chelsea,0.8
4891,Ibrahim Afellay,Center Attacking Midfield,129ac01c-8bf5-49ab-bf03-aa4f66a53117,3754056,1,14,3,848,0,Wasted Turnover,Stoke City,113.2
40121,Philipp Wollscheid,Left Center Back,769cc132-b366-4c9e-891f-c8863e6641c2,3754056,1,22,52,1372,0,Yellow Card,Stoke City,0.8
4589,Séamus Coleman,Right Back,aa7570d1-c872-4250-9d01-a67d7644d754,3754056,1,28,8,1690,0,Wasted Turnover,Everton,91.8
3726,Gerard Deulofeu Lázaro,Right Wing,36122fa8-fedb-45c1-b3e6-535f023622a1,3754056,1,39,34,2374,0,Yellow Card,Everton,0.2
4275,Ross Barkley,Right Center Midfield,39d9cfdb-9c61-4c08-be7c-91924880628f,3754056,2,57,49,3469,-1,Selfish Shot,Everton,0.2023832296741659
3325,Marko Arnautović,Left Wing,5bf45ae5-d081-46a5-acef-d974c4821851,3754056,2,65,16,3916,0,Wasted Turnover,Stoke City,85.4
10960,Jamie Vardy,Left Center Forward,1d66ec6b-17ea-418d-a390-b5b4ac0f8181,3754058,1,25,49,1549,0,Big Miss,Leicester City,0.5754278
3304,Harry Arter,Left Center Midfield,37452226-baa8-499a-a49e-9cd6d908c29c,3754058,1,33,15,1995,0,Yellow Card,AFC Bournemouth,0.5
3813,Wes Morgan,Right Center Back,30c759a1-d45c-497c-b50e-c5573107122b,3754058,2,50,55,3055,0,Big Miss,Leicester City,0.64057934
3307,Marc Albrighton,Left Midfield,0e22bfc1-eb9d-4730-aa71-4b341354178f,3754058,2,61,35,3695,0,Yellow Card,Leicester City,0.5
3381,Nemanja Matić,Left Center Midfield,3c1cb686-7a2b-4799-b943-b94b85e7e340,3754059,1,16,3,963,0,Yellow Card,Chelsea,0.5
5198,Diego da Silva Costa,Center Forward,ac600afa-d9f7-48a4-adf3-f293f538455c,3754059,1,27,34,1657,1,Wasted Turnover,Chelsea,82.7
3514,James McClean,Left Midfield,9598fb98-fa4a-49cc-8282-8baf84bd8333,3754059,1,35,56,2156,-1,Yellow Card,West Bromwich Albion,0.5
4022,Darren Fletcher,Left Center Midfield,ece18392-8bfe-461f-b14d-b02c96a5562b,3754059,2,80,42,4843,-1,Wasted Turnover,West Bromwich Albion,82.4
3289,Romelu Lukaku Menama,Center Forward,ffc51deb-23a7-4054-af84-369b0b7b3125,3754060,1,29,31,1771,0,Wasted Turnover,Everton,88.3
12325,Abdul Rahman Baba,Left Back,bfa840fa-264f-4294-9cde-7dce3ca574aa,3754061,1,38,14,2294,0,Selfish Shot,Chelsea,0.190008222228487
9625,Glenn Whelan,Right Defensive Midfield,f24c6c2c-cc0b-4067-a86a-dae7d9bdfc5a,3754061,2,72,29,4349,-1,Yellow Card,Stoke City,0.6
4041,José Salomón Rondón Giménez,Center Forward,ee7fc10f-b81b-4e3c-aed5-c4e3790464cb,3754062,1,16,19,980,0,Wasted Turnover,West Bromwich Albion,89.5
3967,Claudio Ariel Yacob,Center Defensive Midfield,c3c31826-2ca1-4881-bdac-21b7c6b42ec8,3754062,1,24,53,1493,-1,Yellow Card,West Bromwich Albion,0.6
3957,César Azpilicueta Tanco,Left Back,4134819d-649f-47ae-ae51-bf2cb3be173b,3754062,2,84,31,5071,1,Yellow Card,Chelsea,0.8
3450,Jordan Ayew,Right Center Forward,2346a808-2401-4ae5-84b2-5c37e9d4d99d,3754063,2,56,51,3416,1,Wasted Turnover,Aston Villa,83.9
7745,Steven Berghuis,Right Midfield,88296194-0f43-4be8-8acb-fc8547f31f7b,3754063,2,88,56,5336,-1,Selfish Shot,Watford,0.1882730772381194
4747,Divock Okoth Origi,Left Center Forward,03c4abb7-2998-4e31-b2b9-dbacff309143,3754064,2,53,50,3230,2,Wasted Turnover,Liverpool,88.0
3629,Sadio Mané,Right Wing,d6d73c0a-aec2-4621-a793-4415fd8bfd95,3754064,2,86,48,5208,1,Yellow Card,Southampton,0.2
3270,Danny Simpson,Right Back,610e86e2-b351-4348-9775-47a61c051566,3754065,2,72,14,4338,0,Wasted Turnover,Leicester City,89.0
5198,Diego da Silva Costa,Center Forward,63b8873f-07ba-448a-8e1f-c5ae2d6e18fe,3754066,1,6,11,380,0,Wasted Turnover,Chelsea,80.7
3237,Sergio Leonel Agüero del Castillo,Center Forward,4221ce04-47e6-4234-9f32-a71f9b27fb60,3754066,1,20,54,1254,0,Big Miss,Manchester City,0.46588677
3101,Vincent Kompany,Right Center Back,9fe9a676-aeec-4c6f-b9b9-4d9e076fb5ad,3754066,1,32,21,1941,1,Yellow Card,Manchester City,0.8
3621,Eden Hazard,Left Wing,fbc16304-b210-41d0-9e2f-ecf287de4764,3754066,2,78,51,4731,-2,Yellow Card,Chelsea,0.2
3589,Yannick Bolasie Yala,Left Wing,01b5419d-c1c9-4b50-b8f6-f67c66405e78,3754067,1,9,30,573,0,Wasted Turnover,Crystal Palace,111.9
3316,James Tomkins,Right Center Back,2493109a-7123-408b-a409-718942c15ae6,3754067,1,19,38,1178,0,Yellow Card,West Ham United,0.8
3491,Dimitri Payet,Left Wing,c920d568-5add-4eb9-af9d-e936d6fa50e7,3754067,1,39,42,2382,0,Yellow Card,West Ham United,0.2
21254,Carl Jenkinson,Right Back,90985c47-4707-4819-85fa-dfe94139b8f4,3754067,2,56,40,3410,0,Wasted Turnover,West Ham United,95.0
5489,Mile Jedinak,Left Defensive Midfield,580ba3a5-2852-4219-ac9f-03e1b65d3adf,3754067,2,68,5,4085,0,Yellow Card,Crystal Palace,0.6
4271,Andy Carroll,Left Center Forward,09afab48-fa19-4dc9-a917-dc7dabf548fb,3754067,2,73,28,4408,0,Selfish Shot,West Ham United,0.1324916838899151
4271,Andy Carroll,Left Center Forward,9ae269ab-1198-4eda-ac37-654d46223d4e,3754067,2,82,48,4983,0,Wasted Turnover,West Ham United,90.5
3541,Chris Brunt,Left Back,32795110-5a79-42b7-a60c-b3b0af857c7a,3754068,1,20,21,1221,0,Yellow Card,West Bromwich Albion,0.8
3490,James Morrison,Left Center Midfield,9d25987e-7033-412f-851a-bd81959b7456,3754068,1,32,41,1961,0,Yellow Card,West Bromwich Albion,0.5
6800,Carles Gil de Pareja Vicent,Right Midfield,d643dfe4-df5c-4a7f-8202-7d22d770b95a,3754068,2,61,31,3691,-1,Yellow Card,Aston Villa,0.5
3517,Aaron Ramsey,Left Defensive Midfield,ddd1970a-a971-4d43-8e5d-30db3cdc72f6,3754069,1,5,4,307,0,Wasted Turnover,Arsenal,85.5
3525,Alex Oxlade-Chamberlain,Right Wing,8ac1e9be-f519-483b-9169-f29a6afb9b91,3754069,1,27,14,1634,0,Wasted Turnover,Arsenal,84.7
9649,Jack Colback,Right Center Midfield,b4d4ca49-5e92-4f3b-bf0f-a35fd0d06635,3754069,1,34,42,2082,0,Yellow Card,Newcastle United,0.5
4269,Aleksandar Mitrović,Center Forward,94673c2c-43f8-4baa-ad27-6889c552cff3,3754069,1,41,12,2472,0,Wasted Turnover,Newcastle United,112.6
3650,Daryl Janmaat,Right Back,428ce704-3e60-49d1-9879-1bb4412e30bf,3754069,2,67,22,4042,0,Yellow Card,Newcastle United,0.8
6631,Mathieu Flamini,Right Defensive Midfield,c130ee06-c93d-4fbd-a3d3-5f253b4960f2,3754069,2,81,8,4868,1,Yellow Card,Arsenal,0.6
16072,Vurnon Anita,Right Back,ecb241ff-ceec-492d-9cd8-5b5561a53798,3754070,1,28,33,1723,0,Wasted Turnover,Newcastle United,91.2
3041,Ciaran Clark,Left Center Back,42e6c874-7cbd-4b42-bb28-0f6ed2532f22,3754070,2,58,43,3523,0,Yellow Card,Aston Villa,0.8
3044,Chancel Mbemba Mangulu,Right Center Back,6bc0ef88-4270-41d7-8efc-09b1d115104d,3754070,2,80,43,4847,0,Wasted Turnover,Newcastle United,108.6
9642,Alan Hutton,Right Wing Back,c199855b-9b03-480d-b18d-79fd290a5dd8,3754070,2,85,51,5151,0,Wasted Turnover,Aston Villa,116.9
42902,Adam Johnson,Right Wing,7692e868-bb84-4688-aef3-73f549757b41,3754071,1,5,21,321,1,Big Miss,Sunderland,0.30508184
9627,Neil Taylor,Left Back,eb8f764d-09fd-4738-b85b-2322b3a847c6,3754071,2,50,32,3036,0,Wasted Turnover,Swansea City,91.4
9539,Vito Mannone,Goalkeeper,ef19810a-826e-4654-bbcb-be2ef124edc7,3754071,2,66,53,4013,1,Yellow Card,Sunderland,0.5
3321,Patrick van Aanholt,Left Back,e695b0cd-fc2f-4990-9387-d50c0781565a,3754071,2,78,19,4699,1,Yellow Card,Sunderland,0.8
6409,Adam Smith,Right Back,a38b0404-5401-4e89-8545-d759261c4610,3754073,1,6,16,387,0,Wasted Turnover,AFC Bournemouth,100.8
3343,Dan Gosling,Right Center Midfield,34050060-4b26-46b4-ac3d-d1645b0913d1,3754073,1,11,56,721,0,Wasted Turnover,AFC Bournemouth,92.7
3043,Christian Dannemann Eriksen,Center Attacking Midfield,6e97e43f-8fb3-4071-909c-9babcdca879b,3754074,2,64,24,3864,-1,Selfish Shot,Tottenham Hotspur,0.1807337027919175
9642,Alan Hutton,Right Back,4cb76386-edc4-4db2-a5ff-e85f6d049449,3754075,2,77,18,4638,-4,Yellow Card,Aston Villa,0.8
3583,Ashley Westwood,Left Center Midfield,22d72621-df6b-429f-9eaf-9725b2aaf31c,3754075,2,86,19,5179,-4,Yellow Card,Aston Villa,0.5
3595,Manuel Lanzini,Left Center Midfield,07a71ada-bbc2-4386-95d4-054dfa5f40b0,3754077,1,21,30,1290,1,Yellow Card,West Ham United,0.5
6821,Jesús Navas González,Right Wing,09b0e1d5-e13d-4710-856d-21c0e78f0d92,3754077,1,29,9,1753,-1,Wasted Turnover,Manchester City,93.1
3057,Jonjo Shelvey,Right Center Midfield,f1b120e9-7a53-431e-b1f1-bc6a413a314f,3754078,1,17,50,1070,0,Yellow Card,Swansea City,0.5
40122,Oscar dos Santos Emboaba Júnior,Center Attacking Midfield,8a0691f7-9252-478f-b154-5c7ae401ade5,3754078,1,31,10,1875,1,Wasted Turnover,Chelsea,84.7
20521,Bafétimbi Gomis,Center Forward,77922ba7-40cd-4457-ad9f-8849f6ac2681,3754078,1,37,50,2271,-1,Wasted Turnover,Swansea City,105.1
20287,John Terry,Left Center Back,69d23d9f-ca0e-48e0-bc74-58298eeb3173,3754078,2,53,3,3183,1,Yellow Card,Chelsea,0.8
5198,Diego da Silva Costa,Center Forward,7d0fd5c5-2aa9-4821-af5f-3060ed4873f9,3754078,2,63,23,3804,0,Wasted Turnover,Chelsea,83.0
3381,Nemanja Matić,Left Center Midfield,9bd8fc7b-b03a-44eb-b153-1019d0881033,3754078,2,72,8,4328,0,Wasted Turnover,Chelsea,105.2
3064,David Josué Jiménez Silva,Right Wing,2419ee45-2031-4c24-9376-4c13d29fa53e,3754079,1,13,47,836,0,Wasted Turnover,Manchester City,104.5
3064,David Josué Jiménez Silva,Right Wing,02a5d07e-cb5a-4906-888d-08fbfbe45cae,3754079,2,58,15,3497,3,Wasted Turnover,Manchester City,84.6
3064,David Josué Jiménez Silva,Right Wing,3747f47b-cbcd-4acd-a4ed-a1c41983aea6,3754079,2,72,2,4325,5,Wasted Turnover,Manchester City,98.2
3389,Eliaquim Mangala,Left Center Back,49b07b69-9b04-4d54-8dc5-3841f9ef46fa,3754079,2,87,31,5251,5,Yellow Card,Manchester City,0.8
3585,Erik Lamela,Left Wing,d25200cf-0202-462f-8982-e698c650648f,3754080,1,9,11,551,0,Selfish Shot,Tottenham Hotspur,0.1168362421361658
4831,Nacer Chadli,Left Wing,79ad983a-d524-4a5e-84bc-cd4fab0d443e,3754080,1,32,5,1928,0,Wasted Turnover,Tottenham Hotspur,84.9
3721,Etienne Capoue,Right Midfield,778811bf-92cd-460c-ad4a-f490288965a2,3754080,2,59,17,3557,0,Yellow Card,Watford,0.5
4587,Matteo Darmian,Right Back,44c56905-5f7d-4336-9ace-5985f11b73d4,3754081,1,12,26,746,0,Wasted Turnover,Manchester United,84.6
42902,Adam Johnson,Center Attacking Midfield,d7d10049-0530-4bc4-87d2-91ef3c559ab7,3754082,1,8,3,488,0,Wasted Turnover,Sunderland,96.0
3337,Jermain Defoe,Right Center Forward,9b7a9956-ecab-4a7a-8d99-b3c7b83879bb,3754082,1,17,3,1023,0,Yellow Card,Sunderland,0.2
3958,Pedro Eliezer Rodríguez Ledesma,Right Wing,abbb09be-0bae-4e25-9e4c-65ff745de597,3754083,1,18,53,1133,0,Selfish Shot,Chelsea,0.1090391881853596
3277,Yohan Cabaye,Left Defensive Midfield,a63aae45-c81a-45b6-8476-1b7625f68342,3754083,1,28,36,1716,0,Big Miss,Crystal Palace,0.31332004
20641,Connor Wickham,Center Forward,00d46d13-6e3d-439e-aa06-13aec8f5f329,3754083,2,52,7,3127,0,Big Miss,Crystal Palace,0.31239024
2966,Stéphane Sessègnon,Right Midfield,38829cd5-de2f-450a-855f-0145298fe3d6,3754084,1,17,41,1061,0,Selfish Shot,West Bromwich Albion,0.1308269539158683
4041,José Salomón Rondón Giménez,Center Forward,0d7a1c5d-9322-4dee-a8b8-c65d3355dd3f,3754084,1,28,26,1712,0,Wasted Turnover,West Bromwich Albion,110.6
4630,Saido Berahino,Center Attacking Midfield,9c6c09f5-34f1-4ee8-9002-2cf88c084a5e,3754084,2,69,47,4191,0,Wasted Turnover,West Bromwich Albion,106.9
7153,Jordan Veretout,Center Forward,8e1379ba-0436-47c2-a968-c965db061459,3754084,2,86,31,5191,0,Selfish Shot,Aston Villa,0.3527176101863536
10960,Jamie Vardy,Left Center Forward,59575927-e359-4625-ac21-1ec140f3b822,3754085,1,14,32,872,1,Big Miss,Leicester City,0.417406
3961,N''Golo Kanté,Left Center Midfield,edfacf9e-b3d0-4373-8eb5-034972dcfd26,3754085,1,22,55,1375,2,Yellow Card,Leicester City,0.5
3491,Dimitri Payet,Left Wing,3247715b-bae7-4912-83fe-0215ff8c2c5d,3754086,1,15,59,960,1,Wasted Turnover,West Ham United,85.9
43081,Almen Abdi,Left Midfield,42aadc14-1e4c-4f33-8f59-1534964b1732,3754086,2,50,59,3059,-2,Big Miss,Watford,0.34636688
3501,Philippe Coutinho Correia,Left Wing,b498c096-a005-41f4-8827-87289b416482,3754087,1,11,40,700,0,Wasted Turnover,Liverpool,99.2
3501,Philippe Coutinho Correia,Left Wing,12ff7a86-f300-4d8e-8e8f-b0847ec9ae6c,3754087,1,23,37,1417,0,Yellow Card,Liverpool,0.2
3083,Heung-Min Son,Right Wing,871376df-7b56-44e6-b29e-15266ed685f5,3754087,1,39,5,2347,0,Wasted Turnover,Tottenham Hotspur,81.9
3083,Heung-Min Son,Right Wing,64200985-a479-4fed-81fb-d73a6d28c8bf,3754087,2,57,43,3463,-1,Big Miss,Tottenham Hotspur,0.3829734
3493,Emre Can,Left Center Midfield,2f4784a1-5267-4eed-9219-ea57169c080f,3754087,2,63,1,3781,0,Yellow Card,Liverpool,0.5
3076,Ayoze Pérez Gutiérrez,Left Wing,a67e1208-cc8e-4b68-aa7f-e73caaad7db6,3754088,1,5,59,359,0,Wasted Turnover,Newcastle United,87.9
42900,Cheik Ismaël Tioté,Right Center Midfield,82471f23-edc5-4a96-957e-fd54c6a58abd,3754088,1,34,6,2046,-1,Yellow Card,Newcastle United,0.5
10958,Chris Smalling,Right Center Back,3ab58a63-5580-42f1-bff2-484b9bafcc88,3754088,2,64,58,3898,1,Yellow Card,Manchester United,0.8
3538,Wayne Mark Rooney,Center Attacking Midfield,7a60ce70-571e-461c-8214-0d47211f7d97,3754088,2,78,33,4713,0,Selfish Shot,Manchester United,0.1071452171258402
3507,Wilfried Zaha,Right Wing,cd7e367b-b41a-4ce9-96ee-1a56e3793f24,3754089,1,20,36,1238,0,Wasted Turnover,Crystal Palace,104.9
3507,Wilfried Zaha,Right Wing,1aa7242a-c7f1-4d27-8983-15c75d4d54a1,3754089,1,31,48,1914,0,Wasted Turnover,Crystal Palace,83.5
3507,Wilfried Zaha,Right Wing,8ed33c77-fa65-4ad8-a708-7a4d04fa0385,3754089,1,39,32,2372,0,Yellow Card,Crystal Palace,0.2
3407,Scott Dann,Right Center Back,59108a5d-4c9d-4776-95a9-cd462b14c368,3754089,2,50,26,3026,0,Yellow Card,Crystal Palace,0.8
9593,Lewis Grabban,Right Midfield,488f033c-d06a-45f6-9aba-119d2ee0244a,3754089,2,89,41,5381,1,Yellow Card,AFC Bournemouth,0.5
3670,Jonathan Walters,Center Forward,d499403b-bdae-4843-a8e2-07f92a821cdf,3754090,1,16,21,981,0,Big Miss,Stoke City,0.3401162
4724,Glen Johnson,Right Back,90fd7be8-85a1-4c98-a9ea-c70a03323b29,3754091,1,11,16,680,0,Wasted Turnover,Stoke City,110.6
5458,Odion Jude Ighalo,Left Center Forward,064e4645-9011-4c03-8bd9-3e661c30d18c,3754091,1,18,30,1110,0,Wasted Turnover,Watford,97.2
36983,Juan Carlos Paredes Reasco,Right Midfield,8a192095-d692-4928-874a-ea8fa3c0d481,3754091,2,67,18,4038,1,Wasted Turnover,Watford,97.1
3454,Troy Deeney,Right Center Forward,7ce158e8-8a7c-4625-8f51-3b7b96d5d917,3754091,2,82,44,4973,2,Wasted Turnover,Watford,95.6
5594,Branislav Ivanović,Right Back,482a198f-79ce-4f51-9b8e-e1048ed9217c,3754092,1,20,20,1224,0,Wasted Turnover,Chelsea,89.8
3205,Kyle Walker,Right Back,09dc4830-d471-43b1-867c-c1bd03052c73,3754092,1,25,58,1558,0,Yellow Card,Tottenham Hotspur,0.8
3077,Jan Vertonghen,Left Center Back,840e9f9e-6b85-4f27-b68b-018daaa807cf,3754092,1,37,30,2250,1,Yellow Card,Tottenham Hotspur,0.8
3083,Heung-Min Son,Left Attacking Midfield,70c5c61b-ac79-4818-a829-22ef7e3e5867,3754093,1,9,30,576,0,Wasted Turnover,Tottenham Hotspur,88.8
10955,Harry Kane,Center Forward,d624e187-19df-4f86-816e-1d725d955652,3754093,1,16,48,1008,0,Wasted Turnover,Tottenham Hotspur,95.2
3594,Danny Rose,Left Back,6445a31f-bbfa-4026-ba82-b151b1ffeed6,3754093,1,31,26,1886,0,Yellow Card,Tottenham Hotspur,0.8
10955,Harry Kane,Center Forward,fd267edc-a276-462f-a761-17fae564c00d,3754093,1,39,0,2340,0,Yellow Card,Tottenham Hotspur,0.2
3077,Jan Vertonghen,Left Center Back,1c1e35f3-4800-433c-b69c-208e1cdde498,3754093,2,51,46,3106,0,Yellow Card,Tottenham Hotspur,0.8
3381,Nemanja Matić,Left Defensive Midfield,a721dad1-392f-47fb-a2dc-b09bd3da8b59,3754093,2,58,53,3533,0,Yellow Card,Chelsea,0.6
40122,Oscar dos Santos Emboaba Júnior,Center Attacking Midfield,5f0af7f2-488e-42ce-b36d-4f12f977e422,3754093,2,77,35,4656,0,Wasted Turnover,Chelsea,107.0
4632,Stephen Ireland,Center Attacking Midfield,94dfbaff-f5a0-45c6-a70e-e5e9ee7d2951,3754094,2,84,3,5043,-3,Yellow Card,Stoke City,0.5
10503,Billy Jones,Right Back,ea044264-cb8c-4854-867d-0b5dc7091b7a,3754095,2,58,20,3500,-1,Yellow Card,Sunderland,0.8
7171,Fabio Borini,Right Midfield,37ecde10-8d97-4dfb-90d5-32667de6f7eb,3754095,2,69,25,4171,-1,Wasted Turnover,Sunderland,84.3
3090,Nicolás Hernán Otamendi,Right Center Back,d8791e01-820e-4122-b107-715520384e87,3754095,2,79,51,4791,1,Yellow Card,Manchester City,0.8
3325,Marko Arnautović,Left Wing,2de06380-363f-420b-aa0a-a5db8e73fb7e,3754096,1,28,45,1725,0,Big Miss,Stoke City,0.3105806
3480,Geoff Cameron,Right Defensive Midfield,e27a1326-765f-4368-8409-212706fd6ce6,3754096,2,50,51,3063,0,Wasted Turnover,Stoke City,99.0
3603,Mame Biram Diouf,Center Forward,108f7ea7-697a-4b88-a27a-8f0348b39630,3754096,2,88,18,5298,0,Big Miss,Stoke City,0.42787996
3077,Jan Vertonghen,Left Center Back,b8642e57-c11d-4e7e-bb69-28da8eaa6fd1,3754097,1,26,32,1592,-1,Yellow Card,Tottenham Hotspur,0.8
3600,Morgan Schneiderlin,Left Center Midfield,dd471c22-18cb-4e24-8e75-83c93212d266,3754097,2,51,38,3098,1,Wasted Turnover,Manchester United,92.3
18414,Bastian Schweinsteiger,Right Defensive Midfield,08e3c40a-7497-4811-832a-c9e15766f018,3754097,2,68,23,4103,1,Yellow Card,Manchester United,0.6
10956,Eric Dier,Right Center Midfield,adc6358d-d2ad-447a-b769-643559c39992,3754097,2,75,7,4507,-1,Yellow Card,Tottenham Hotspur,0.5
3501,Philippe Coutinho Correia,Left Attacking Midfield,9336c503-7c98-41af-9778-0392e15887dc,3754098,1,23,1,1381,-1,Yellow Card,Liverpool,0.5
7780,Lucas Pezzini Leiva,Center Defensive Midfield,ec519b8a-dfd4-41c6-b270-4577e3064c11,3754098,2,57,34,3454,0,Yellow Card,Liverpool,0.6
3666,Robert Kenedy Nunes do Nascimento,Center Attacking Midfield,a26fd1b5-077b-4478-81e0-a802edcec30a,3754098,2,78,57,4748,-1,Wasted Turnover,Chelsea,84.8
3380,Christian Benteke Liolo,Center Forward,1281cf1d-17e6-45fc-9963-110ce41b5c26,3754098,2,85,40,5140,2,Yellow Card,Liverpool,0.2
3514,James McClean,Right Wing,4fbb88db-f3ca-4b36-8067-5275ed8017b6,3754099,1,15,4,904,0,Yellow Card,West Bromwich Albion,0.2
4884,Pape N''Diaye Souaré,Left Back,770bf696-99d2-4cd8-af05-b08271504509,3754099,1,24,19,1459,0,Yellow Card,Crystal Palace,0.8
3589,Yannick Bolasie Yala,Left Wing,bfdf5720-30df-4d1f-8320-076ffa8997f1,3754099,2,73,12,4392,1,Wasted Turnover,Crystal Palace,92.4
9641,Fraizer Campbell,Center Forward,5a61353b-33f2-490d-a2c7-2de98800ed91,3754099,2,78,24,4704,1,Yellow Card,Crystal Palace,0.2
9649,Jack Colback,Left Back,4a609454-14ad-4bea-bdba-41beddeb321c,3754100,1,16,54,1014,0,Yellow Card,Newcastle United,0.8
3650,Daryl Janmaat,Right Back,8c5f826e-ef0d-4891-b816-e81aef0ac3ac,3754100,1,34,42,2082,0,Yellow Card,Newcastle United,0.8
3057,Jonjo Shelvey,Right Defensive Midfield,54fc123f-9d5f-4ed8-a41d-3a5d7cf386af,3754100,2,51,10,3070,-1,Yellow Card,Newcastle United,0.6
10966,Wes Hoolahan,Left Midfield,2151275b-8c87-4ecb-bd6c-017838877dae,3754101,1,14,56,897,0,Wasted Turnover,Norwich City,87.6
9014,Declan Rudd,Goalkeeper,5df63f9c-1e91-41ea-84e5-19ddbc334a88,3754101,2,87,12,5232,1,Yellow Card,Norwich City,0.5
3567,Georginio Wijnaldum,Left Midfield,30a0ba8f-0af8-4e45-9bd7-48a4bb9d65cd,3754102,1,15,38,938,1,Wasted Turnover,Newcastle United,99.6
3076,Ayoze Pérez Gutiérrez,Right Center Forward,39548b0a-229c-4db9-b773-da218013abea,3754102,1,32,5,1925,1,Selfish Shot,Newcastle United,0.1488938897277725
3576,Martin Olsson,Left Back,0e03a19e-43e6-40b6-9f51-7aed164dd620,3754102,2,54,59,3305,-1,Wasted Turnover,Norwich City,87.8
9649,Jack Colback,Left Center Midfield,468c27ea-bb1e-4503-bcaf-bb5252f1639f,3754102,2,80,39,4850,3,Wasted Turnover,Newcastle United,82.0
3454,Troy Deeney,Right Center Forward,487fb196-8eab-4d70-980a-dcd516c6d2af,3754103,1,9,19,571,0,Wasted Turnover,Watford,97.0
3309,Sebastian Prödl,Right Center Back,3b63f229-3662-4ecd-a257-81f0531deaaa,3754103,1,19,3,1143,0,Yellow Card,Watford,0.8
5458,Odion Jude Ighalo,Left Center Forward,bc0e87c7-8977-4783-8cd3-33c620864e30,3754103,1,24,42,1482,0,Big Miss,Watford,0.3498223
3721,Etienne Capoue,Right Center Midfield,294b098b-68d3-412a-9425-ec37174412f4,3754103,1,31,40,1906,0,Wasted Turnover,Watford,83.5
5458,Odion Jude Ighalo,Left Center Forward,6a2565ce-685c-4c7a-8b0c-fbfb055d75e3,3754103,2,76,31,4600,0,Wasted Turnover,Watford,96.3
3490,James Morrison,Left Center Midfield,97314604-6bb7-41cd-8b07-ca956106ab95,3754105,1,18,19,1104,0,Wasted Turnover,West Bromwich Albion,88.7
9528,Steven Naismith,Left Wing,02a5df7b-2cf6-4034-be84-ad0d84023c2a,3754105,2,63,29,3809,-1,Yellow Card,Everton,0.2
3607,James McCarthy,Right Center Midfield,32c6b2d4-bdd4-4f33-8929-c4f8089dab02,3754105,2,69,11,4151,-1,Yellow Card,Everton,0.5
26696,Arouna Koné,Left Wing,5ebeb6b6-a0b9-4ec7-bc4c-1cd68e919314,3754105,2,76,3,4563,0,Yellow Card,Everton,0.2
11117,Scott Sinclair,Left Wing,4fe7166e-f96f-469c-9a8d-1fb6b15b9d58,3754106,1,7,6,426,0,Big Miss,Aston Villa,0.5595581
11117,Scott Sinclair,Left Wing,f1e2c265-3fdf-4bd8-a84e-9ea5d46ec2cf,3754106,1,31,34,1895,0,Wasted Turnover,Aston Villa,104.0
9638,Jack Grealish,Center Attacking Midfield,dc152366-1a60-4a4a-9585-2ceb6f14ad67,3754106,1,38,54,2334,0,Selfish Shot,Aston Villa,0.1484804082646754
5685,Carlos Alberto Sánchez Moreno,Right Defensive Midfield,9f0b43d4-e9f3-4074-8fb1-1895598a346f,3754106,2,56,22,3382,1,Selfish Shot,Aston Villa,0.1764789757636853
3436,Idrissa Gana Gueye,Left Center Midfield,428daa49-8cb5-410e-b426-c716e0efdc4b,3754107,2,56,44,3418,-1,Wasted Turnover,Aston Villa,80.2
4587,Matteo Darmian,Right Back,a5671565-5dc1-45ad-be56-718e45e51492,3754107,2,83,22,5002,1,Yellow Card,Manchester United,0.8
5198,Diego da Silva Costa,Center Forward,27a961db-05ec-42ed-ae5a-cb467083b349,3754108,1,13,53,833,0,Selfish Shot,Chelsea,0.116990758397313
10783,Lee Cattermole,Right Center Midfield,af6411a8-424e-463e-b6c3-4976543c9453,3754108,2,51,23,3083,-1,Yellow Card,Sunderland,0.5
10955,Harry Kane,Center Forward,d245d1f4-c0d5-4074-b51a-346e115194b7,3754109,1,13,2,795,0,Wasted Turnover,Tottenham Hotspur,90.2
40127,Ryan Mason,Center Attacking Midfield,dcabcd8a-b0e9-4f76-952e-8c0aee414b3a,3754109,2,80,31,4831,3,Wasted Turnover,Tottenham Hotspur,105.3
3237,Sergio Leonel Agüero del Castillo,Center Forward,06865374-9ecd-4f99-b2ba-22aa817d3cce,3754110,1,19,12,1156,0,Wasted Turnover,Manchester City,107.2
19288,Martín Gastón Demichelis,Left Center Back,a0ac7166-852b-4d08-9131-3814a8ee3332,3754110,1,31,22,1882,0,Yellow Card,Manchester City,0.8
3874,Mark Noble,Left Center Midfield,713aae4f-f2e2-4d31-80e0-97f5ff17c1bb,3754110,1,38,17,2297,0,Yellow Card,West Ham United,0.5
3237,Sergio Leonel Agüero del Castillo,Center Forward,3e57505d-ca58-48ad-9d31-7891d5339098,3754110,2,59,43,3586,-1,Wasted Turnover,Manchester City,107.8
3517,Aaron Ramsey,Left Defensive Midfield,105239cb-eac5-48f5-97b0-db1d9383db8f,3754111,1,25,10,1524,-1,Wasted Turnover,Arsenal,104.5
3517,Aaron Ramsey,Left Defensive Midfield,78a2385b-7999-4feb-8f78-2cd91b875c5a,3754111,1,32,31,1953,-1,Wasted Turnover,Arsenal,103.2
3381,Nemanja Matić,Left Defensive Midfield,0c32eef5-b295-488b-bd96-868f503ef3fe,3754111,2,59,30,3570,1,Yellow Card,Chelsea,0.6
5475,John Michael Nchekwube Obinna,Right Defensive Midfield,40d2f968-7280-44bd-a3be-90cd7e93eda3,3754111,2,71,20,4280,1,Yellow Card,Chelsea,0.6
3329,Cédric Ricardo Alves Soares,Right Back,effd71cc-c011-44ac-beb1-5435c688418b,3754112,1,11,6,666,0,Yellow Card,Southampton,0.8
4269,Aleksandar Mitrović,Center Forward,0ba23238-e4d8-4037-8992-6f76f7051a1d,3754112,2,74,47,4487,1,Yellow Card,Newcastle United,0.2
3828,Steven Davis,Right Center Midfield,280beaf3-cc7c-4e21-9842-3d77527c3236,3754112,2,86,15,5175,0,Yellow Card,Southampton,0.5
3629,Sadio Mané,Left Wing,85f1575e-9fc0-404c-a5f3-7404df99b8cb,3754113,1,18,56,1136,0,Big Miss,Southampton,0.52563
3328,James Ward-Prowse,Left Defensive Midfield,9dcd5722-334d-40d1-abb0-53e2e3af87fe,3754113,1,28,41,1721,0,Yellow Card,Southampton,0.6
7153,Jordan Veretout,Right Center Midfield,597c3ec4-dd65-4635-b0bf-e635b2a26b68,3754113,2,69,26,4179,1,Wasted Turnover,Aston Villa,109.8
3828,Steven Davis,Center Attacking Midfield,9780afd1-c0ab-4e1a-9372-9a42534765e9,3754113,2,82,49,4969,0,Wasted Turnover,Southampton,86.7
3693,Damien Delaney,Left Center Back,0ea56b73-e954-49e5-937f-b515b5bc06d4,3754114,1,12,3,723,0,Yellow Card,Crystal Palace,0.8
3464,James McArthur,Right Defensive Midfield,ecb8758f-ab39-4a3a-9590-fe05509a90af,3754114,1,37,16,2246,-1,Wasted Turnover,Crystal Palace,100.2
5198,Diego da Silva Costa,Center Forward,a9bf951d-f6f9-4bd5-8a03-72e498682de3,3754114,2,65,40,3940,2,Wasted Turnover,Chelsea,116.0
3407,Scott Dann,Right Center Back,1f96edf4-7d17-48d2-91c1-451f07e0b3da,3754114,2,79,4,4744,-3,Yellow Card,Crystal Palace,0.8
3504,Ruben Loftus-Cheek,Center Attacking Midfield,2bee41be-beca-4e69-bd50-8f040cb61550,3754115,1,7,3,424,0,Wasted Turnover,Chelsea,89.2
3450,Jordan Ayew,Left Wing,3ac7e77f-deb4-4a12-b125-d944b3ee4953,3754115,1,34,34,2074,-1,Wasted Turnover,Aston Villa,86.8
42701,Kieran Richardson,Left Back,60feb49d-b942-4856-8677-29054daf960f,3754115,2,61,20,3680,-2,Yellow Card,Aston Villa,0.8
3472,Willian Borges da Silva,Right Midfield,371bf887-7d78-4e74-9682-cfff56c15f7f,3754115,2,73,37,4417,2,Yellow Card,Chelsea,0.5
40122,Oscar dos Santos Emboaba Júnior,Right Wing,a2ad9691-bf07-4855-9d3a-c24caf464021,3754116,1,12,3,723,0,Wasted Turnover,Chelsea,83.3
7063,Jefferson Antonio Montero Vite,Left Wing,e278cf5c-a463-4cc9-84f0-b3029c82beb4,3754116,1,22,15,1338,0,Wasted Turnover,Swansea City,96.7
3973,Àngel Rangel Zaragoza,Right Back,21c552a2-6e5f-4b32-ab96-4f83ec62fe93,3754116,1,29,32,1772,1,Yellow Card,Swansea City,0.8
3511,Héctor Bellerín Moruno,Right Back,91465682-e05d-49ee-8c94-a73a72e4ed18,3754117,1,8,19,510,1,Wasted Turnover,Arsenal,87.9
3528,Kieran Gibbs,Left Wing,decb555c-958d-4426-8e1e-2bcb132c535e,3754117,2,65,35,3935,2,Selfish Shot,Arsenal,0.1821372117095279
3604,Olivier Giroud,Center Forward,33b153af-bc33-4ffc-935f-44d4a7230396,3754117,2,73,56,4439,2,Wasted Turnover,Arsenal,91.3
3528,Kieran Gibbs,Left Wing,13df7563-7538-457f-ad33-912ad236319c,3754117,2,79,36,4787,2,Wasted Turnover,Arsenal,94.9
3498,Ignacio Monreal Eraso,Left Back,877ab6a7-72e4-4e13-a2af-2292d3780f06,3754118,1,20,25,1227,1,Wasted Turnover,Arsenal,95.8
3991,Allan Romeo Nyom,Right Back,f506b7f5-c30c-4fbc-9ed3-8b7c6f936124,3754118,2,60,17,3617,-3,Yellow Card,Watford,0.8
4269,Aleksandar Mitrović,Left Center Forward,47f6b616-1c95-41b9-9bb3-34171d05db45,3754119,1,18,14,1094,0,Big Miss,Newcastle United,0.8392974
3076,Ayoze Pérez Gutiérrez,Right Center Forward,0cdf0186-1c85-40d4-9c8c-32194b0daeb6,3754119,1,30,19,1819,0,Wasted Turnover,Newcastle United,82.9
4269,Aleksandar Mitrović,Left Center Forward,85237359-b3bc-4724-8a2d-323b6d3efa68,3754119,2,54,16,3256,-1,Big Miss,Newcastle United,0.45560068
28559,Enner Remberto Valencia Lastra,Left Center Forward,0c91dfc1-de50-42b6-aefe-2546f1c0b484,3754120,2,66,9,3969,-1,Yellow Card,West Ham United,0.2
36983,Juan Carlos Paredes Reasco,Right Back,a6436ec0-79cb-432a-a162-2c5835022183,3754121,2,60,57,3665,0,Wasted Turnover,Watford,99.5
11012,Jonathan Grant Evans,Left Center Back,f2f3aceb-c9ce-4b80-a15f-a025d5f4734e,3754122,1,14,3,843,0,Big Miss,West Bromwich Albion,0.49459335
3325,Marko Arnautović,Left Wing,dc246924-0fce-4c1b-995e-c86de19eeacd,3754122,2,74,55,4495,-1,Yellow Card,Stoke City,0.2
9528,Steven Naismith,Center Attacking Midfield,ddaf4161-9573-473c-9658-0e9e006a6956,3754123,1,25,38,1538,-1,Wasted Turnover,Norwich City,92.0
3286,Nathan Redmond,Right Midfield,1624f223-933a-4941-b0ac-3fefeb5507e7,3754123,2,54,38,3278,-3,Wasted Turnover,Norwich City,103.7
4807,Cameron Jerome,Center Forward,1924875b-b51b-43c3-bd37-dbc7845425fd,3754123,2,63,5,3790,-3,Wasted Turnover,Norwich City,105.2
9528,Steven Naismith,Center Attacking Midfield,4576c241-92b6-43bb-9f84-0d8622f5a73a,3754123,2,68,42,4129,-3,Wasted Turnover,Norwich City,108.7
6821,Jesús Navas González,Right Wing,54b8c681-fce0-4475-b531-630d527ba6e9,3754124,1,35,57,2160,-1,Wasted Turnover,Manchester City,89.3
3472,Willian Borges da Silva,Right Wing,0fa84a1f-546d-4351-82e0-974eee23750c,3754125,1,17,29,1060,0,Wasted Turnover,Chelsea,114.9
3957,César Azpilicueta Tanco,Left Back,e244cedc-b5f4-465b-83b0-9ee8aa24c3d8,3754125,1,32,38,1967,0,Wasted Turnover,Chelsea,108.1
5836,Bryan Oviedo,Right Back,43a209a2-7ae9-4676-9d29-f97ca718217a,3754125,2,63,9,3789,2,Wasted Turnover,Everton,93.4
5198,Diego da Silva Costa,Center Forward,8d7b16fb-842b-4035-bba5-9c884c8817ae,3754125,2,74,54,4494,0,Big Miss,Chelsea,0.4791968
5475,John Michael Nchekwube Obinna,Right Defensive Midfield,7d420eab-c1d9-43cc-9f28-b9569327fe4f,3754125,2,83,40,5020,0,Selfish Shot,Chelsea,0.1351359178785403
4629,José Ramiro Funes Mori,Left Center Back,3efbe293-fd46-472d-9a2d-1740710a830a,3754125,2,91,6,5466,1,Yellow Card,Everton,0.8
3726,Gerard Deulofeu Lázaro,Right Wing,6b4710b2-5f3e-408b-9327-0888c49592f8,3754126,1,16,51,1011,0,Wasted Turnover,Everton,95.7
3437,Francis Joseph Coquelin,Right Defensive Midfield,60ee12ba-2929-4252-95bb-c3f517cda781,3754126,1,24,29,1469,0,Yellow Card,Arsenal,0.6
4724,Glen Johnson,Right Back,7b55e48f-64ff-4ef9-8cdd-2220a111a5f4,3754127,1,29,11,1761,-2,Wasted Turnover,Stoke City,80.7
3603,Mame Biram Diouf,Center Forward,0244e11a-7154-4b52-b72f-2e8a91b46d4f,3754127,2,58,5,3485,-3,Yellow Card,Stoke City,0.2
42901,Osazemwinde Peter Odemwingie,Right Wing,f87859f8-5200-4803-be58-7faa716bacfa,3754127,2,65,37,3937,-3,Wasted Turnover,Stoke City,111.9
3346,Joshua King,Right Center Forward,fff90744-36a5-4e0e-84ce-a79cdc1a42ca,3754128,1,23,20,1400,0,Yellow Card,AFC Bournemouth,0.2
3343,Dan Gosling,Right Center Midfield,a4c9a8d4-3d7b-4364-af66-b3cc7e85b208,3754128,2,79,33,4773,-1,Yellow Card,AFC Bournemouth,0.5
3385,Alexis Alejandro Sánchez Sánchez,Left Wing,01593073-523a-466d-a762-a6811031f2c7,3754129,1,6,43,403,0,Big Miss,Arsenal,0.35746992
3493,Emre Can,Left Center Midfield,61d57250-f3b6-4492-8532-aa7a4303c828,3754129,1,14,51,894,0,Wasted Turnover,Liverpool,108.2
3604,Olivier Giroud,Center Forward,59d2ff39-da70-40b4-bf53-5bf31a4c59fc,3754129,2,54,30,3272,0,Wasted Turnover,Arsenal,104.1
9930,Ryan Bennett,Right Center Back,b196f999-d974-4e88-ba02-22238545ce5d,3754130,2,59,56,3596,1,Yellow Card,Norwich City,0.8
3436,Idrissa Gana Gueye,Right Defensive Midfield,75ee9973-b068-4283-8187-9d5910f92837,3754130,2,75,56,4556,-1,Yellow Card,Aston Villa,0.6
3337,Jermain Defoe,Center Forward,98b6ca59-cf4a-4b3c-9a6a-0757251c0baa,3754132,1,9,15,555,0,Big Miss,Sunderland,0.3059735
3636,Charlie Adam,Center Attacking Midfield,86fccf2d-05a2-4cda-a889-ba106dc3f849,3754132,2,72,55,4375,1,Yellow Card,Stoke City,0.5
2966,Stéphane Sessègnon,Right Midfield,3910b67c-74f4-48bd-93a5-25f8a9136c62,3754133,1,13,17,799,0,Wasted Turnover,West Bromwich Albion,86.2
9578,Jonathan Howson,Left Center Midfield,86593351-43c0-44a8-a46a-85ae990067bc,3754133,1,21,7,1267,0,Yellow Card,Norwich City,0.5
3541,Chris Brunt,Left Back,efa3bb60-886f-4168-ab82-f092413cecb3,3754133,2,71,9,4269,1,Yellow Card,West Bromwich Albion,0.8
3514,James McClean,Left Midfield,de8c4117-7d04-4b2a-bdb5-67f1ac308669,3754133,2,76,50,4610,1,Yellow Card,West Bromwich Albion,0.5
4271,Andy Carroll,Left Center Forward,d6540a39-100b-478d-87b3-a4c13dac42d0,3754134,1,19,2,1142,1,Big Miss,West Ham United,0.38670978
3606,Ander Herrera Agüera,Right Center Midfield,c2e40eb4-2761-4970-befb-defa4284800c,3754134,2,74,37,4477,1,Yellow Card,Manchester United,0.5
3064,David Josué Jiménez Silva,Center Attacking Midfield,48c2db60-4169-41ef-b19a-c33203ea44a2,3754135,1,27,15,1636,-2,Wasted Turnover,Manchester City,87.3
4913,Bojan Krkíc Pérez,Center Forward,c7e01dae-249f-4516-bac5-7914df8ed931,3754135,1,35,29,2129,2,Wasted Turnover,Stoke City,109.9
3325,Marko Arnautović,Left Midfield,94005029-9225-4f4c-85eb-c09a836fc8ca,3754135,1,42,27,2547,2,Big Miss,Stoke City,0.34075055
3090,Nicolás Hernán Otamendi,Left Center Back,b258fe5f-6321-4b21-a3ab-d660b00f3caa,3754135,2,50,31,3031,-2,Yellow Card,Manchester City,0.8
3467,Erik Pieters,Left Back,5138bfa1-7c8b-4f01-8e7d-4721acb9d1cf,3754135,2,76,36,4596,2,Wasted Turnover,Stoke City,95.8
4597,Fabian Delph,Left Defensive Midfield,cb940196-4d14-4729-8382-d56d3be21d65,3754135,2,82,9,4929,-2,Wasted Turnover,Manchester City,90.0
11117,Scott Sinclair,Right Center Forward,dbec7ec2-201a-4779-b8f1-53596d950082,3754136,1,25,33,1536,0,Wasted Turnover,Aston Villa,86.1
3065,Paul Dummett,Left Back,8bf6d31f-4845-41d4-baac-762f35efcd90,3754136,1,40,13,2413,1,Yellow Card,Newcastle United,0.8
20067,Darron Gibson,Center Defensive Midfield,b87bc0fa-8888-4478-bb96-88c5edb491aa,3754137,1,41,34,2494,0,Yellow Card,Everton,0.6
4629,José Ramiro Funes Mori,Left Center Back,88795d02-8fa7-41b3-babe-e26ac677a4b8,3754137,2,67,39,4059,0,Wasted Turnover,Everton,106.2
3685,Jay Rodriguez,Left Center Forward,6850531a-44e8-429c-8884-b84d62a8d6c0,3754137,2,83,42,5022,0,Yellow Card,Southampton,0.2
9593,Lewis Grabban,Center Forward,5f97ae46-e1ea-43a9-aaa4-fa8ff71f0102,3754138,1,9,13,553,0,Big Miss,Norwich City,0.61319286
9463,Alexander Banor Tettey,Center Defensive Midfield,ac37e468-bbe3-4916-99c8-6528ada3692d,3754138,1,22,24,1344,0,Yellow Card,Norwich City,0.6
4804,Bradley Johnson,Left Midfield,de4b039e-8336-430e-85ea-8d56d1814421,3754138,2,50,50,3050,-2,Wasted Turnover,Norwich City,109.0
3085,Glenn Murray,Center Forward,b2287fd9-c707-47e9-a83b-28bb4e291fab,3754138,2,62,2,3724,2,Wasted Turnover,Crystal Palace,95.6
3589,Yannick Bolasie Yala,Right Midfield,d792abdd-18a4-48d4-846b-83b0c246135f,3754138,2,79,36,4785,1,Wasted Turnover,Crystal Palace,93.7
3272,Oriol Romeu Vidal,Left Center Midfield,5fc43208-1baa-4541-b454-735ef9baf126,3754139,1,31,42,1902,0,Yellow Card,Southampton,0.5
16181,Jordy Clasie,Center Defensive Midfield,dfc76bad-0518-430e-842a-6d2c86294eae,3754139,2,63,6,3786,0,Yellow Card,Southampton,0.6
16181,Jordy Clasie,Center Defensive Midfield,437bd833-dfaf-46d3-8a8a-479b030b1b3e,3754139,2,80,0,4801,1,Wasted Turnover,Southampton,84.0
3518,Leighton Baines,Left Back,f2595a56-0eb6-4673-a9c6-d537d0944ec9,3754140,1,14,19,862,0,Wasted Turnover,Everton,81.8
4589,Séamus Coleman,Right Back,26276d6c-4a45-4072-b2b3-26b67f729f7d,3754140,1,34,27,2067,1,Yellow Card,Everton,0.8
3094,Bamidele Alli,Center Attacking Midfield,4309d498-b2d5-4472-8461-69e38f53d26a,3754140,2,77,16,4639,0,Wasted Turnover,Tottenham Hotspur,100.0
3604,Olivier Giroud,Center Forward,6a1382f4-4929-4369-be85-d926deea1a87,3754141,1,21,17,1280,0,Wasted Turnover,Arsenal,100.3
3498,Ignacio Monreal Eraso,Left Back,7abd12d3-b09f-4a17-9214-92472b716b8e,3754141,2,68,9,4089,-2,Yellow Card,Arsenal,0.8
3496,Mesut Özil,Center Attacking Midfield,39a146c3-2e6f-4e5c-996a-d1e701649773,3754141,2,82,44,4967,-2,Wasted Turnover,Arsenal,83.1
3237,Sergio Leonel Agüero del Castillo,Left Center Forward,daa6458f-8a48-4cb5-9219-2178bc3c5983,3754142,2,61,6,3670,0,Wasted Turnover,Manchester City,97.6
9649,Jack Colback,Left Defensive Midfield,c7f285c1-828a-41a7-b31e-c9c969d22769,3754143,1,32,56,1976,0,Yellow Card,Newcastle United,0.6
3089,Kevin De Bruyne,Center Attacking Midfield,4c42ebc4-2886-4480-9b6f-858e2c36078c,3754144,1,5,18,318,0,Wasted Turnover,Manchester City,114.1
3345,Charlie Daniels,Left Back,96603df3-8d0b-4a03-98ab-fbf9d229ddd7,3754144,1,29,55,1795,-3,Big Miss,AFC Bournemouth,0.5614745
16003,Fernando Francisco Reges,Right Center Midfield,3e487b3b-f1d7-4073-95b2-c2bf64e13bdd,3754144,2,73,25,4405,3,Wasted Turnover,Manchester City,84.1
3598,Wilfried Guemiand Bony,Center Forward,c5cc5b23-43ff-4a78-aa98-2f56e5d57f77,3754145,1,19,3,1143,1,Wasted Turnover,Manchester City,107.6
3054,Fernando Luiz Rosa,Left Center Midfield,b984dbe1-6fd9-4173-a12b-4500a70507c6,3754145,2,50,17,3017,2,Yellow Card,Manchester City,0.5
3810,Shinji Okazaki,Right Center Forward,04ed9b44-f9a7-4ace-aa59-ee9aa7b2c59b,3754146,1,8,56,545,0,Wasted Turnover,Leicester City,89.5
10960,Jamie Vardy,Left Center Forward,d2bddaf3-b62a-41a2-b3a0-f16ab948492b,3754146,1,15,55,966,-1,Wasted Turnover,Leicester City,101.9
3662,Danny Drinkwater,Right Defensive Midfield,53c998d1-f523-44b3-8add-9f5e55ea685a,3754146,1,30,2,1802,-2,Selfish Shot,Leicester City,0.1486988737060849
4913,Bojan Krkíc Pérez,Center Attacking Midfield,93401031-81d4-41e7-8205-181de2686b40,3754146,2,70,0,4200,0,Yellow Card,Stoke City,0.5
10955,Harry Kane,Center Forward,01a7302e-e5ac-4c0f-b811-aa090447f53b,3754147,1,12,19,742,0,Wasted Turnover,Tottenham Hotspur,85.8
3310,Tom Carroll,Right Wing,d651a9d8-8306-4370-92c0-aae5e9cb7987,3754147,2,75,26,4526,0,Yellow Card,Tottenham Hotspur,0.2
10503,Billy Jones,Right Back,20320c61-1735-4dff-a600-6b4e4074579a,3754148,1,41,2,2462,0,Yellow Card,Sunderland,0.8
3708,Kelechi Promise Iheanacho,Right Center Forward,66874fbb-8ecf-44ab-b811-b64114f93903,3754149,1,11,43,708,1,Wasted Turnover,Manchester City,111.1
3708,Kelechi Promise Iheanacho,Right Center Forward,672f48ed-5016-4214-a648-7fc556290e2a,3754149,2,51,2,3062,0,Wasted Turnover,Manchester City,112.5
7110,Bacary Sagna,Right Back,a32c1aa7-4e78-4662-b9b2-220d6a7fcdb5,3754149,2,66,50,4010,0,Yellow Card,Manchester City,0.8
4631,Leon Britton,Center Defensive Midfield,e37852a4-2c17-46c0-b733-84e3907c38a4,3754149,2,73,35,4415,0,Yellow Card,Swansea City,0.6
4035,Ryan Shawcross,Right Center Back,0df571de-117c-47a2-8e3e-3dceeb0bc2f2,3754150,1,41,9,2469,0,Yellow Card,Stoke City,0.8
16457,Jeremain Lens,Left Attacking Midfield,86cbcb94-4cef-48f8-bad5-5f13bb5180a4,3754150,2,64,17,3857,0,Selfish Shot,Sunderland,0.1406737302760225
9452,Gary O''Neil,Right Center Midfield,0ee82e9f-4a35-4586-a834-ca59ea764bfd,3754151,2,56,32,3392,0,Yellow Card,Norwich City,0.5
3644,Ashley Williams,Left Center Back,886661b6-cd82-41ef-a785-6728a6f30693,3754151,2,63,50,3831,1,Wasted Turnover,Swansea City,106.5
13846,Jan Kirchhoff,Center Defensive Midfield,723c2e4e-99b8-4566-ae72-1a34f191d59f,3754152,1,7,47,479,0,Wasted Turnover,Sunderland,89.6
7171,Fabio Borini,Right Midfield,b2e9e723-68ca-4729-9687-39737e55ad8b,3754152,2,52,32,3153,0,Wasted Turnover,Sunderland,91.2
3662,Danny Drinkwater,Left Defensive Midfield,0a1d8795-e5f1-46bb-afd7-fa763bb3555e,3754152,2,58,10,3490,0,Selfish Shot,Leicester City,0.2673578596410496
4724,Glen Johnson,Right Back,4a5ed731-c7c8-4780-9b2c-9e699fbd43fa,3754153,1,10,12,612,0,Selfish Shot,Stoke City,0.1598080285379317
4913,Bojan Krkíc Pérez,Center Forward,b5ce1e6f-f46f-4c97-ad4f-2ac0fe43c9dc,3754153,1,24,57,1497,0,Selfish Shot,Stoke City,0.2150742849881044
4913,Bojan Krkíc Pérez,Center Forward,02af1be8-d444-4ef3-aa64-ea0f6621aed2,3754153,2,73,6,4386,-1,Big Miss,Stoke City,0.44325647
3589,Yannick Bolasie Yala,Left Center Forward,60723809-11fb-4dde-97db-b460bbf95ec9,3754153,2,87,18,5238,0,Big Miss,Crystal Palace,0.35557494
42900,Cheik Ismaël Tioté,Right Center Midfield,622917c0-aa11-4119-8bc6-4e821a3bf0d1,3754154,1,20,57,1257,-1,Yellow Card,Newcastle United,0.5
3473,James Philip Milner,Right Center Midfield,1aa27cbb-e3e1-4e2b-ae3d-cbcf9fb97ff8,3754154,2,52,35,3155,1,Yellow Card,Liverpool,0.5
9649,Jack Colback,Left Center Midfield,9cadc531-ab13-45b8-b848-8fc962d62843,3754154,2,65,35,3935,-1,Wasted Turnover,Newcastle United,105.9
4269,Aleksandar Mitrović,Center Forward,61a16ced-ac71-45d6-baf8-1849e1d84c0b,3754154,2,81,14,4874,0,Wasted Turnover,Newcastle United,97.4
3288,Miguel Ángel Britos Cabrera,Left Center Back,cc41d38b-01ac-4768-af6f-bf7138f70342,3754155,1,31,43,1903,1,Yellow Card,Watford,0.8
2966,Stéphane Sessègnon,Right Midfield,27fc96d2-7680-4c33-8957-9b6c2445398e,3754155,2,75,19,4520,-1,Wasted Turnover,West Bromwich Albion,80.7
3454,Troy Deeney,Left Center Forward,a99ce1c4-2135-4313-888d-2f1669a54a78,3754155,2,85,30,5130,1,Yellow Card,Watford,0.2
3814,Riyad Mahrez,Center Attacking Midfield,6ef0a156-f497-4a2f-8d5a-5ac38dc98e8f,3754156,1,38,59,2340,0,Wasted Turnover,Leicester City,96.7
3522,Heurelho da Silva Gomes,Goalkeeper,dbf8614f-7c08-463f-aad7-7114baefc78c,3754156,2,63,52,3832,-1,Yellow Card,Watford,0.5
10960,Jamie Vardy,Center Forward,5fb425be-2500-4691-8264-9f6dee14872a,3754156,2,88,24,5304,1,Wasted Turnover,Leicester City,118.1
3289,Romelu Lukaku Menama,Center Forward,6ea6c4e6-17bd-41d9-8550-5ce6242957b7,3754157,1,8,30,510,0,Wasted Turnover,Everton,91.4
3344,Andrew Surman,Left Center Midfield,a981f73e-63f3-48cb-92e4-dcbf80235130,3754157,1,36,44,2209,-2,Wasted Turnover,AFC Bournemouth,98.3
3595,Manuel Lanzini,Center Attacking Midfield,f97a9768-d66a-4ab9-b72d-87af15fb7ad9,3754158,1,12,23,743,0,Wasted Turnover,West Ham United,84.4
2988,Memphis Depay,Center Forward,512a8cee-dba0-4f42-ba39-c48daf30299a,3754159,2,79,34,4776,2,Wasted Turnover,Manchester United,85.2
7171,Fabio Borini,Right Wing,e6a53284-e359-4e3e-b876-4ac471c7a1f7,3754160,1,9,38,578,0,Wasted Turnover,Sunderland,110.0
3517,Aaron Ramsey,Right Defensive Midfield,4dbd4b44-e321-4ebd-8985-6666143f6f88,3754160,1,28,46,1726,0,Selfish Shot,Arsenal,0.1356344068938137
3658,DeAndre Yedlin,Right Wing Back,5068871c-89e4-4dac-a4cd-c7517c89d116,3754160,2,78,58,4738,-1,Yellow Card,Sunderland,0.8
5458,Odion Jude Ighalo,Right Center Forward,f0304e1f-9a62-4744-9c4a-9354e32486f1,3754161,1,5,33,344,0,Wasted Turnover,Watford,89.2
3991,Allan Romeo Nyom,Right Back,62556027-b65c-4d48-bfcd-561998047157,3754161,1,32,11,1931,-1,Yellow Card,Watford,0.8
4631,Leon Britton,Center Defensive Midfield,20e09c14-8be6-48c8-9a9b-6d56cb523034,3754161,2,61,29,3689,1,Yellow Card,Swansea City,0.6
3462,Jack Frank Porteous Cork,Right Center Midfield,d34b885c-ed6d-4b21-bc56-a3d050e1566c,3754161,2,69,57,4197,1,Wasted Turnover,Swansea City,109.2
6870,José Manuel Jurado Marín,Left Midfield,d7686a77-4489-4d99-a84e-f343063f6732,3754161,2,83,32,5012,-1,Wasted Turnover,Watford,98.6
3608,Simon Francis,Right Center Back,ee07b7b9-d527-40a1-b278-96e8b62d09d9,3754162,2,53,7,3187,0,Selfish Shot,AFC Bournemouth,0.1384106328596653
3304,Harry Arter,Right Center Midfield,b979d44e-cf83-4f61-bda0-0842ace7c97d,3754162,2,83,49,5029,1,Yellow Card,AFC Bournemouth,0.5
3449,Wayne Routledge,Right Wing,a17cb142-dd22-4847-8f31-f58ee4909171,3754163,1,23,26,1407,1,Wasted Turnover,Swansea City,94.5
3944,Gylfi Þór Sigurðsson,Center Forward,36a7c6a0-00a3-48a6-8445-15628199ada7,3754163,2,65,19,3919,1,Yellow Card,Swansea City,0.2
3289,Romelu Lukaku Menama,Center Forward,0461d7f3-a2ed-4c7e-b85a-6a3194607e1c,3754163,2,77,38,4665,-1,Wasted Turnover,Everton,87.0
3272,Oriol Romeu Vidal,Right Defensive Midfield,0ae8122f-d622-445e-b7d1-9622cf28ee36,3754164,1,38,45,2325,0,Big Miss,Southampton,0.44914132
18751,Jack Rodwell,Left Center Midfield,3b566c3a-d5be-4cfd-aa8b-9afe0b4cc57e,3754164,2,59,27,3573,0,Wasted Turnover,Sunderland,103.8
3814,Riyad Mahrez,Right Midfield,55d4a732-0d68-49d2-836c-7ce045d94dfa,3754165,1,38,18,2301,0,Wasted Turnover,Leicester City,108.3
3267,Luis Antonio Valencia Mosquera,Right Back,842be416-5a01-427c-88fb-a2f5172edc16,3754165,2,82,30,4962,0,Wasted Turnover,Manchester United,92.4
3683,Tom Cleverley,Left Center Midfield,8fa1b553-a326-435a-8ea7-95f7302b2b3a,3754166,1,11,38,700,0,Wasted Turnover,Everton,86.0
3726,Gerard Deulofeu Lázaro,Right Wing,d837a6d9-1384-41e0-a808-a2ef4b66aeef,3754166,1,21,17,1285,0,Wasted Turnover,Everton,84.1
7884,Marcin Ryszard Wasilewski,Right Center Back,89a67073-f363-48be-b8ed-c7e0c8879b29,3754166,2,80,53,4853,2,Yellow Card,Leicester City,0.8
3090,Nicolás Hernán Otamendi,Left Center Back,da5045c6-1ad6-46c3-afaa-3fc3d1dc9c8c,3754167,2,66,17,3977,0,Selfish Shot,Manchester City,0.2372834180037461
4807,Cameron Jerome,Center Forward,69e56dc9-2c4e-4835-a5ea-6b98c649bbd1,3754167,2,75,31,4531,-1,Yellow Card,Norwich City,0.2
3629,Sadio Mané,Left Wing,2dd6caa7-7aef-4ef0-8435-e692efb0a0c5,3754168,1,13,44,824,1,Wasted Turnover,Southampton,81.3
4022,Darren Fletcher,Right Center Midfield,8704bb6c-22e9-4e08-9611-a05aa08275ad,3754168,1,26,10,1571,-1,Wasted Turnover,West Bromwich Albion,84.2
40130,Victor Chinedu Anichebe,Center Forward,53f6303d-59a3-4c89-b76b-dba948d5f2e1,3754168,1,40,41,2455,-2,Wasted Turnover,West Bromwich Albion,100.5
3831,Dušan Tadić,Left Wing,1ac1610c-d17d-4576-8bcb-bf8282f00445,3754168,2,71,19,4279,2,Selfish Shot,Southampton,0.3925339630647221
6300,Sebastián Coates Nión,Right Center Back,0119dec1-3e6a-4751-bcca-43000bb59c69,3754169,1,13,56,836,-2,Yellow Card,Sunderland,0.8
10503,Billy Jones,Right Back,546f2dee-b423-4559-ae10-5b04fb1a6c11,3754169,1,22,54,1374,-2,Yellow Card,Sunderland,0.8
3049,Matt Ritchie,Right Midfield,e2ca699c-fd1b-4d84-9974-d6af5c6249fe,3754169,1,30,17,1820,2,Wasted Turnover,AFC Bournemouth,88.4
4746,Younes Kaboul,Left Center Back,68d997d6-18e6-40fd-925a-4231beefaa30,3754169,1,41,44,2504,-2,Yellow Card,Sunderland,0.8
3044,Chancel Mbemba Mangulu,Right Center Back,eca6a11f-7ab0-40a4-b508-dcaefcadda3b,3754170,1,5,59,359,0,Yellow Card,Newcastle United,0.8
19688,Jason Puncheon,Right Wing,dc535b2b-bff2-4548-b5bc-48d88cf1af92,3754170,1,24,23,1477,0,Wasted Turnover,Crystal Palace,117.4
3091,Moussa Sissoko,Center Attacking Midfield,f4c4e8a6-618d-42c5-be98-e9c0a21f4be8,3754170,1,36,30,2199,0,Wasted Turnover,Newcastle United,117.2
9649,Jack Colback,Left Defensive Midfield,eb10fe2d-facd-4081-9e81-543f158d97a9,3754170,2,65,35,3935,1,Yellow Card,Newcastle United,0.6
3589,Yannick Bolasie Yala,Left Midfield,e7892450-ef83-43a7-8bd5-e48fdaec3d91,3754170,2,79,1,4741,-1,Selfish Shot,Crystal Palace,0.3531136115645086
16072,Vurnon Anita,Right Back,c3c8b703-0a60-4843-87c6-cba9cd2404b3,3754170,2,84,30,5070,1,Selfish Shot,Newcastle United,0.1923237504125615
3385,Alexis Alejandro Sánchez Sánchez,Left Wing,f434a7e8-fa7b-4fe7-ba72-a3c99e8bd1f0,3754171,2,77,25,4647,3,Wasted Turnover,Arsenal,99.2
9528,Steven Naismith,Center Attacking Midfield,8aded10c-21d2-44c5-a46a-d3aafb6c471b,3754172,1,11,4,670,0,Wasted Turnover,Norwich City,82.6
3196,Wahbi Khazri,Left Midfield,f3c18ac2-d039-467d-8843-f4bb27a45ee9,3754172,1,31,12,1872,0,Yellow Card,Sunderland,0.5
4808,Andre Wisdom,Right Back,b27f9be3-0d9a-43ef-87cc-0eeb9cb1d438,3754172,1,39,14,2354,0,Yellow Card,Norwich City,0.8
3346,Joshua King,Center Forward,271804e4-f78c-4825-b93f-298334b698ea,3754173,1,12,45,773,0,Wasted Turnover,AFC Bournemouth,89.7
3713,Calum Chambers,Right Center Midfield,b3c79f37-0253-4306-aa36-187f57b5afd9,3754173,2,60,13,3613,1,Yellow Card,Arsenal,0.5
11386,Santiago Cazorla González,Left Center Midfield,0bc33ca0-435b-4703-81d5-cb54fa840f2d,3754174,1,6,20,385,0,Wasted Turnover,Arsenal,104.4
3961,N''Golo Kanté,Right Center Midfield,ec23eec1-dbca-47be-8475-1245840f51c7,3754174,1,17,13,1036,1,Wasted Turnover,Leicester City,117.7
3961,N''Golo Kanté,Right Center Midfield,20fb1e41-f83f-4460-9777-d50a105c94bb,3754174,1,23,17,1398,0,Wasted Turnover,Leicester City,84.8
3511,Héctor Bellerín Moruno,Right Back,d97ac91b-8c87-4a6f-b0fc-d06809c1958b,3754174,1,40,5,2407,1,Wasted Turnover,Arsenal,117.4
3385,Alexis Alejandro Sánchez Sánchez,Left Wing,457cf46d-0e89-4a7d-a3bc-949d0c723077,3754174,2,53,31,3211,1,Selfish Shot,Arsenal,0.1326969038325982
4746,Younes Kaboul,Left Center Back,7c6a8a62-3a31-4327-b107-059ca49ff700,3754175,1,17,40,1060,0,Yellow Card,Sunderland,0.8
10783,Lee Cattermole,Right Center Midfield,eedd6158-9fb0-4ff9-a8a7-977bb4fb61a1,3754175,1,31,31,1891,0,Big Miss,Sunderland,0.30968755
4041,José Salomón Rondón Giménez,Right Center Forward,365207bb-413c-4b00-b00f-87da1caef301,3754175,2,59,20,3560,0,Wasted Turnover,West Bromwich Albion,85.7
3346,Joshua King,Right Center Forward,87700af5-c633-4166-a3b4-206cf38581f3,3754177,1,7,11,431,0,Wasted Turnover,AFC Bournemouth,85.0
3041,Ciaran Clark,Left Center Back,594cbc01-59da-4b04-b1c3-c1095f490fe0,3754178,1,36,39,2199,-1,Big Miss,Aston Villa,0.58242095
6800,Carles Gil de Pareja Vicent,Right Wing,748472a4-c434-4991-ae8d-067f4dca6028,3754178,2,56,50,3416,0,Wasted Turnover,Aston Villa,94.0
3721,Etienne Capoue,Right Defensive Midfield,c8e55c6f-e81d-4790-a991-40502d33b16e,3754178,2,73,19,4399,1,Yellow Card,Watford,0.6
3277,Yohan Cabaye,Right Center Midfield,88aa5336-395e-45b9-813a-da5aae6a8cc3,3754179,1,12,37,771,0,Wasted Turnover,Crystal Palace,84.7
3277,Yohan Cabaye,Right Center Midfield,6216f962-df0f-4790-ab8d-a065aafc55a2,3754179,1,35,56,2156,1,Wasted Turnover,Crystal Palace,97.1
3464,James McArthur,Center Attacking Midfield,5bfa7751-ead0-4ec3-9ebc-0f4831694fcc,3754179,2,60,37,3637,1,Yellow Card,Crystal Palace,0.5
3321,Patrick van Aanholt,Left Back,1990d0cd-a9d9-4da0-b487-d525bcc69e41,3754180,1,28,59,1739,0,Selfish Shot,Sunderland,0.1562860176027184
3347,André Ayew Pelé,Right Wing,b90b8d4d-600a-4b28-9342-0622e9e3c4fe,3754180,2,53,22,3202,1,Yellow Card,Swansea City,0.2
3321,Patrick van Aanholt,Left Back,b99674b3-e452-4d0d-aacf-0f6248cce338,3754180,2,81,14,4874,0,Yellow Card,Sunderland,0.8
3814,Riyad Mahrez,Right Midfield,64bb790b-9035-4aed-a7d5-051bcf410327,3754181,1,17,41,1061,0,Big Miss,Leicester City,0.4010443
10960,Jamie Vardy,Right Center Forward,b6ceed59-5a1a-4acd-9114-79982441e9cf,3754181,2,70,4,4219,1,Wasted Turnover,Leicester City,83.4
3507,Wilfried Zaha,Left Wing,8ad3dd2f-21ca-45eb-8429-691118f54165,3754181,2,80,39,4841,-1,Wasted Turnover,Crystal Palace,91.1
9463,Alexander Banor Tettey,Right Defensive Midfield,9c27ba7d-89d6-49c8-aee0-f11441a0ba05,3754182,1,10,17,617,0,Selfish Shot,Norwich City,0.1325299727158445
3289,Romelu Lukaku Menama,Center Forward,7e94e8cb-ae84-4379-a072-3855c53a0ead,3754182,1,30,39,1839,1,Big Miss,Everton,0.55252
4275,Ross Barkley,Center Attacking Midfield,8d1ea7de-8afc-4584-8b06-6b45f7ca3a18,3754182,2,54,53,3293,0,Wasted Turnover,Everton,96.9
4807,Cameron Jerome,Center Forward,ef2445f0-7511-4823-a7e9-053f6170e09b,3754182,2,69,30,4170,0,Big Miss,Norwich City,0.31096563
3629,Sadio Mané,Center Attacking Midfield,ad3addfd-90ab-4fa6-a294-6f3500dd92e1,3754183,1,35,11,2111,1,Big Miss,Southampton,0.40881008
3496,Mesut Özil,Center Attacking Midfield,66d2a687-7335-45d1-850a-9818ee09551b,3754184,2,84,1,5041,1,Yellow Card,Arsenal,0.5
3612,Ashley Young,Right Wing Back,5d487ed6-ba57-4532-a5dd-11ffeca21da9,3754185,2,73,36,4416,1,Yellow Card,Manchester United,0.8
3307,Marc Albrighton,Left Midfield,794c41a2-b45a-4a46-8fc8-5dd8de4d89d9,3754186,1,5,3,312,0,Wasted Turnover,Leicester City,91.9
3662,Danny Drinkwater,Left Center Midfield,105de94c-984f-4ab2-b39d-745541ef1820,3754186,2,50,14,3026,0,Wasted Turnover,Leicester City,86.7
3043,Christian Dannemann Eriksen,Left Wing,3401644e-b147-4dc5-9e47-014834c30567,3754187,1,41,1,2461,1,Big Miss,Tottenham Hotspur,0.46122453
3094,Bamidele Alli,Center Attacking Midfield,d79834e6-7e51-4a37-8c9e-56965cafc51d,3754188,2,71,13,4273,2,Yellow Card,Tottenham Hotspur,0.5
11062,Graziano Pellè,Center Forward,b9c05b6e-3421-481d-833a-da19926931b3,3754188,2,84,26,5076,-2,Wasted Turnover,Southampton,94.2
3098,Victor Wanyama,Right Defensive Midfield,c6521aef-2019-4cec-8730-724a5871ed90,3754189,1,15,32,944,0,Wasted Turnover,Southampton,92.3
3721,Etienne Capoue,Right Defensive Midfield,cc7582c7-629f-4947-b380-304271b74e1e,3754189,2,65,23,3923,0,Big Miss,Watford,0.44198638
6409,Adam Smith,Right Back,4052bfed-54d5-444e-87bf-5eb1f91eb520,3754191,1,9,48,602,0,Wasted Turnover,AFC Bournemouth,103.7
3098,Victor Wanyama,Right Defensive Midfield,36bd2eef-ae64-4c62-8f3a-fd1ebd3bb5d6,3754191,1,20,50,1250,0,Yellow Card,Southampton,0.6
3608,Simon Francis,Right Center Back,0c9b71ab-8e51-4682-9097-0474518b20ba,3754191,2,56,14,3374,-2,Yellow Card,AFC Bournemouth,0.8
4022,Darren Fletcher,Right Defensive Midfield,3a693ace-388c-4bf8-810e-104e94cfe0d5,3754192,1,36,41,2215,-1,Wasted Turnover,West Bromwich Albion,82.2
4041,José Salomón Rondón Giménez,Center Forward,9d08d6ce-9488-429b-bf1c-f0c894f3473f,3754192,1,42,35,2562,-1,Wasted Turnover,West Bromwich Albion,107.0
3491,Dimitri Payet,Left Midfield,0061b989-1130-4be6-a4e0-6d8493fa88b0,3754192,2,57,47,3473,2,Wasted Turnover,West Ham United,80.1
4022,Darren Fletcher,Right Defensive Midfield,15d28983-d8b5-419a-8ede-86c642410a14,3754192,2,66,23,3985,-2,Wasted Turnover,West Bromwich Albion,97.4
2966,Stéphane Sessègnon,Right Wing,37bd170d-b363-4cd0-9589-7076d7f5ff16,3754192,2,77,59,4680,-2,Wasted Turnover,West Bromwich Albion,85.4
3598,Wilfried Guemiand Bony,Center Forward,35b0d65a-3a37-4fb6-b1af-b7de3c42d0d9,3754193,1,16,5,965,2,Selfish Shot,Manchester City,0.1729212709582883
3344,Andrew Surman,Center Defensive Midfield,3920c9e4-71a5-4335-9f06-66c70a741d0b,3754193,1,32,31,1956,-2,Wasted Turnover,AFC Bournemouth,114.8
3233,Raheem Sterling,Center Attacking Midfield,1bb65f2c-0272-4a39-90f9-6f269050a68c,3754193,2,62,56,3776,3,Big Miss,Manchester City,0.3811497
3607,James McCarthy,Right Defensive Midfield,d30bf732-ca51-4f8f-8791-3de8e6967053,3754194,1,33,0,1980,-1,Yellow Card,Everton,0.6
3065,Paul Dummett,Left Back,f762763b-d283-4859-99d5-b3e95de9006d,3754195,1,5,21,321,0,Wasted Turnover,Newcastle United,94.0
4022,Darren Fletcher,Right Defensive Midfield,1037221a-2190-427c-a025-a4690cb2a2c7,3754195,1,33,8,1991,0,Wasted Turnover,West Bromwich Albion,86.4
3533,Xherdan Shaqiri,Right Wing,e085872a-74ef-45bb-9899-97469b14148d,3754196,1,16,8,968,-1,Wasted Turnover,Stoke City,94.2
3480,Geoff Cameron,Right Back,255623c9-1548-4773-a57b-2acbd6681ce4,3754196,1,39,47,2387,-2,Wasted Turnover,Stoke City,96.8
3325,Marko Arnautović,Left Wing,1642a2b4-0ac9-4383-b8e1-7944961a0417,3754196,2,82,3,4928,-1,Wasted Turnover,Stoke City,106.1
3328,James Ward-Prowse,Left Defensive Midfield,bf583bad-3bc3-4cb8-95b3-f9c8c226a940,3754196,2,87,12,5232,1,Selfish Shot,Southampton,0.1323921465886728
3043,Christian Dannemann Eriksen,Left Wing,a544fd32-98f3-48cb-a87c-a849c3ef2897,3754197,2,64,26,3866,2,Yellow Card,Tottenham Hotspur,0.2
3086,Ben Davies,Left Back,fe6f4685-6438-4b2d-a9d0-b414912f015b,3754197,2,77,36,4669,2,Wasted Turnover,Tottenham Hotspur,86.2
3094,Bamidele Alli,Left Center Midfield,fa4286d7-57fc-4ad4-9ca7-0d2b6c81bcfb,3754197,2,86,59,5219,3,Yellow Card,Tottenham Hotspur,0.5
3594,Danny Rose,Left Back,27bc521f-4c1e-40e8-a15a-e8b26bf95259,3754198,1,22,42,1363,0,Wasted Turnover,Tottenham Hotspur,82.5
3473,James Philip Milner,Right Wing,aeec7e1c-3265-4c07-a4be-8d885ed13012,3754198,1,34,48,2088,0,Yellow Card,Liverpool,0.2
3515,Alberto Moreno Pérez,Left Back,7fba286e-8bfe-4948-ae38-c5a48d325a51,3754198,2,53,23,3203,0,Wasted Turnover,Liverpool,88.0
4346,Gilbert Gianelli Imbula Wanga,Left Defensive Midfield,02e85e0a-9dad-449b-8e4b-7c0cf5e1786f,3754199,1,39,16,2356,-1,Yellow Card,Stoke City,0.6
3316,James Tomkins,Right Back,6b481895-a176-4c5a-8663-072db0cfd576,3754199,2,65,11,3911,0,Wasted Turnover,West Ham United,111.2
3842,Shane Long,Center Forward,3fdda63e-c658-4c18-be57-3d98ef9af447,3754200,1,17,36,1056,0,Wasted Turnover,Southampton,93.9
3329,Cédric Ricardo Alves Soares,Right Wing Back,b92d63d3-e74e-44ff-8bb9-ab4f29a6bcd1,3754200,1,23,4,1384,0,Selfish Shot,Southampton,0.142323608518484
3651,Matt Targett,Left Wing Back,ad44eedb-717a-4f0b-9d82-8913b02f112b,3754200,1,30,2,1808,0,Wasted Turnover,Southampton,102.3
3272,Oriol Romeu Vidal,Left Defensive Midfield,9862404e-2b92-4b03-8bcb-aa2960f0116a,3754200,2,67,47,4067,0,Wasted Turnover,Southampton,90.7
3629,Sadio Mané,Center Attacking Midfield,7f823ae0-d6f7-4f33-9e76-680c23f3635f,3754201,1,7,55,477,0,Wasted Turnover,Southampton,82.0
3629,Sadio Mané,Center Attacking Midfield,244cf88d-8000-4ef2-a410-2d65f7e6b666,3754201,1,40,4,2404,0,Big Miss,Southampton,0.35775807
3385,Alexis Alejandro Sánchez Sánchez,Left Wing,a4f16346-02ed-4dc2-bf98-1475d3cdf022,3754201,2,65,50,3955,0,Wasted Turnover,Arsenal,84.0
4913,Bojan Krkíc Pérez,Center Attacking Midfield,c93145a7-7a60-4ed5-8489-f3fb4eb51429,3754202,1,11,21,681,0,Selfish Shot,Stoke City,0.1783928914246061
5581,Joel Nathaniel Campbell Samuels,Right Wing,1e5428c3-bac7-488f-9d60-c5df547a6aa4,3754202,2,50,22,3032,0,Wasted Turnover,Arsenal,90.9
3517,Aaron Ramsey,Left Center Midfield,d0b816ea-1135-49bb-9813-8916925d72bd,3754202,2,69,5,4147,0,Wasted Turnover,Arsenal,111.9
10960,Jamie Vardy,Right Center Forward,a55b98af-0215-4f98-ad75-1269963fff95,3754203,1,10,4,604,0,Yellow Card,Leicester City,0.2
3814,Riyad Mahrez,Right Midfield,177dc205-c9aa-4453-845b-10c69af36b21,3754203,1,18,42,1122,0,Wasted Turnover,Leicester City,81.9
21254,Carl Jenkinson,Right Back,2978b1e6-d839-4d61-88ed-f4d85a098b41,3754203,1,39,22,2362,-2,Yellow Card,West Ham United,0.8
3810,Shinji Okazaki,Left Center Forward,b829df8f-774c-4004-acfd-1464c8092fbb,3754203,2,53,9,3189,2,Yellow Card,Leicester City,0.2
3962,Diafra Sakho,Center Forward,cd9da7a6-fa31-43e5-8d23-a06b1fdecf61,3754203,2,63,25,3809,-1,Wasted Turnover,West Ham United,112.4
3520,Jeffrey Schlupp,Left Back,2e32e7c4-67bb-4009-a39a-1205ae57e091,3754203,2,72,43,4363,1,Selfish Shot,Leicester City,0.1682600662357438
3814,Riyad Mahrez,Right Wing,36ee3783-04f0-4890-83cc-4a2068c531e6,3754203,2,78,52,4740,1,Wasted Turnover,Leicester City,114.5
11117,Scott Sinclair,Left Wing,0cbc64b1-18b0-44ba-918f-5fd1a6e545bd,3754204,2,73,15,4399,0,Wasted Turnover,Aston Villa,83.1
6800,Carles Gil de Pareja Vicent,Right Wing,e5ceeaa4-afc4-4c7c-9b23-5f3260f7d545,3754204,2,78,37,4717,0,Yellow Card,Aston Villa,0.2
3044,Chancel Mbemba Mangulu,Right Center Back,7212741d-e0ec-4e2b-9304-5f0621640a68,3754205,1,18,15,1095,0,Yellow Card,Newcastle United,0.8
3254,Florian Thauvin,Left Wing,541fcfd0-f03c-4932-b964-6591010ecddb,3754205,1,25,43,1543,0,Yellow Card,Newcastle United,0.2
3668,Theo Walcott,Center Forward,5e47f56d-aa51-439b-9a27-acda680c6629,3754205,1,31,18,1878,0,Big Miss,Arsenal,0.44730178
3650,Daryl Janmaat,Right Back,9c475ee7-7034-4b73-9ea6-0519062ceee4,3754205,1,39,50,2393,0,Wasted Turnover,Newcastle United,98.0
3650,Daryl Janmaat,Right Back,fadfa6a5-b352-4d4b-9cf8-ba586b68d58a,3754205,2,70,41,4245,-1,Wasted Turnover,Newcastle United,98.5
3511,Héctor Bellerín Moruno,Right Back,d9fadef4-23c7-4cc6-b656-2f4eb87e5a84,3754205,2,82,52,4974,1,Wasted Turnover,Arsenal,93.3
3087,Gnégnéri Yaya Touré,Right Defensive Midfield,bc4454af-7ec6-49ab-b7e8-fa5e6e253dd8,3754206,1,12,37,760,0,Wasted Turnover,Manchester City,92.5
3076,Ayoze Pérez Gutiérrez,Left Wing,5d71c886-697f-43bb-8e02-e522291ed34e,3754206,1,22,42,1365,-1,Wasted Turnover,Newcastle United,80.6
3076,Ayoze Pérez Gutiérrez,Left Wing,6a7eb5e0-00ee-44fb-ad20-2cc24a761bcd,3754206,2,55,22,3322,0,Yellow Card,Newcastle United,0.2
3101,Vincent Kompany,Right Center Back,507f36fc-049e-4082-8919-35585f0cf1c2,3754206,2,66,0,3960,0,Yellow Card,Manchester City,0.8
3091,Moussa Sissoko,Center Attacking Midfield,337f59eb-01e8-4663-bd77-68d743ca2df6,3754206,2,71,14,4275,0,Wasted Turnover,Newcastle United,105.3
10966,Wes Hoolahan,Left Wing,9b72a043-dad6-429b-b958-1b7f15a57fbd,3754207,1,13,35,815,-1,Wasted Turnover,Norwich City,101.5
23663,Dieumerci Mbokani Bezua,Center Forward,c8439ca3-034a-4cc8-8dfc-39b00ca1e8d5,3754207,1,30,18,1818,1,Wasted Turnover,Norwich City,84.6
3626,Ben Watson,Left Defensive Midfield,a03e1034-74f4-4a69-b01c-b1f4f3d38a21,3754207,2,66,25,3985,-2,Yellow Card,Watford,0.6
3535,Roberto Firmino Barbosa de Oliveira,Center Forward,7d074d02-d851-4ea9-9779-94d38bf328dc,3754208,2,59,34,3574,2,Big Miss,Liverpool,0.49594823
16003,Fernando Francisco Reges,Center Defensive Midfield,cdbf2c30-fe78-41f2-b4eb-45719a71ee24,3754208,2,64,42,3882,-2,Big Miss,Manchester City,0.36974403
3535,Roberto Firmino Barbosa de Oliveira,Center Forward,3e468a4d-8d90-46d1-9a30-18dda1707c91,3754208,2,70,44,4244,2,Big Miss,Liverpool,0.35010925
10966,Wes Hoolahan,Center Attacking Midfield,36acdfa4-5c89-4888-ac63-bb81f34349b9,3754210,1,16,56,1018,0,Wasted Turnover,Norwich City,81.6
3293,Jesse Lingard,Left Center Midfield,6b5afd53-7e6f-49f5-9f14-e56bc53f7733,3754210,1,26,9,1569,0,Wasted Turnover,Manchester United,89.5
3294,Juan Manuel Mata García,Right Midfield,79042c11-0f99-46b6-a20b-f07f617ab2b5,3754210,2,82,2,4929,1,Wasted Turnover,Manchester United,93.3
3650,Daryl Janmaat,Right Back,351d7c05-dcd7-4e02-9e7f-a669c02ff3cd,3754211,2,56,5,3365,-1,Wasted Turnover,Newcastle United,90.9
20521,Bafétimbi Gomis,Center Forward,eb56e6e7-6e17-451a-9b28-4eabad2b43cb,3754213,1,38,44,2324,0,Big Miss,Swansea City,0.49785027
3605,Sung-Yeung Ki,Right Center Midfield,ba3b6e3a-4837-4d00-ab78-763594049f22,3754213,2,66,27,3987,-1,Yellow Card,Swansea City,0.5
6870,José Manuel Jurado Marín,Left Wing,9d97ebbd-02a7-450c-b273-d060cf67cce0,3754213,2,83,49,5029,1,Wasted Turnover,Watford,103.3
3535,Roberto Firmino Barbosa de Oliveira,Left Center Forward,45b1089c-2636-4c5c-9605-af68b009ab75,3754214,1,6,9,370,0,Wasted Turnover,Liverpool,100.8
3532,Jordan Brian Henderson,Right Center Midfield,bd1cb259-75ff-4667-85a0-61d271b6d608,3754214,1,29,3,1743,2,Big Miss,Liverpool,0.4000357
9533,Leandro Bacuna,Right Midfield,35622843-43c1-4ee8-bf90-283b257de381,3754214,1,41,49,2509,-2,Yellow Card,Aston Villa,0.5
7153,Jordan Veretout,Left Midfield,63f7ae7b-d314-49b7-a3da-85f6ff673ad8,3754214,2,76,27,4587,-6,Yellow Card,Aston Villa,0.5
3043,Christian Dannemann Eriksen,Left Wing,c12c3b1c-977a-41f3-89eb-6bce8dad81ea,3754215,1,13,32,820,0,Wasted Turnover,Tottenham Hotspur,85.6
3596,Gareth McAuley,Right Center Back,ee26dd87-27c6-48c7-a4c1-e9468d9b47f1,3754215,1,27,29,1656,-1,Wasted Turnover,West Bromwich Albion,94.2
3346,Joshua King,Center Forward,e5e06073-0b5f-40e5-aa19-9703e716b547,3754216,1,32,18,1951,0,Wasted Turnover,AFC Bournemouth,80.7
3049,Matt Ritchie,Right Midfield,f6799cf9-688b-417a-a3a3-b8a932a67ee6,3754216,1,41,42,2502,-1,Selfish Shot,AFC Bournemouth,0.2520096380522298
3529,Daniel Andre Sturridge,Center Forward,248edba1-b407-497b-b186-f84aae03bcbf,3754216,2,53,48,3228,2,Wasted Turnover,Liverpool,101.2
3346,Joshua King,Left Center Forward,4f9a5b08-dea9-4794-a55b-ecf35fea2571,3754216,2,84,28,5068,-2,Wasted Turnover,AFC Bournemouth,92.7
40122,Oscar dos Santos Emboaba Júnior,Center Attacking Midfield,2804f4da-f85c-45a5-a26b-1f72a0665e57,3754217,2,62,53,3773,1,Yellow Card,Chelsea,0.5
3713,Calum Chambers,Right Center Back,ee520b45-8989-4473-a809-7eede5ca3218,3754217,2,70,54,4254,-1,Yellow Card,Arsenal,0.8
3381,Nemanja Matić,Left Defensive Midfield,43aef5cf-ebfb-4d95-944c-6dd8b3fe1c3f,3754217,2,80,42,4842,1,Selfish Shot,Chelsea,0.1463729258562517
3507,Wilfried Zaha,Right Midfield,6834e527-4856-42d9-aa12-a2eb0b40eaee,3754218,1,5,53,354,0,Wasted Turnover,Crystal Palace,90.6
15892,Jordon Mutch,Left Midfield,8ca10896-2951-4077-9322-ab0ab68adddf,3754218,2,87,45,5275,1,Wasted Turnover,Crystal Palace,119.6
20074,Artur Boruc,Goalkeeper,bc6e66f6-3689-4b15-8b96-da8808dc85c9,3754219,1,12,50,778,0,Wasted Turnover,AFC Bournemouth,81.4
11012,Jonathan Grant Evans,Left Center Midfield,de00d4ea-53c1-46ef-8fd0-1d8aef715326,3754219,1,38,38,2318,0,Yellow Card,West Bromwich Albion,0.5
4022,Darren Fletcher,Right Center Midfield,48a4dc65-6126-4606-b65a-4ae5409eb359,3754219,2,63,30,3810,-1,Yellow Card,West Bromwich Albion,0.5
3515,Alberto Moreno Pérez,Left Back,f81779d4-4454-4d38-a28d-d0b4f5f1a303,3754220,1,33,0,1985,0,Wasted Turnover,Liverpool,107.8
3473,James Philip Milner,Right Midfield,ed8fe25e-c2a8-42d5-a8e8-d44521937655,3754220,1,39,43,2383,0,Yellow Card,Liverpool,0.5
3944,Gylfi Þór Sigurðsson,Center Attacking Midfield,04b9e54c-7478-4f35-b3cc-ad9168067ec9,3754221,1,24,58,1498,0,Big Miss,Swansea City,0.3407324
2988,Memphis Depay,Left Wing,8c196ccc-deb1-4406-9362-18d453ff87c4,3754221,2,54,48,3290,1,Wasted Turnover,Manchester United,86.5
3538,Wayne Mark Rooney,Center Forward,5bf486a7-e561-46aa-a4e4-2b573d3ec5ba,3754221,2,70,37,4243,-1,Wasted Turnover,Manchester United,111.4
3057,Jonjo Shelvey,Left Center Midfield,6b86c811-19bb-4503-8b0b-34058fa39e71,3754221,2,80,17,4817,1,Yellow Card,Swansea City,0.5
3464,James McArthur,Left Center Midfield,de1b98a7-8341-4314-b5cc-ffde5496b133,3754222,2,55,24,3327,0,Wasted Turnover,Crystal Palace,86.4
3589,Yannick Bolasie Yala,Left Wing,b18bdfa9-8f6b-41fc-b41e-18b703ebea43,3754222,2,61,3,3663,0,Yellow Card,Crystal Palace,0.2
3589,Yannick Bolasie Yala,Left Wing,a17c737c-845c-414d-993c-4c25b82e1ee2,3754223,1,11,26,686,0,Wasted Turnover,Crystal Palace,107.3
3277,Yohan Cabaye,Right Center Midfield,ae44a80b-bd95-42f9-8373-93a1af5410f5,3754223,1,17,1,1021,0,Yellow Card,Crystal Palace,0.5
3448,Martin Kelly,Right Back,48a5a3b6-b459-4263-92c7-6b78df56ed81,3754223,1,25,38,1538,0,Yellow Card,Crystal Palace,0.8
4587,Matteo Darmian,Right Back,10f10317-6ef3-4e5b-a907-4b7d3d3291e5,3754223,2,52,32,3152,0,Yellow Card,Manchester United,0.8
3450,Jordan Ayew,Left Wing,922ccae7-a302-4cdc-b86c-871b1c0895b5,3754224,1,10,11,615,0,Wasted Turnover,Aston Villa,87.8
3605,Sung-Yeung Ki,Left Defensive Midfield,72ebbb44-4d65-4a4f-a5b0-d6cb1f1c2c61,3754224,1,15,22,922,0,Wasted Turnover,Swansea City,90.9
27146,Aly Cissokho,Left Back,3ca4aeda-7e93-4b9a-8781-34443845c1df,3754224,1,26,50,1610,0,Yellow Card,Aston Villa,0.8
3944,Gylfi Þór Sigurðsson,Left Wing,28d81944-2d0c-4d62-8b5f-32a76e162cd6,3754224,2,58,38,3518,1,Yellow Card,Swansea City,0.2
9626,Tommy Elphick,Right Center Back,eeeb1710-589e-4373-a5f6-119f86443ab4,3754225,1,41,46,2506,-1,Yellow Card,AFC Bournemouth,0.8
3967,Claudio Ariel Yacob,Right Defensive Midfield,7a13971a-9c64-4be2-916f-ceafb86ea0d2,3754225,2,61,12,3672,1,Yellow Card,West Bromwich Albion,0.6
3304,Harry Arter,Left Defensive Midfield,3c93690c-5c28-49fd-b6dd-32e33af5f3c1,3754225,2,69,18,4158,-1,Yellow Card,AFC Bournemouth,0.6
3049,Matt Ritchie,Right Midfield,81bdbbae-4434-485f-95e8-dabff0fc3472,3754225,2,76,42,4602,-1,Wasted Turnover,AFC Bournemouth,87.7
3380,Christian Benteke Liolo,Center Forward,59b808e6-c328-4ebb-999a-2eed2d417d5c,3754226,1,18,41,1121,0,Yellow Card,Liverpool,0.2
3535,Roberto Firmino Barbosa de Oliveira,Center Attacking Midfield,bef799bd-0d41-4b3f-8982-4abd0a189c14,3754226,1,36,5,2167,0,Wasted Turnover,Liverpool,94.9
3493,Emre Can,Left Defensive Midfield,40d669b2-e4d2-4d3f-90c9-639d36048bea,3754226,2,56,38,3398,1,Yellow Card,Liverpool,0.6
3515,Alberto Moreno Pérez,Left Back,91d04270-b34d-4871-9800-612d1bfd9ad0,3754226,2,75,58,4558,1,Yellow Card,Liverpool,0.8
3662,Danny Drinkwater,Right Defensive Midfield,998490fe-de3b-4cd5-9d1e-350714d67683,3754227,1,10,25,625,0,Selfish Shot,Leicester City,0.1419040659375431
3963,Victor Moses,Right Wing,86fe4717-af24-48ba-bd6e-c9ec2902b580,3754227,1,15,37,943,0,Wasted Turnover,West Ham United,86.4
3684,Cheikhou Kouyaté,Right Center Midfield,abba56de-d607-4e23-8f80-b980d3503c5a,3754227,1,21,43,1303,-1,Wasted Turnover,West Ham United,105.1
3684,Cheikhou Kouyaté,Right Center Midfield,5e98c828-5ee1-43df-9c37-70921d85ee9b,3754227,2,51,10,3070,-1,Selfish Shot,West Ham United,0.125155725608358
3813,Wes Morgan,Right Center Back,56ce1458-3ab1-4abe-8b1b-63f9f24489fd,3754227,2,76,13,4573,1,Yellow Card,Leicester City,0.8
128704,Emmanuel Emenike,Center Forward,25a6d930-930d-4943-93ae-37195f88a044,3754227,2,90,34,5434,1,Wasted Turnover,West Ham United,99.3
3520,Jeffrey Schlupp,Left Midfield,afd16816-8b95-44b6-92c5-694e33332d7d,3754228,1,20,20,1224,1,Wasted Turnover,Leicester City,88.0
3644,Ashley Williams,Left Center Back,78f2c82c-04e2-412f-b941-364eb0d419d6,3754228,2,71,25,4285,-3,Yellow Card,Swansea City,0.8
40123,Robert Huth,Left Center Back,6dd3d7b5-f386-4047-9370-01abf2480293,3754228,2,80,30,4830,3,Yellow Card,Leicester City,0.8
3478,Francesc Fàbregas i Soler,Right Center Midfield,31cfef44-1d60-4d38-82e9-85cb27e5f648,3754229,1,11,24,685,0,Wasted Turnover,Chelsea,102.1
3665,Andrew Philip King,Center Attacking Midfield,ea806d96-797f-41d7-b5a7-88e4ace344ab,3754229,1,33,1,1981,0,Wasted Turnover,Leicester City,106.1
3810,Shinji Okazaki,Center Attacking Midfield,39d4277b-0dd5-4f95-8d98-325e326f1b51,3754229,2,58,57,3537,0,Big Miss,Leicester City,0.31358355
4747,Divock Okoth Origi,Center Forward,db898c50-6386-4a01-a486-95cc2673fb93,3754230,1,12,24,748,0,Wasted Turnover,Liverpool,89.3
7780,Lucas Pezzini Leiva,Right Center Midfield,b9e7ba06-a9ab-48fa-b7ce-98e65ae850de,3754230,1,19,26,1167,0,Wasted Turnover,Liverpool,94.4
3515,Alberto Moreno Pérez,Left Back,d692154c-de5f-486e-9c41-b6ef63f5b6b7,3754230,1,36,48,2210,0,Wasted Turnover,Liverpool,92.7
3328,James Ward-Prowse,Left Wing,09cb7d60-3ea9-4f32-a615-0498e9f2d075,3754230,2,66,3,3964,0,Wasted Turnover,Southampton,84.8
3473,James Philip Milner,Center Defensive Midfield,347bebdd-2e4c-4867-8e4d-513b131d3eaf,3754230,2,84,51,5091,1,Yellow Card,Liverpool,0.6
3810,Shinji Okazaki,Right Center Forward,22fae260-dd1c-4ec2-bd02-98a70b3df748,3754231,1,13,21,801,-1,Big Miss,Leicester City,0.38894808
3967,Claudio Ariel Yacob,Left Center Midfield,72e0ced2-3564-42ca-9eaa-db6a3079fd06,3754231,1,20,51,1251,1,Wasted Turnover,West Bromwich Albion,87.4
3312,Demarai Gray,Right Midfield,874d4bec-408d-4708-ae19-851249ff1f4f,3754231,2,81,48,4911,0,Wasted Turnover,Leicester City,92.7
9628,James Grant Chester,Left Back,d2b83910-a085-413a-8f96-060c395455b0,3754231,2,87,50,5270,0,Yellow Card,West Bromwich Albion,0.8
3606,Ander Herrera Agüera,Right Defensive Midfield,f69bb949-60a2-4e88-b661-133b534a4e41,3754232,2,62,50,3770,0,Selfish Shot,Manchester United,0.0890377317136075
5458,Odion Jude Ighalo,Right Center Forward,68b5b3fb-f6a8-4ec8-a231-0352084113b5,3754232,2,70,23,4231,0,Wasted Turnover,Watford,99.3
3288,Miguel Ángel Britos Cabrera,Left Center Back,8692afd3-9a9e-4f10-b620-00f173ec1b97,3754232,2,81,30,4890,0,Yellow Card,Watford,0.8
3289,Romelu Lukaku Menama,Center Forward,287740e1-dc1a-4a54-b941-766f2a47d123,3754233,1,8,30,512,0,Wasted Turnover,Everton,95.0
3607,James McCarthy,Right Defensive Midfield,e0d74752-38fe-4656-ac94-598dc36bf188,3754233,1,19,25,1169,0,Wasted Turnover,Everton,88.4
3389,Eliaquim Mangala,Left Center Back,22f14109-cbe1-435a-b3d5-a1326843ab13,3754233,1,41,12,2472,0,Yellow Card,Manchester City,0.8
6821,Jesús Navas González,Right Wing,e45c015e-ebd7-4cf8-b788-96749f12dcdd,3754233,2,55,41,3348,0,Wasted Turnover,Manchester City,85.8
3289,Romelu Lukaku Menama,Center Forward,765065d1-b870-4bc4-b77a-c8b389ef6609,3754233,2,61,55,3716,-1,Wasted Turnover,Everton,108.9
3064,David Josué Jiménez Silva,Center Attacking Midfield,3f82bce3-bf52-481a-8b62-ee372b887908,3754233,2,69,8,4150,1,Wasted Turnover,Manchester City,111.0
3345,Charlie Daniels,Left Back,fed17105-e03f-4a99-9d58-81ff91f6251a,3754234,1,25,19,1522,-1,Wasted Turnover,AFC Bournemouth,99.9
3594,Danny Rose,Left Back,3bf2fe3a-9de7-4894-a398-1d16e654e90f,3754234,1,30,43,1843,2,Yellow Card,Tottenham Hotspur,0.8
20527,Jonas Olsson,Left Center Back,ad20413a-7832-48d6-9620-c898457493d0,3754235,1,17,1,1021,-1,Yellow Card,West Bromwich Albion,0.8
3514,James McClean,Left Midfield,9ca96d6b-3e7b-413e-8257-213017f16e85,3754235,1,25,9,1524,-1,Wasted Turnover,West Bromwich Albion,103.4
4630,Saido Berahino,Left Wing,ee62dc24-64a5-40da-a412-733e0232e9b7,3754236,1,5,23,324,0,Wasted Turnover,West Bromwich Albion,107.0
26699,Emmanuel Adebayor,Right Center Forward,d2111748-b262-40fd-846a-4a8493ad3e44,3754236,1,24,12,1452,-2,Yellow Card,Crystal Palace,0.2
3277,Yohan Cabaye,Right Center Midfield,7ad7b0e1-47e3-4c8a-9865-a20c945801ce,3754236,2,63,1,3781,-2,Yellow Card,Crystal Palace,0.5
9628,James Grant Chester,Left Back,d00d7a00-8a73-4314-bce4-387400fee308,3754236,2,77,43,4663,2,Yellow Card,West Bromwich Albion,0.8
18751,Jack Rodwell,Left Center Midfield,cdb88555-fcb0-4532-ad2e-4216f25678c1,3754237,1,5,46,346,0,Wasted Turnover,Sunderland,111.7
18751,Jack Rodwell,Left Center Midfield,43ddd529-e79f-4a87-97eb-fd533d48e9a2,3754237,1,15,49,949,-1,Yellow Card,Sunderland,0.5
3665,Andrew Philip King,Right Center Midfield,92ab9346-02c6-4b41-9cee-85bd8f3ae35f,3754237,1,30,31,1839,3,Wasted Turnover,Leicester City,89.6
10503,Billy Jones,Right Back,9b30fbca-7403-4e43-99c9-a056b1efec92,3754237,1,41,13,2473,-3,Yellow Card,Sunderland,0.8
4746,Younes Kaboul,Left Center Back,c37fabb1-931c-4711-a90d-6c5698de8445,3754237,2,72,47,4367,-2,Yellow Card,Sunderland,0.8
6300,Sebastián Coates Nión,Right Center Back,febd8718-5825-4ff8-93ff-71940424772c,3754237,2,84,15,5055,-2,Yellow Card,Sunderland,0.8
3304,Harry Arter,Center Attacking Midfield,22a77809-b7cd-46bc-9fe7-46c23e64b841,3754238,2,68,31,4111,-1,Yellow Card,AFC Bournemouth,0.5
6409,Adam Smith,Right Back,f3c59211-4b16-4914-b4a8-5d852f6577cd,3754238,2,81,51,4911,-1,Yellow Card,AFC Bournemouth,0.8
42900,Cheik Ismaël Tioté,Left Center Midfield,31e6d9ec-b2e7-46d0-a7dd-2cb0eed213f2,3754238,2,87,37,5257,1,Yellow Card,Newcastle United,0.5
4751,Michael Carrick,Right Center Back,c7f76c21-8f5b-4835-a977-f8b38e0bf20d,3754239,1,21,26,1286,0,Yellow Card,Manchester United,0.8
3480,Geoff Cameron,Right Center Back,40d3bc44-0d48-4019-8317-989dd65c0612,3754240,2,56,7,3379,-1,Wasted Turnover,Stoke City,80.7
3385,Alexis Alejandro Sánchez Sánchez,Right Wing,fe40f8c0-cb1a-4dc0-b519-0a3d54eda829,3754241,1,42,11,2543,2,Wasted Turnover,Arsenal,83.1
3684,Cheikhou Kouyaté,Right Defensive Midfield,381a5be4-4f9d-4b06-93b3-c873418d309a,3754241,2,74,27,4474,0,Wasted Turnover,West Ham United,103.8
3511,Héctor Bellerín Moruno,Right Back,61df4065-b6c4-4fef-a03a-fb7ed27c6b31,3754241,2,85,1,5107,0,Wasted Turnover,Arsenal,96.8
3463,Junior Stanislas,Right Midfield,9c441571-3b04-479d-bb59-95a0d2801225,3754242,2,65,54,3954,-1,Selfish Shot,AFC Bournemouth,0.1444602254961498
23663,Dieumerci Mbokani Bezua,Center Forward,66f1a106-a662-40b1-8803-0f001e9edcdc,3754243,1,32,28,1948,0,Big Miss,Norwich City,0.45446286
9528,Steven Naismith,Center Attacking Midfield,39485e86-3ace-4471-9d7f-fb43677b2ae8,3754243,2,54,19,3261,1,Wasted Turnover,Norwich City,112.9
3482,James Collins,Right Center Back,150e6bc4-d3d6-4ce4-9c1f-3164d90b118f,3754244,1,22,7,1327,0,Yellow Card,West Ham United,0.8
3286,Nathan Redmond,Right Midfield,32bad362-8c1a-4cea-b5cb-268add1eff45,3754244,2,51,38,3102,0,Wasted Turnover,Norwich City,96.2
3514,James McClean,Left Midfield,ccf5d8df-fa62-4ca0-a290-1a20e152b538,3754245,1,40,24,2427,0,Wasted Turnover,West Bromwich Albion,114.0
43627,Jordi Gómez García-Penche,Center Attacking Midfield,452be200-a7fd-45a6-85ef-10e3d6812964,3754245,2,68,26,4107,-1,Wasted Turnover,Sunderland,92.8
3596,Gareth McAuley,Right Center Back,4d000824-0869-41d6-8104-7fb9826ee3fd,3754245,2,76,49,4620,1,Wasted Turnover,West Bromwich Albion,110.3
7171,Fabio Borini,Left Wing,252ffdb8-0cd7-4494-a24c-89163a989ca9,3754245,2,83,4,4984,-1,Yellow Card,Sunderland,0.2
3237,Sergio Leonel Agüero del Castillo,Center Forward,46577c45-6df2-48fb-95a9-825740995141,3754246,1,8,46,526,0,Selfish Shot,Manchester City,0.1437947355851333
3087,Gnégnéri Yaya Touré,Right Center Midfield,dcbd4fbc-6435-43f3-8800-a04ed94112b4,3754246,2,55,3,3303,1,Selfish Shot,Manchester City,0.129655314014645
3309,Sebastian Prödl,Right Center Back,fde03968-30ee-4457-bb52-91c38d3e23ec,3754246,2,62,38,3758,-2,Yellow Card,Watford,0.8
3831,Dušan Tadić,Left Wing,f7ff8124-49bc-4b47-97ec-49a8e695fcf7,3754247,1,12,8,730,-1,Wasted Turnover,Southampton,81.7
3831,Dušan Tadić,Left Wing,66c14f32-ffc7-4046-beb6-1fdd552c6573,3754247,1,22,19,1339,-1,Wasted Turnover,Southampton,96.8
3328,James Ward-Prowse,Right Defensive Midfield,d62c0326-b8bf-44ac-94bd-e9883bebf0c8,3754247,2,76,41,4601,-1,Yellow Card,Southampton,0.6
9641,Fraizer Campbell,Right Center Forward,ff00c374-5347-4dcf-9f33-bac24846be12,3754248,1,5,16,323,0,Wasted Turnover,Crystal Palace,95.6
3304,Harry Arter,Right Center Midfield,97491db0-8dd4-452f-89be-b91435c3e16f,3754248,1,34,17,2057,0,Yellow Card,AFC Bournemouth,0.5
13248,Eunan O''Kane,Right Center Midfield,8f964c78-3c31-4420-8dbb-a9a0a9ca640a,3754248,2,50,35,3035,0,Selfish Shot,AFC Bournemouth,0.0935993506805179
3450,Jordan Ayew,Right Center Forward,14a667ea-5aa6-4e55-845d-e403a1e21169,3754249,1,29,23,1763,0,Wasted Turnover,Aston Villa,86.5
3583,Ashley Westwood,Right Center Midfield,1e1cf3f1-e0c1-42b6-a843-b2795efc5dd1,3754249,2,51,54,3116,-2,Wasted Turnover,Aston Villa,101.1
42699,Gabriel Imuetinyan Agbonlahor,Left Center Forward,70298498-d121-4548-b587-48f46c23e170,3754249,2,63,39,3823,-3,Wasted Turnover,Aston Villa,90.2
27146,Aly Cissokho,Left Back,70e329be-2eee-4ed0-9e27-2a93e70040b6,3754250,1,6,16,376,0,Wasted Turnover,Aston Villa,82.9
18672,Mark Bunn,Goalkeeper,9b90d7a9-270d-425c-9ca1-bc55341a38f4,3754250,1,13,45,825,0,Yellow Card,Aston Villa,0.5
3450,Jordan Ayew,Right Wing,1d0dd6f7-f110-48a3-99c1-fa6f35e6a7f4,3754250,2,69,21,4164,-1,Wasted Turnover,Aston Villa,97.5
3535,Roberto Firmino Barbosa de Oliveira,Center Attacking Midfield,df48fbb9-da3e-406a-9783-06eeff3e206f,3754251,1,33,50,2030,-1,Big Miss,Liverpool,0.5918036
3349,Michail Antonio,Right Midfield,2d150774-a7cd-4224-b754-c208ecfef252,3754251,2,68,6,4086,2,Big Miss,West Ham United,0.51543957
3057,Jonjo Shelvey,Left Defensive Midfield,e88e6421-6a57-4aa9-8cb9-cf19a13fbda0,3754252,2,60,13,3613,-1,Yellow Card,Newcastle United,0.6
4589,Séamus Coleman,Right Back,6c12d82a-5641-4910-b51b-f5e22e1063ae,3754252,2,72,56,4376,1,Yellow Card,Everton,0.8
6631,Mathieu Flamini,Right Defensive Midfield,7142f7d0-1e15-4511-aaf8-ceec8b7af949,3754253,1,7,29,449,0,Yellow Card,Arsenal,0.6
3498,Ignacio Monreal Eraso,Left Back,3fb5ef90-c366-4ebc-8833-83dfe1f59c57,3754253,1,29,2,1743,2,Wasted Turnover,Arsenal,97.6
6746,Gabriel Armando de Abreu,Right Center Back,5bca742a-ec15-4d62-b5ad-64f4daad4b38,3754253,2,59,10,3557,2,Wasted Turnover,Arsenal,110.6
3437,Francis Joseph Coquelin,Right Wing,9af699b6-7790-44f3-91ab-bb3aaddc3c6a,3754253,2,74,21,4470,2,Wasted Turnover,Arsenal,84.7
3294,Juan Manuel Mata García,Right Wing,d7719aad-0574-4a28-8452-1320023142b0,3754254,1,24,58,1506,0,Wasted Turnover,Manchester United,93.9
42899,Gabriel Antoine Obertan,Right Wing,fd2f7c95-7a60-4d24-a47e-2e7029943145,3754254,2,56,17,3377,0,Yellow Card,Newcastle United,0.2
4090,Adam David Lallana,Left Center Midfield,e9205e5b-a13e-4e3b-8062-a3839ce5442e,3754255,2,79,15,4755,-1,Big Miss,Liverpool,0.40647033
4589,Séamus Coleman,Right Back,493cb0f1-486c-4414-bd8d-47746ea33c4c,3754256,1,21,36,1296,-1,Yellow Card,Everton,0.8
3289,Romelu Lukaku Menama,Center Forward,b4ca7329-a2fd-4edb-a558-c05316d6c8bd,3754256,1,29,39,1779,-2,Big Miss,Everton,0.3005838
3293,Jesse Lingard,Right Wing,2da74422-f269-4bb8-8ed4-6094d3e8d3bc,3754256,2,76,18,4578,3,Wasted Turnover,Manchester United,101.1
3469,Bakary Sako,Right Wing,b542899c-f21a-435b-9b77-98a99dbf3a00,3754257,1,5,23,325,0,Wasted Turnover,Crystal Palace,80.7
3087,Gnégnéri Yaya Touré,Right Center Midfield,032b3bc0-2f50-4c1f-93f8-2c39778f9065,3754257,1,25,24,1524,0,Yellow Card,Manchester City,0.5
6821,Jesús Navas González,Right Wing,a841c8a7-78cf-4d10-ac5b-5a305faa626e,3754257,2,50,16,3016,0,Big Miss,Manchester City,0.95396
3389,Eliaquim Mangala,Left Center Back,eb2e8e11-d00a-4dc7-90f9-2d0434f3a6c0,3754257,2,80,15,4815,0,Yellow Card,Manchester City,0.8
3090,Nicolás Hernán Otamendi,Left Center Back,4be4f390-9a2e-49d7-9533-6ece1f1520ff,3754258,1,38,33,2313,0,Yellow Card,Manchester City,0.8
3089,Kevin De Bruyne,Left Wing,932172da-988a-4df1-a5b1-2bc77bee4a3f,3754258,2,65,8,3908,0,Big Miss,Manchester City,0.6067129
3101,Vincent Kompany,Right Center Back,504b1165-955d-477a-9f52-6acf294078aa,3754258,2,76,3,4572,0,Wasted Turnover,Manchester City,110.4
20521,Bafétimbi Gomis,Right Center Forward,da209e9e-0d09-42b5-9b90-614b92ed76ff,3754259,1,16,38,1002,0,Wasted Turnover,Swansea City,91.4
3316,James Tomkins,Right Back,061bc912-16af-47a1-b02a-c80e61bc2897,3754259,2,55,4,3306,0,Wasted Turnover,West Ham United,97.3
20521,Bafétimbi Gomis,Right Center Forward,1188eb45-154a-4d6a-a9e0-013cf9ba367a,3754259,2,64,5,3845,0,Wasted Turnover,Swansea City,98.0
21254,Carl Jenkinson,Right Midfield,4c15ddae-5ab3-4e4d-a3ae-b8ec08b865eb,3754259,2,86,42,5202,0,Yellow Card,West Ham United,0.5
4597,Fabian Delph,Left Defensive Midfield,1dd7e6ce-5ead-4446-86a7-d2746883b09a,3754260,1,5,26,326,0,Wasted Turnover,Manchester City,84.1
3693,Damien Delaney,Left Center Back,f36996e9-06fe-4e5a-8954-2c7be838b926,3754260,1,23,50,1430,-1,Big Miss,Crystal Palace,0.47019944
3237,Sergio Leonel Agüero del Castillo,Left Center Forward,966670fd-f0bb-48fb-99d3-11b5fe48cc58,3754260,2,55,56,3357,2,Wasted Turnover,Manchester City,82.2
3237,Sergio Leonel Agüero del Castillo,Center Forward,c193ddac-7be4-442f-8d44-ae6a248908a7,3754260,2,61,18,3682,2,Wasted Turnover,Manchester City,109.5
3517,Aaron Ramsey,Left Defensive Midfield,6b9b5942-b7e2-4921-9cd6-a9fdd8e9577e,3754261,2,76,29,4604,0,Wasted Turnover,Arsenal,100.4
3569,Daniel Nii Tackie Mensah Welbeck,Right Defensive Midfield,e9eb8c1f-7d93-4c65-a78c-6d42fecb6371,3754261,2,86,3,5163,0,Big Miss,Arsenal,0.3739208
3344,Andrew Surman,Right Defensive Midfield,33c4e914-c910-4c9d-9e10-6f657a6409ec,3754262,2,66,45,4005,1,Selfish Shot,AFC Bournemouth,0.1730879829881556
3583,Ashley Westwood,Left Defensive Midfield,73339853-2f54-4093-b4cc-06538bf7c0e1,3754262,2,77,40,4661,-2,Wasted Turnover,Aston Villa,93.7
10960,Jamie Vardy,Center Forward,2de9d9b9-5f4d-4860-8b9a-54c3ae04f4b6,3754263,1,19,25,1173,0,Wasted Turnover,Leicester City,86.1
3594,Danny Rose,Left Back,728a24bc-a2ef-4df3-86e6-a7bd95d69028,3754265,1,9,35,578,0,Wasted Turnover,Tottenham Hotspur,96.8
3205,Kyle Walker,Right Back,2f50bc68-7097-472f-9b7b-0cda0632f484,3754265,1,19,42,1183,0,Wasted Turnover,Tottenham Hotspur,97.6
3498,Ignacio Monreal Eraso,Left Back,9df7e3b1-113f-4afe-a9b0-909547173638,3754265,1,28,39,1728,0,Wasted Turnover,Arsenal,97.3
3385,Alexis Alejandro Sánchez Sánchez,Left Wing,10cdb5a4-de3d-4044-889a-67af81395c51,3754265,1,38,18,2298,-1,Big Miss,Arsenal,0.39932612
3094,Bamidele Alli,Left Defensive Midfield,50fb4ebf-2ca6-4b01-96b2-b176df76d4fa,3754265,2,63,5,3785,1,Wasted Turnover,Tottenham Hotspur,106.1
43695,Brede Hangeland,Left Center Back,35d968d0-3e69-4b4d-b9ee-076fb046fd2b,3754266,1,12,32,752,0,Big Miss,Crystal Palace,0.31376508
3721,Etienne Capoue,Right Center Midfield,de17149e-2872-43c8-868c-fdad68e856d3,3754266,1,21,51,1312,0,Wasted Turnover,Watford,99.2
43081,Almen Abdi,Right Midfield,9ca893ed-c0d0-4a03-8bca-39b922ddf57b,3754266,1,38,39,2319,0,Yellow Card,Watford,0.5
3469,Bakary Sako,Center Attacking Midfield,0df79cd7-051b-4dda-a83e-105da262abd7,3754266,2,58,38,3531,0,Wasted Turnover,Crystal Palace,91.2
6870,José Manuel Jurado Marín,Left Midfield,aadc9007-633f-4dc8-bbae-29092795a144,3754266,2,69,51,4191,0,Yellow Card,Watford,0.5
5540,Valon Behrami,Left Defensive Midfield,b2aa8c58-1e9a-4c2f-be70-404d3d2b7a50,3754267,1,7,14,435,0,Wasted Turnover,Watford,105.4
5458,Odion Jude Ighalo,Center Attacking Midfield,ab1d169b-04d2-4186-9658-6ea25cce1d5f,3754267,1,13,11,795,0,Wasted Turnover,Watford,98.7
20527,Jonas Olsson,Left Center Back,36afd4f8-6eac-4f67-a91f-e5d434381247,3754267,1,30,46,1846,0,Yellow Card,West Bromwich Albion,0.8
3263,Craig Cathcart,Left Center Back,38ecd8da-7a02-4ef0-a703-532103c9873c,3754267,1,36,49,2215,0,Wasted Turnover,Watford,88.2
40124,Rickie Lambert,Right Center Forward,69c53fd1-3ac4-4f01-999c-5b948e6fa07b,3754267,2,65,23,3923,0,Yellow Card,West Bromwich Albion,0.2
4630,Saido Berahino,Left Center Forward,f4d2166f-5ab8-4f2e-a5a5-10b0ce5e1da6,3754267,2,79,25,4765,0,Big Miss,West Bromwich Albion,0.41949457
10955,Harry Kane,Center Forward,7d9bedaf-660b-45ff-8296-b8f24452e0d1,3754268,1,15,17,919,0,Wasted Turnover,Tottenham Hotspur,101.2
10955,Harry Kane,Center Forward,7de9bff5-cde2-4908-a665-af7e81cda2c7,3754268,1,22,51,1371,0,Big Miss,Tottenham Hotspur,0.44638813
3057,Jonjo Shelvey,Left Center Midfield,f02d1630-c28b-4b09-9fb2-a42e500ca96a,3754269,1,13,51,831,-1,Selfish Shot,Swansea City,0.1330179390747781
3057,Jonjo Shelvey,Left Center Midfield,aba36159-b8b2-47c3-8d79-8b31036f6802,3754269,1,23,35,1415,-1,Wasted Turnover,Swansea City,83.2
3057,Jonjo Shelvey,Left Center Midfield,53e3c0bc-a24e-4730-b48f-e0c8dcb9c342,3754269,2,55,34,3334,-1,Yellow Card,Swansea City,0.5
3533,Xherdan Shaqiri,Right Wing,6952a26c-4347-4f94-a6b6-3b259e79d401,3754269,2,64,40,3880,1,Yellow Card,Stoke City,0.2
40127,Ryan Mason,Left Center Midfield,b1f08723-53a3-4f9d-becd-008219ac4587,3754270,1,17,54,1074,0,Selfish Shot,Tottenham Hotspur,0.135552767245766
3205,Kyle Walker,Right Back,dc26ef87-15c7-4789-8c5a-a4645f04e600,3754270,1,23,3,1383,1,Yellow Card,Tottenham Hotspur,0.8
6560,Marc Muniesa Martínez,Left Center Back,94d48ec4-95fc-448e-a6f4-6c882729c6ff,3754270,2,72,43,4363,-2,Yellow Card,Stoke City,0.8
3288,Miguel Ángel Britos Cabrera,Left Center Back,36b7e80e-e55a-4caf-a645-cfa7b8426666,3754271,1,9,9,553,0,Wasted Turnover,Watford,83.9
3626,Ben Watson,Center Defensive Midfield,8b00eadb-3aef-447c-9eea-8cba63ff6cd6,3754271,1,16,9,972,0,Wasted Turnover,Watford,89.5
5458,Odion Jude Ighalo,Left Center Forward,6612cb24-f68d-4eec-990e-09c1abe0641b,3754271,1,27,25,1645,0,Wasted Turnover,Watford,107.5
3091,Moussa Sissoko,Right Attacking Midfield,72d49577-74a7-422d-a60c-953393a76ee6,3754271,1,36,46,2215,0,Wasted Turnover,Newcastle United,94.3
3288,Miguel Ángel Britos Cabrera,Left Center Back,36ffd80d-d0d6-4172-895a-df3644e5b2dd,3754271,2,67,11,4031,2,Yellow Card,Watford,0.8
3644,Ashley Williams,Left Center Back,94b21f7e-7004-4b2c-923f-baa9db3ab812,3754272,1,20,51,1251,-1,Yellow Card,Swansea City,0.8
9625,Glenn Whelan,Right Defensive Midfield,b1593143-23cf-45f3-80bd-78495ac56ee7,3754272,1,39,50,2390,1,Selfish Shot,Stoke City,0.1461449773282368
3944,Gylfi Þór Sigurðsson,Center Attacking Midfield,81a86144-3c52-4829-87fc-6cb75e127704,3754272,2,66,42,4003,-2,Wasted Turnover,Swansea City,82.2
5458,Odion Jude Ighalo,Center Forward,f3d75878-6514-4f99-b26e-13ca890119c1,3754273,1,7,9,429,0,Wasted Turnover,Watford,105.1
3721,Etienne Capoue,Left Defensive Midfield,d70d29e5-a5d4-4fac-ac5c-83bb441e5171,3754273,1,39,49,2389,1,Yellow Card,Watford,0.6
3049,Matt Ritchie,Right Midfield,a4e805a8-5492-4e27-9982-e13d23642433,3754274,2,65,20,3920,-2,Big Miss,AFC Bournemouth,0.42984185
3344,Andrew Surman,Right Center Midfield,c2f6c267-2e82-47ef-835e-9080ee971c89,3754274,2,73,3,4383,-2,Yellow Card,AFC Bournemouth,0.5
3346,Joshua King,Right Center Forward,c2a3ad9c-e194-462f-96b2-30d72e0c87ff,3754274,2,78,22,4705,-2,Wasted Turnover,AFC Bournemouth,98.2
3608,Simon Francis,Right Center Back,a93702f2-e232-4723-a6d5-aeee0417b19a,3754274,2,83,37,5017,-2,Yellow Card,AFC Bournemouth,0.8
3662,Danny Drinkwater,Right Defensive Midfield,c1876021-b322-4de6-bf54-01813fc74943,3754275,2,69,27,4180,1,Wasted Turnover,Leicester City,117.1
3310,Tom Carroll,Left Defensive Midfield,a8b8c09e-d9fb-448f-827c-4b01a4697586,3754276,2,66,59,4019,1,Yellow Card,Tottenham Hotspur,0.6
3076,Ayoze Pérez Gutiérrez,Center Attacking Midfield,c9e34f7a-492c-4f9b-8947-6a31cc9efed8,3754276,2,79,24,4764,0,Yellow Card,Newcastle United,0.5
4317,Kevin Mirallas,Left Wing,af393ccb-fce9-48bf-82fc-5c175f2b2324,3754277,1,15,9,909,1,Yellow Card,Everton,0.2
4317,Kevin Mirallas,Left Wing,985e134d-7e5a-4954-b63d-3dcda7109c5c,3754277,1,24,18,1458,1,Selfish Shot,Everton,0.1858459305205339
3442,El-Hadji Baye Oumar Niasse,Left Midfield,03738549-072f-4aea-bab0-b7c350de81e9,3754277,2,84,21,5066,0,Wasted Turnover,Everton,114.5
3646,Marc Pugh,Left Midfield,208cb2bd-505e-4738-8e29-343e170a5803,3754278,1,12,33,764,0,Wasted Turnover,AFC Bournemouth,89.2
3049,Matt Ritchie,Right Midfield,995aaafe-65cd-4db5-aca7-a2c0f9c9607f,3754278,2,55,34,3339,0,Wasted Turnover,AFC Bournemouth,98.4
40118,Ikechi Anya,Right Midfield,f8aefc03-81eb-40ca-aa0e-0f876543f81c,3754278,2,67,38,4058,0,Big Miss,Watford,0.33469117
9578,Jonathan Howson,Left Center Midfield,b420f72d-110c-40b7-ae1b-7be890c221e0,3754280,1,12,15,735,-1,Yellow Card,Norwich City,0.5
9930,Ryan Bennett,Right Center Back,83c95f97-c35d-429c-8489-0d2745b7a845,3754280,1,38,21,2301,-1,Yellow Card,Norwich City,0.8
3311,Daley Blind,Left Center Back,7205e2ce-41d0-4dd1-a2b3-c4ac0cbe96a7,3754281,2,62,29,3749,1,Yellow Card,Manchester United,0.8
9533,Leandro Bacuna,Right Wing,950f9325-77e9-4ef9-b6dd-6d403a2cf724,3754282,1,27,17,1637,-1,Wasted Turnover,Aston Villa,101.4
3583,Ashley Westwood,Center Defensive Midfield,aac5900e-86a8-4ebe-9619-15f7a2bcdba4,3754283,2,57,11,3441,-3,Wasted Turnover,Aston Villa,89.6
30702,Brendan Joel Zibusiso Galloway,Left Back,281b333b-d2c3-4b1e-a2cb-e59a60d79067,3754283,2,76,47,4607,4,Big Miss,Everton,0.31015974
3517,Aaron Ramsey,Left Defensive Midfield,dfd47be6-4916-4e9c-b660-3863a2c4709f,3754284,1,8,55,535,1,Selfish Shot,Arsenal,0.21789930431462
3596,Gareth McAuley,Right Center Back,a7ad5981-d580-4fd7-8b2e-ba432604f0f9,3754284,1,40,39,2439,-2,Yellow Card,West Bromwich Albion,0.8
19362,Rudy Gestede,Right Center Forward,e37dd57b-92d7-44c5-a41a-f0ebad6bbb4e,3754285,1,27,26,1646,0,Wasted Turnover,Aston Villa,107.2
9463,Alexander Banor Tettey,Center Defensive Midfield,1787eeef-c6ef-4f86-81d5-cc4ef6997776,3754286,1,28,42,1722,0,Yellow Card,Norwich City,0.6
10967,Robert Brady,Left Midfield,3064d137-4d4a-467e-8e98-ffa0760d34fc,3754286,2,64,40,3882,-1,Wasted Turnover,Norwich City,105.2
3957,César Azpilicueta Tanco,Left Back,bbf33177-fbc1-46bb-bf33-1f9e0f4b09e4,3754287,1,6,9,369,0,Selfish Shot,Chelsea,0.1815725642652683
3454,Troy Deeney,Left Center Forward,c619f246-75a9-4125-a790-913811111a97,3754287,1,28,19,1704,0,Wasted Turnover,Watford,83.1
3721,Etienne Capoue,Right Center Midfield,d4c2beb6-ff0d-44ff-92ad-aaf5b07891b5,3754287,2,55,2,3302,0,Selfish Shot,Watford,0.109203296107024
3478,Francesc Fàbregas i Soler,Center Attacking Midfield,7315f449-71d2-44c2-b913-4908ae8d1461,3754288,1,12,10,735,0,Wasted Turnover,Chelsea,110.6
3957,César Azpilicueta Tanco,Left Back,6c612308-5def-40f1-b724-bc2a9d0fb7af,3754288,1,23,29,1409,-1,Yellow Card,Chelsea,0.8
3874,Mark Noble,Right Defensive Midfield,7cf97be5-0ab8-4757-97cb-ea782d9f0b8b,3754288,2,65,20,3920,0,Wasted Turnover,West Ham United,83.1
3684,Cheikhou Kouyaté,Left Defensive Midfield,5dbe518e-634e-4eee-b08a-818952a82b9c,3754288,2,73,31,4411,0,Yellow Card,West Ham United,0.6
3302,Nordin Amrabat,Right Midfield,ce7e044b-45d3-4acf-8071-38fa05495b1c,3754289,1,28,45,1725,0,Yellow Card,Watford,0.5
3306,Nathan Aké,Left Center Back,4e637b2e-ae43-4b14-9f3b-64f9907581a0,3754289,2,57,25,3445,-1,Yellow Card,Watford,0.8
3812,Christian Fuchs,Left Back,b5ff61ea-2a11-4bcf-bc36-af7270f2d423,3754289,2,73,23,4403,1,Yellow Card,Leicester City,0.8
3810,Shinji Okazaki,Right Center Forward,08a47f72-ab2f-4d34-aa38-4ba30610c7e2,3754290,1,7,38,458,1,Wasted Turnover,Leicester City,106.8
3813,Wes Morgan,Right Center Back,ce65989c-3d21-4787-9a1b-02d9a438708a,3754290,1,35,38,2138,1,Yellow Card,Leicester City,0.8
3054,Fernando Luiz Rosa,Left Center Midfield,fffc8569-f2ff-470e-b902-23d02096d4ae,3754290,2,81,4,4868,-3,Wasted Turnover,Manchester City,96.8
6870,José Manuel Jurado Marín,Left Midfield,0bf634f4-11df-400c-810e-e0f9a739759d,3754291,1,23,37,1417,-1,Wasted Turnover,Watford,86.1
20005,Toby Alderweireld,Right Center Back,95c5b1cc-5ef2-4924-a43e-fd8ad9205ca5,3754291,2,80,22,4822,0,Yellow Card,Tottenham Hotspur,0.8
3454,Troy Deeney,Right Midfield,9a4a68af-30aa-4530-9904-4c303a1d6cc1,3754291,2,86,26,5186,0,Wasted Turnover,Watford,82.3
3650,Daryl Janmaat,Right Back,4d26b1d2-c4df-466e-bbc5-7b6429ce846a,3754292,2,67,51,4078,1,Wasted Turnover,Newcastle United,106.9
3636,Charlie Adam,Right Center Midfield,dc00080a-c1e6-44b4-99d7-59bc70dd2572,3754293,1,30,4,1804,0,Wasted Turnover,Stoke City,89.1
4724,Glen Johnson,Right Back,3fd1dff1-23a4-48d1-8ab2-34564c765d7e,3754293,2,88,6,5286,1,Yellow Card,Stoke City,0.8
4317,Kevin Mirallas,Right Wing,694d640e-d986-419a-9091-6eb82ef34f9d,3754294,1,18,51,1131,0,Selfish Shot,Everton,0.1127365099488841
4275,Ross Barkley,Center Attacking Midfield,8a892163-5970-4763-9924-9d277f6fc775,3754294,1,35,55,2155,0,Wasted Turnover,Everton,105.2
3953,Aaron Lennon,Left Wing,d5c7a020-9314-4d3a-b06a-fcba3f1c9e0a,3754294,1,40,59,2459,0,Yellow Card,Everton,0.2
3289,Romelu Lukaku Menama,Center Forward,0363c430-f775-4b26-8911-77a84705be89,3754294,2,56,20,3384,-2,Wasted Turnover,Everton,92.2
9642,Alan Hutton,Right Back,ee46cdfc-e6c8-41fb-9fc8-d34b760c4675,3754295,1,19,17,1158,0,Wasted Turnover,Aston Villa,105.9
2988,Memphis Depay,Left Midfield,fc480e90-305b-47af-afbb-ea9e5072d2ab,3754295,1,26,50,1616,0,Wasted Turnover,Manchester United,106.3
11117,Scott Sinclair,Right Wing,ec222e41-f0f3-40cf-99b2-e03dab103f28,3754295,1,40,48,2449,-1,Wasted Turnover,Aston Villa,80.8
42701,Kieran Richardson,Left Wing,7629831d-7dcf-49ac-98dd-add3e2d6b9f6,3754295,2,63,55,3835,-1,Yellow Card,Aston Villa,0.2
2988,Memphis Depay,Left Midfield,cd2f1785-319e-4acc-8535-1f580f48fdfb,3754295,2,81,14,4882,1,Wasted Turnover,Manchester United,80.9
3394,Laurent Koscielny,Left Center Back,9c095fc6-60f4-4bb6-9e48-934e13ecc895,3754296,1,21,37,1303,0,Wasted Turnover,Arsenal,91.3
3523,Craig Dawson,Right Back,dc9fa10b-e979-47f6-be9c-09d2d65dcb6b,3754297,1,42,33,2553,0,Yellow Card,West Bromwich Albion,0.8
3462,Jack Frank Porteous Cork,Right Defensive Midfield,81153113-0acc-45ff-8a96-285f0e1a1dce,3754298,1,19,13,1153,0,Wasted Turnover,Swansea City,119.0
3462,Jack Frank Porteous Cork,Right Defensive Midfield,a8445c6a-8a01-4c18-8191-b79a2722c8ee,3754298,1,43,22,2602,0,Yellow Card,Swansea City,0.6
3633,Gareth Barry,Left Defensive Midfield,cfc4b87d-5517-434f-b0b6-8a3d62a2e27a,3754298,2,55,44,3344,0,Yellow Card,Everton,0.6
3057,Jonjo Shelvey,Left Center Midfield,fa07087e-ae0d-487d-916d-d50e26ffd5a6,3754298,2,66,19,3980,0,Wasted Turnover,Swansea City,93.4
10958,Chris Smalling,Right Center Back,af6da434-f729-436b-9606-a28b1fc8e648,3754299,2,60,6,3606,1,Yellow Card,Manchester United,0.8
3454,Troy Deeney,Center Forward,6f70a966-93b8-45a6-8b64-3aea8140ea56,3754300,1,41,37,2497,1,Yellow Card,Watford,0.2
3725,José Holebas,Left Back,42972798-9d68-47f9-8dbf-9362a9c0d12e,3754300,2,65,18,3918,1,Yellow Card,Watford,0.8
2966,Stéphane Sessègnon,Right Wing,57ebdb14-110e-40d1-bb4c-a4bcaecadb4e,3754301,1,7,17,437,0,Wasted Turnover,West Bromwich Albion,87.4
3498,Ignacio Monreal Eraso,Left Back,33fad24c-2c55-4ffd-b51e-f9c099a0d6d4,3754301,2,55,2,3312,-1,Wasted Turnover,Arsenal,111.7
3967,Claudio Ariel Yacob,Left Defensive Midfield,50e32ff3-2c39-4a6e-8c4c-5462a707d6f5,3754301,2,69,0,4141,1,Wasted Turnover,West Bromwich Albion,80.9
3098,Victor Wanyama,Left Defensive Midfield,626b9f7b-b26f-4f9f-984b-1048781f595d,3754302,1,21,17,1277,1,Yellow Card,Southampton,0.6
20045,Ryan Bertrand,Left Back,021fb0db-bad5-42d1-94ee-8381699fd856,3754302,2,75,45,4545,1,Yellow Card,Southampton,0.8
3326,Chung-Yong Lee,Left Wing,5fc870e8-6d18-48aa-a5f0-4805a2af25bb,3754303,1,22,45,1367,-1,Wasted Turnover,Crystal Palace,90.8
3347,André Ayew Pelé,Left Center Midfield,b2742fd6-cff3-433b-ad41-80bf35075532,3754303,1,36,6,2168,1,Wasted Turnover,Swansea City,82.1
3644,Ashley Williams,Left Center Back,36755348-f4b3-4a07-b4d1-8904edff8a40,3754303,2,67,21,4041,0,Big Miss,Swansea City,0.4656813
3507,Wilfried Zaha,Left Wing,7662d4ee-1125-4d31-aef7-37610c9614ba,3754304,1,36,57,2217,1,Yellow Card,Crystal Palace,0.2
3044,Chancel Mbemba Mangulu,Right Center Back,3d5367e9-4949-4b34-a12c-6623673d17ee,3754304,2,80,41,4841,-3,Yellow Card,Newcastle United,0.8
3604,Olivier Giroud,Center Forward,cbd32084-ff5e-439d-8fda-58ee878da4f7,3754305,1,27,47,1667,0,Big Miss,Arsenal,0.75795543
3498,Ignacio Monreal Eraso,Left Back,afc6f229-cd06-4122-a342-413d6015103b,3754305,1,38,18,2302,0,Wasted Turnover,Arsenal,81.7
4590,Nathaniel Edwin Clyne,Right Back,fd1a8243-091f-4872-af6f-1e51a8766806,3754305,2,52,22,3142,0,Yellow Card,Liverpool,0.8
3635,Jordon Ibe,Right Wing,3be77adf-a9ea-44c4-91d4-4be094cebd37,3754305,2,59,48,3588,-1,Wasted Turnover,Liverpool,107.2
3515,Alberto Moreno Pérez,Left Back,ed9d21ac-d0b1-4cb1-ae7e-01062aca6af1,3754305,2,68,6,4086,-1,Selfish Shot,Liverpool,0.1580603153395266
3583,Ashley Westwood,Left Center Midfield,dcff816b-4aa6-455c-b91f-d116a0648c87,3754306,1,35,10,2111,0,Wasted Turnover,Aston Villa,88.6
9461,Timm Klose,Right Center Back,a3390458-1363-4775-b354-5bdba1863de3,3754306,2,75,54,4554,-2,Yellow Card,Norwich City,0.8
3325,Marko Arnautović,Left Wing,94ae0aff-ba5c-46e7-8bc7-9f74080b9557,3754307,1,32,48,1971,0,Wasted Turnover,Stoke City,96.1
3237,Sergio Leonel Agüero del Castillo,Left Center Forward,e0743007-e00c-4b78-99e5-29c71084e9ac,3754307,2,51,14,3079,2,Wasted Turnover,Manchester City,106.4
3708,Kelechi Promise Iheanacho,Right Center Forward,7c345b06-6e70-4d86-ae6b-d41ec95d9db1,3754307,2,60,23,3623,2,Big Miss,Manchester City,0.3083344
3603,Mame Biram Diouf,Right Wing,be7eb0db-6ab0-4d14-8b82-f8bd35a9b07a,3754307,2,88,41,5321,-4,Wasted Turnover,Stoke City,117.3
22281,Duncan Watmore,Right Midfield,ed62e9ab-c2fa-49ba-a7b0-47ef139a0d63,3754308,1,19,9,1151,0,Wasted Turnover,Sunderland,89.0
6870,José Manuel Jurado Marín,Left Midfield,f244cbe9-1bfb-4182-b0ce-0dca080bfbdc,3754308,1,35,30,2133,0,Wasted Turnover,Watford,88.7
3658,DeAndre Yedlin,Right Back,094bcc2c-15fb-4264-af05-5c2a35c3fabe,3754308,2,68,37,4123,0,Wasted Turnover,Sunderland,99.6
3498,Ignacio Monreal Eraso,Left Back,d2c14739-b91e-43c1-b2e6-f3913f28ccd9,3754309,1,16,58,1018,0,Wasted Turnover,Arsenal,106.8
3842,Shane Long,Center Forward,1efdda2c-37ed-49a8-bd94-fb83ab7378cb,3754309,1,33,9,1989,1,Yellow Card,Southampton,0.2
3517,Aaron Ramsey,Left Defensive Midfield,d46891d8-cd45-4be1-b12b-b65a4665e286,3754309,1,40,28,2430,-1,Wasted Turnover,Arsenal,85.2
3496,Mesut Özil,Center Attacking Midfield,774612e4-03c7-4fcb-8f9d-4433cbdd3328,3754309,2,79,11,4751,-3,Big Miss,Arsenal,0.38586125
3448,Martin Kelly,Right Back,77ba0a38-96d6-427a-ab6b-46b2b07e6ec4,3754310,1,5,10,310,-1,Yellow Card,Crystal Palace,0.8
3277,Yohan Cabaye,Right Defensive Midfield,f164b49c-201f-4d04-bb8b-bf73e2a281a9,3754310,1,24,11,1453,-1,Wasted Turnover,Crystal Palace,105.5
3507,Wilfried Zaha,Right Wing,4a35ee0b-481e-485e-bf6a-494e9b446f7d,3754310,1,34,43,2088,-1,Wasted Turnover,Crystal Palace,91.4
4808,Andre Wisdom,Right Back,2e277a1b-619e-42b0-b007-075338c76018,3754311,1,37,13,2234,0,Wasted Turnover,Norwich City,109.6
3277,Yohan Cabaye,Center Defensive Midfield,76d52b5a-016a-4bc8-a2e0-8b7b48af7058,3754312,1,14,20,860,0,Wasted Turnover,Crystal Palace,95.7
20641,Connor Wickham,Center Forward,4087043f-0d39-4d98-8c3b-41f4abb34ff6,3754312,1,21,10,1277,-1,Wasted Turnover,Crystal Palace,99.9
15892,Jordon Mutch,Center Attacking Midfield,203022a6-cc99-469a-baee-6a208fa0dd08,3754312,2,64,9,3849,-1,Wasted Turnover,Crystal Palace,95.5
15892,Jordon Mutch,Center Attacking Midfield,e6b61e14-a480-4120-9848-59ed59e95031,3754312,2,86,49,5209,-1,Big Miss,Crystal Palace,0.499613
9930,Ryan Bennett,Right Center Back,51a989aa-e5b5-48ff-bc0e-304023ec1284,3754313,1,10,49,649,0,Yellow Card,Norwich City,0.8
3090,Nicolás Hernán Otamendi,Left Center Back,1cfbe87f-41e9-4be1-ba85-82952b00254f,3754313,1,25,37,1537,0,Yellow Card,Manchester City,0.8
10966,Wes Hoolahan,Center Attacking Midfield,ec6cf41d-403a-4afb-b98d-cdcb297cb6ce,3754313,1,35,38,2143,0,Wasted Turnover,Norwich City,87.0
3394,Laurent Koscielny,Left Center Back,8af34f35-f93b-478d-b2d3-63d19018dbfd,3754314,1,28,20,1709,0,Wasted Turnover,Arsenal,95.3
9463,Alexander Banor Tettey,Left Center Midfield,60871ddc-cfa3-4a6d-a328-ca57bcd1a996,3754315,1,11,44,704,0,Selfish Shot,Norwich City,0.1312415083005992
3049,Matt Ritchie,Right Midfield,f93d6cb0-034f-4539-858f-5bd0dc8277cd,3754315,2,59,39,3579,-2,Yellow Card,AFC Bournemouth,0.5
16334,Graham Dorrans,Center Attacking Midfield,a9b51688-eac1-4fe3-8575-2977cbb990a2,3754315,2,75,5,4506,3,Wasted Turnover,Norwich City,100.2
16295,Dame N''Doye,Right Midfield,5f5cbe53-9395-4eb8-a412-2c9267f0eb2b,3754316,1,38,9,2289,0,Yellow Card,Sunderland,0.5
3535,Roberto Firmino Barbosa de Oliveira,Center Forward,1f742051-b07d-4886-8301-a26c08457c5d,3754316,2,63,13,3799,1,Wasted Turnover,Liverpool,92.9
10956,Eric Dier,Left Defensive Midfield,87ca71d5-de0b-4ac6-85fb-74d1b138a066,3754317,1,10,59,659,1,Selfish Shot,Tottenham Hotspur,0.2638245583653986
31296,Sébastien Aymar Bassong Nguena,Left Center Back,94124e74-4103-462a-b16d-6b6de9e47bf0,3754317,1,28,17,1697,-1,Yellow Card,Norwich City,0.8
3043,Christian Dannemann Eriksen,Center Attacking Midfield,494feec6-144c-440b-8356-b41554374f92,3754317,1,40,25,2425,2,Wasted Turnover,Tottenham Hotspur,114.0
3517,Aaron Ramsey,Right Wing,dd6bdc68-bdca-44bc-8613-603079cf8160,3754318,1,18,26,1118,0,Wasted Turnover,Arsenal,93.6
10956,Eric Dier,Left Defensive Midfield,be7fa2d8-1aed-461d-b435-428aaf1c74b5,3754318,2,72,34,4354,1,Yellow Card,Tottenham Hotspur,0.6
3449,Wayne Routledge,Right Wing,b28db91c-8325-452a-bcc5-385de146171f,3754319,1,24,58,1502,0,Wasted Turnover,Swansea City,98.2
3973,Àngel Rangel Zaragoza,Right Back,d1d0077c-bf23-4197-b40c-9011c12ea874,3754319,2,63,17,3797,-1,Yellow Card,Swansea City,0.8
3311,Daley Blind,Left Back,073e8219-b969-4d44-9d47-a5e34cce0f6d,3754319,2,84,38,5078,1,Yellow Card,Manchester United,0.8
16181,Jordy Clasie,Left Center Midfield,41e67bab-64ad-49ae-ad2b-49fb7f9eb4d5,3754320,1,29,24,1764,2,Yellow Card,Southampton,0.5
3233,Raheem Sterling,Left Midfield,464c9596-aaa3-44a3-be54-2f4b618c35ab,3754320,2,82,39,4960,-2,Wasted Turnover,Manchester City,113.0
9625,Glenn Whelan,Right Defensive Midfield,645be962-3637-4df6-8ddb-47fa77f2b583,3754321,1,11,2,665,0,Wasted Turnover,Stoke City,92.7
3436,Idrissa Gana Gueye,Left Center Midfield,48ac12a3-bd8c-41ad-a5c2-85173a5ad1b5,3754321,1,35,39,2139,0,Yellow Card,Aston Villa,0.5
3325,Marko Arnautović,Left Wing,2e312ffd-64d1-48b2-bb04-04edb3845fac,3754321,2,62,28,3748,2,Big Miss,Stoke City,0.8104217
3062,Aaron Cresswell,Left Back,750d0737-3d29-4143-843f-29e1c4beaf4e,3754323,2,74,39,4487,0,Wasted Turnover,West Ham United,83.3
10955,Harry Kane,Center Forward,11f4eb10-7447-47c5-85c1-44a65b74efed,3754324,1,10,59,659,0,Big Miss,Tottenham Hotspur,0.318764
3644,Ashley Williams,Left Center Back,d02af3a2-0b6c-4eea-a749-71393d4e56b7,3754324,1,27,5,1625,1,Yellow Card,Swansea City,0.8
9485,Craig Gardner,Left Midfield,a69e67d9-e185-4a70-b26b-2f0db4f77c45,3754325,1,39,15,2355,0,Wasted Turnover,West Bromwich Albion,104.6
3514,James McClean,Right Midfield,2074ace1-c0b7-4e06-8e82-d50ea6c2869f,3754325,2,61,48,3708,0,Wasted Turnover,West Bromwich Albion,89.2
3541,Chris Brunt,Left Back,b8a06600-24c7-4ad4-942a-7df20124d431,3754325,2,77,58,4678,0,Yellow Card,West Bromwich Albion,0.8
3277,Yohan Cabaye,Center Attacking Midfield,856b3518-0054-4539-a568-d83692ecb23d,3754326,1,13,15,804,0,Wasted Turnover,Crystal Palace,82.0
43695,Brede Hangeland,Left Center Back,4a8724f0-0296-4572-ad00-1ea1884d98dd,3754326,1,20,15,1221,0,Wasted Turnover,Crystal Palace,87.4
3277,Yohan Cabaye,Center Attacking Midfield,3e586c81-b945-4aa9-be23-84bf58aca188,3754326,1,32,54,1974,0,Yellow Card,Crystal Palace,0.5
3605,Sung-Yeung Ki,Right Center Midfield,0e4a3ffb-e07f-4b34-9ea8-97ae8ce40f2b,3754326,2,64,48,3888,0,Yellow Card,Swansea City,0.5
20285,Joleon Lescott,Center Back,b78e5e14-e0ef-4b9f-a26f-1cd4cad8d89d,3754327,2,82,31,4964,-2,Wasted Turnover,Aston Villa,88.2
3054,Fernando Luiz Rosa,Left Defensive Midfield,6a5ac4de-9121-4881-86bf-474374a1c07c,3754328,1,33,10,2003,1,Wasted Turnover,Manchester City,88.0
9649,Jack Colback,Left Defensive Midfield,5e5ec573-ec10-4ffc-a7ad-7bbb294ffb82,3754329,1,29,18,1758,-1,Yellow Card,Newcastle United,0.6
3491,Dimitri Payet,Center Attacking Midfield,68a7ef15-a758-4911-a600-608c2a2e5fb9,3754329,1,39,26,2366,1,Wasted Turnover,West Ham United,91.2
4724,Glen Johnson,Right Back,93964b63-1343-481e-8ea0-23ce189bdbdd,3754330,1,13,29,818,0,Wasted Turnover,Stoke City,94.9
3670,Jonathan Walters,Center Forward,46ceb23b-31bb-4f72-a405-d51bfa63d512,3754330,1,25,16,1516,0,Wasted Turnover,Stoke City,104.5
3325,Marko Arnautović,Left Wing,504f0106-ce33-4e67-aacc-4788a2739974,3754330,2,65,59,3971,1,Wasted Turnover,Stoke City,104.1
3450,Jordan Ayew,Right Center Forward,74191143-5233-4e1d-99f4-5c1633a091ef,3754330,2,76,30,4590,-1,Selfish Shot,Aston Villa,0.1511088492929796
19362,Rudy Gestede,Left Center Forward,4b3b927b-2288-4bc9-b927-f79b6e02db50,3754330,2,89,22,5372,-1,Wasted Turnover,Aston Villa,81.5
3514,James McClean,Left Midfield,65e57a2d-66ed-4e04-9a85-ef8c00cec85f,3754332,2,50,19,3019,-1,Wasted Turnover,West Bromwich Albion,97.5
4041,José Salomón Rondón Giménez,Center Forward,7c870fb9-faf8-4325-8998-ac442acc3006,3754332,2,76,33,4594,0,Wasted Turnover,West Bromwich Albion,117.0
40127,Ryan Mason,Left Defensive Midfield,b92c8ed5-a1b0-42bb-91f7-bfb9d67a39ec,3754333,1,19,45,1187,-1,Wasted Turnover,Tottenham Hotspur,85.7
3391,Rolando Aarons,Left Wing,ec688290-6d73-4e1b-b126-2f77dd2d15b5,3754333,2,83,58,5038,2,Selfish Shot,Newcastle United,0.1897473001385091
3842,Shane Long,Right Center Forward,9a9e8f03-cfd3-4ca6-8c25-11640b3ada21,3754334,1,18,4,1095,0,Wasted Turnover,Southampton,94.7
9578,Jonathan Howson,Right Midfield,c39f46e0-2059-42b7-a178-9867d2ddd74c,3754335,1,14,7,857,0,Wasted Turnover,Norwich City,109.3
3621,Eden Hazard,Left Wing,10fb8aa9-4f2d-4210-bee6-771c6bd7adc3,3754336,1,24,18,1473,-2,Wasted Turnover,Chelsea,81.0
30702,Brendan Joel Zibusiso Galloway,Left Back,858a20a1-36d1-48bd-a05c-99b49461afa4,3754336,2,63,34,3814,1,Yellow Card,Everton,0.8
3328,James Ward-Prowse,Left Center Midfield,5a1bd68e-4208-4448-b0bb-91b6742be2f0,3754337,2,55,23,3324,1,Wasted Turnover,Southampton,103.6
3091,Moussa Sissoko,Right Wing,84a5c473-8796-40db-b86c-aed5efa55091,3754338,1,7,11,437,1,Wasted Turnover,Newcastle United,94.9
3316,James Tomkins,Right Back,a3a1ebe3-b81f-4741-844a-18fc80794a65,3754338,2,58,18,3508,-1,Wasted Turnover,West Ham United,85.1
3491,Dimitri Payet,Right Wing,9cab0cd6-6574-46eb-ac50-ee9ef896fb0e,3754338,2,63,52,3833,-1,Wasted Turnover,West Ham United,92.1
3567,Georginio Wijnaldum,Center Attacking Midfield,d59ec3f5-6026-425b-a6cd-835dbd87ef85,3754338,2,72,23,4355,1,Wasted Turnover,Newcastle United,81.1
3670,Jonathan Walters,Center Forward,a7ede108-e3df-498f-a646-3631ae1801f3,3754339,1,35,29,2129,1,Wasted Turnover,Stoke City,109.4
3049,Matt Ritchie,Right Midfield,9880abbb-06c0-4f62-b5a3-5cba9d54a558,3754339,1,43,12,2592,-1,Big Miss,AFC Bournemouth,0.4872403
3603,Mame Biram Diouf,Center Attacking Midfield,44e8157b-4a28-407c-b2b4-b8d294a9782e,3754339,2,70,59,4270,1,Wasted Turnover,Stoke City,99.2
9625,Glenn Whelan,Right Defensive Midfield,83ce6dec-a4cf-44b1-b71e-4f0da0797459,3754339,2,89,1,5341,1,Yellow Card,Stoke City,0.6
3973,Àngel Rangel Zaragoza,Right Back,8e6f9f31-039c-4ba1-8cfc-18358ac4a8fe,3754340,1,8,16,502,0,Wasted Turnover,Swansea City,93.4
9627,Neil Taylor,Left Back,0e599458-4541-4054-9a94-69cb8547bdae,3754340,1,16,5,969,0,Wasted Turnover,Swansea City,105.5
3523,Craig Dawson,Right Back,7bf49a94-0e07-4fd2-91a9-756371044417,3754340,1,38,30,2310,0,Big Miss,West Bromwich Albion,0.34138894
3973,Àngel Rangel Zaragoza,Right Back,10f031ea-f107-4115-a2d1-20cdef2b0ce6,3754340,2,53,4,3195,0,Wasted Turnover,Swansea City,89.0
3662,Danny Drinkwater,Left Defensive Midfield,d2a85352-90c2-4e27-9e4f-3818d211c6be,3754341,1,41,49,2509,0,Wasted Turnover,Leicester City,109.4
4724,Glen Johnson,Right Back,ce8d3433-805d-425d-82a9-cfd6ce10965b,3754341,2,75,47,4547,-2,Wasted Turnover,Stoke City,88.6
7745,Steven Berghuis,Right Midfield,c5815198-2702-4eec-8a92-d34d7d0e8c3a,3754342,2,72,10,4330,-1,Yellow Card,Watford,0.5
4090,Adam David Lallana,Right Wing,cee2da16-e621-4c9d-a6df-025f3cb74d6d,3754343,1,16,7,967,0,Selfish Shot,Liverpool,0.0742537603583283
3814,Riyad Mahrez,Right Midfield,7700ed48-fa16-4030-9322-054e6c912c8e,3754343,1,34,6,2048,0,Wasted Turnover,Leicester City,82.0
40123,Robert Huth,Left Center Back,1843077c-3a2a-4ce5-b86b-4ed3b950d96f,3754343,2,60,56,3656,0,Yellow Card,Leicester City,0.8
3650,Daryl Janmaat,Right Back,5a85bd5e-fcc4-4ffd-903f-5106c62b30f1,3754344,1,16,41,1001,-1,Yellow Card,Newcastle United,0.8
3340,Kyle Naughton,Right Back,27b8d260-e472-43e9-898c-45cddc3b3f72,3754344,2,60,7,3607,2,Yellow Card,Swansea City,0.8
3567,Georginio Wijnaldum,Left Midfield,f219d51d-1969-4947-a5a9-df946edd03de,3754344,2,66,37,3997,-2,Wasted Turnover,Newcastle United,83.5
3473,James Philip Milner,Right Wing,26119e35-cb23-4758-b3b4-103a331e3bff,3754345,1,15,53,955,0,Wasted Turnover,Liverpool,88.9
3535,Roberto Firmino Barbosa de Oliveira,Center Forward,93d3e2b3-8154-443f-a0af-7d23cb1148e0,3754345,1,33,5,1990,0,Wasted Turnover,Liverpool,98.0
3296,Marouane Fellaini-Bakkioui,Left Defensive Midfield,ebd47f6c-f43f-4fdb-8757-2fe1ce1133ed,3754345,2,74,45,4485,0,Yellow Card,Manchester United,0.6
3454,Troy Deeney,Left Center Forward,5b8d9254-769d-461c-ae73-75569c1df79b,3754346,1,10,42,645,0,Wasted Turnover,Watford,83.7
5596,Aleksandar Kolarov,Left Back,f8779763-37b5-4844-9c82-7fa6f518b78c,3754346,1,27,12,1632,0,Wasted Turnover,Manchester City,90.1
3991,Allan Romeo Nyom,Right Back,43f4e8a7-02aa-4d62-8293-e6bed0c9eafe,3754346,1,37,31,2251,0,Yellow Card,Watford,0.8
3721,Etienne Capoue,Left Defensive Midfield,fb408815-9c05-411f-8025-7b3ba0bae61b,3754346,2,58,23,3507,1,Wasted Turnover,Watford,94.8
3721,Etienne Capoue,Left Defensive Midfield,660d82ff-064a-4e4c-935b-80201c251296,3754346,2,78,54,4734,1,Big Miss,Watford,0.41539562
5458,Odion Jude Ighalo,Left Center Forward,0736c401-265d-4a52-ae6c-b711a0ce8e45,3754346,2,87,49,5269,-1,Wasted Turnover,Watford,110.6
3296,Marouane Fellaini-Bakkioui,Center Attacking Midfield,029ac894-2a9d-4609-96a8-5d1be736ecdb,3754347,1,19,57,1203,0,Wasted Turnover,Manchester United,89.6
3296,Marouane Fellaini-Bakkioui,Center Attacking Midfield,82089952-fb74-45a4-a6b6-2516255b137b,3754347,2,59,27,3567,0,Big Miss,Manchester United,0.45360088
18414,Bastian Schweinsteiger,Left Defensive Midfield,73f2b5f1-cecb-4893-b3f4-892cda877ec6,3754347,2,68,57,4144,0,Wasted Turnover,Manchester United,85.0
4751,Michael Carrick,Right Defensive Midfield,7ff3062e-28e6-4d5c-b050-d68e7beeb7d0,3754347,2,84,21,5061,0,Yellow Card,Manchester United,0.6
16334,Graham Dorrans,Right Defensive Midfield,425432bd-8bd5-4802-9c28-0b3e7583fbd3,3754348,1,15,1,907,0,Wasted Turnover,Norwich City,89.7
10499,Ivo Daniel Ferreira Mendonca Pinto,Right Back,792d8629-58a3-4af4-b317-501945bc1e77,3754348,1,33,24,2005,0,Wasted Turnover,Norwich City,87.9
3493,Emre Can,Right Defensive Midfield,5a25ba41-e3db-4607-bafe-c21c31b5d435,3754348,2,72,19,4340,0,Wasted Turnover,Liverpool,80.7
3535,Roberto Firmino Barbosa de Oliveira,Center Attacking Midfield,39e84dfa-1fcc-4a09-8533-355aa30d0c32,3754348,2,84,10,5050,1,Selfish Shot,Liverpool,0.1202659943740231
20005,Toby Alderweireld,Right Center Back,2432eaed-7c9f-43dd-b18e-5c506b7e2f77,3754349,1,29,36,1776,-1,Yellow Card,Tottenham Hotspur,0.8
3874,Mark Noble,Left Defensive Midfield,659d31a8-13bc-4e7e-ba07-b80a1cdf9405,3754349,1,35,3,2103,1,Selfish Shot,West Ham United,0.1408203816968307
3611,Kevin Wimmer,Left Center Back,1c284535-4b31-4185-954b-fce9f9778a9b,3754349,1,40,16,2416,-1,Yellow Card,Tottenham Hotspur,0.8
5836,Bryan Oviedo,Left Back,5e39dc7e-40ae-4cc0-91ee-443cef550cc1,3754350,1,23,17,1400,-1,Wasted Turnover,Everton,89.8
4630,Saido Berahino,Center Attacking Midfield,26247098-0ebb-414a-ba5e-20bbf916074b,3754350,1,28,19,1701,1,Wasted Turnover,West Bromwich Albion,85.6
4629,José Ramiro Funes Mori,Left Center Back,b2d9fd29-f1a3-430a-b8d2-d388f08101e0,3754350,1,34,47,2087,-1,Selfish Shot,Everton,0.1736333986258103
3633,Gareth Barry,Left Defensive Midfield,8fb88c2f-fb8a-4a17-b988-c29d42c80bc2,3754350,2,63,53,3833,-1,Yellow Card,Everton,0.6
4053,Ben Foster,Goalkeeper,b1fa3792-27a8-422a-8cf3-24357ee3bc8c,3754350,2,75,0,4500,1,Yellow Card,West Bromwich Albion,0.5
3541,Chris Brunt,Left Wing,4a605017-e632-47f2-aa53-cfc4d3bc7b52,3754350,2,82,30,4950,1,Yellow Card,West Bromwich Albion,0.2
7780,Lucas Pezzini Leiva,Left Center Midfield,5b374c68-b333-4f1d-af5d-e4864652c4a7,3754351,1,21,41,1301,-1,Wasted Turnover,Liverpool,91.9
22390,Francisco António Machado Mota de Castro Trincão,Right Wing,27cac0e8-16f6-478a-84ae-f8e5b2e820ef,3764440,1,19,25,1165,0,Big Miss,Barcelona,0.50473726
3023,Yuri Berchiche Izeta,Left Back,7cf9d46b-e7fe-43a6-a959-48b2bd252681,3764661,1,21,10,1275,0,Wasted Turnover,Athletic Club,85.2
6667,Mikel Vesga Arruti,Left Defensive Midfield,087b7744-ef62-4b1c-9042-8b200ac8a56c,3764661,1,26,37,1597,0,Yellow Card,Athletic Club,0.6
6775,Daniel García Carrillo,Left Defensive Midfield,cc13d66d-277a-4591-b525-80922391a7b4,3764661,2,69,42,4182,-2,Yellow Card,Athletic Club,0.6
5487,Antoine Griezmann,Left Wing,dce5dc68-d573-44db-a389-94cbde717631,3764661,2,76,32,4592,2,Wasted Turnover,Barcelona,91.2
22199,Sergio Gómez Martín,Center Attacking Midfield,d99d34f8-08b2-4060-b52f-c24a12641105,3773369,2,83,24,5004,-2,Wasted Turnover,Huesca,103.9
5503,Lionel Andrés Messi Cuccittini,Right Center Forward,75ed69b9-e1b3-4978-b964-0b09030bae7a,3773372,1,23,21,1405,0,Wasted Turnover,Barcelona,91.8
5199,Jorge Resurrección Merodio,Left Defensive Midfield,99fd1c09-f669-4625-88e1-6b9176fdda5e,3773372,2,64,49,3889,0,Yellow Card,Atlético Madrid,0.6
5203,Sergio Busquets i Burgos,Center Defensive Midfield,b3a45826-181f-4710-a6f3-5ca57e2d58da,3773377,1,6,44,405,0,Wasted Turnover,Barcelona,88.3
5487,Antoine Griezmann,Right Midfield,198fcc47-0c0b-453a-bd10-d79dfc22770d,3773377,1,12,22,742,0,Yellow Card,Barcelona,0.5
38792,Yunus Dimoara Musah,Right Midfield,e4648c33-b675-4cb6-84e6-8d261511de7c,3773377,1,25,1,1505,0,Wasted Turnover,Valencia,109.2
9462,José Ignacio Peleteiro Ramallo,Left Center Midfield,2d733490-1a65-4b99-8a76-cdb5e9612a5c,3773386,1,14,29,869,0,Yellow Card,Deportivo Alavés,0.5
25134,Deyverson Brum Silva Acosta,Center Forward,8aefe0d8-6348-439a-9383-f7569d5e5720,3773386,1,21,4,1264,0,Yellow Card,Deportivo Alavés,0.2
6947,Miralem Pjanić,Right Defensive Midfield,ba5ab9ce-69e0-4963-80b5-34c07ce4da55,3773386,2,67,39,4059,0,Selfish Shot,Barcelona,0.1164795086213791
6612,Rubén Duarte Sánchez,Left Back,bfb0af63-b5cc-4afc-85e7-aed3b456e0f2,3773386,2,86,13,5173,0,Yellow Card,Deportivo Alavés,0.8
6947,Miralem Pjanić,Right Defensive Midfield,105d80e6-dc5c-43ea-a8c9-67885038af3b,3773403,1,13,27,807,0,Selfish Shot,Barcelona,0.109375048309295
6391,Raúl García Escudero,Right Center Forward,1aa1e4cd-b798-4344-8448-ef0a3b144e55,3773403,1,31,44,1904,-1,Yellow Card,Athletic Club,0.2
6877,Yeray Álvarez López,Right Center Back,23a2ba00-d4c7-4989-b64a-64f53a881893,3773403,1,38,47,2327,-1,Yellow Card,Athletic Club,0.8
6613,Rubén Sobrino Pozuelo,Right Center Midfield,67acabf4-bb39-4c3b-9785-e09fd631a59c,3773415,1,32,32,1952,-1,Wasted Turnover,Cádiz,111.4
3501,Philippe Coutinho Correia,Left Wing,377c865d-7a6f-46b6-bfa5-7855069d0c05,3773428,1,13,25,805,-1,Selfish Shot,Barcelona,0.1665609259737829
5503,Lionel Andrés Messi Cuccittini,Left Center Forward,88b1c5ac-0f83-4105-ac57-9bba53615e7b,3773457,1,15,22,925,0,Wasted Turnover,Barcelona,83.6
5503,Lionel Andrés Messi Cuccittini,Left Center Forward,31bae329-65e7-4d34-a729-da34fe3a862b,3773457,1,20,36,1249,0,Wasted Turnover,Barcelona,81.1
6799,Brais Méndez Portela,Right Midfield,3b944edf-e9bd-43a3-b81f-381483a6ecf5,3773457,2,87,31,5251,0,Yellow Card,Celta Vigo,0.5
6609,Denis Suárez Fernández,Left Center Midfield,947e40d9-5da2-4bab-a022-3b3f1092c17b,3773466,2,52,35,3158,-2,Wasted Turnover,Celta Vigo,109.4
6585,Jeison Fabián Murillo Cerón,Left Center Back,def6fe8b-bea4-4871-97a0-21d5f15d3542,3773466,2,74,50,4490,-2,Yellow Card,Celta Vigo,0.8
3610,Roque Mesa Quevedo,Right Center Midfield,cc051e47-70a2-4a60-a802-2f569769b366,3773474,1,8,36,525,0,Wasted Turnover,Real Valladolid,90.9
5203,Sergio Busquets i Burgos,Center Defensive Midfield,6cee11bd-8a6c-4de5-b759-d5f102eb90cb,3773474,2,50,8,3008,0,Wasted Turnover,Barcelona,100.5
11296,Óscar Plano Pedreño,Center Defensive Midfield,903dd584-afaa-433c-b7bf-29bbe0f9ff77,3773474,2,60,55,3661,0,Wasted Turnover,Real Valladolid,92.8
5211,Jordi Alba Ramos,Left Back,631b503b-6bc4-43d9-bf88-790cc166d503,3773477,2,64,4,3849,2,Wasted Turnover,Barcelona,85.2
6773,Federico Santiago Valverde Dipetta,Right Midfield,d3b69446-7f2c-4317-94d4-ec5e75f53d5c,3773497,1,34,36,2076,2,Selfish Shot,Real Madrid,0.1297594702092238
6330,Adnan Januzaj,Right Wing,f036738b-a700-4162-a4e1-07cadeae58e4,3773523,1,19,38,1178,0,Yellow Card,Real Sociedad,0.2
3498,Ignacio Monreal Eraso,Left Back,f1638074-1b79-462e-b941-3475a0bf123f,3773523,2,65,4,3904,-1,Wasted Turnover,Real Sociedad,90.0
6618,Martín Aguirregabiria Padilla,Right Back,3e3199d0-e697-43f6-aa42-66e76062a732,3773526,1,16,19,979,0,Yellow Card,Deportivo Alavés,0.8
10605,Rodrigo Andrés Battaglia,Right Center Midfield,9dc9af29-4cc1-4550-af65-694d3d6d55e1,3773526,1,26,53,1613,0,Wasted Turnover,Deportivo Alavés,101.4
30419,Alberto Rodríguez Baró,Right Back,404aaf3d-b6bf-4ca0-af76-63fba08860cb,3773526,2,51,46,3106,-2,Yellow Card,Deportivo Alavés,0.8
22390,Francisco António Machado Mota de Castro Trincão,Right Wing,e8a920c9-eab0-491f-9ec4-07e63777523c,3773526,2,61,57,3717,1,Big Miss,Barcelona,0.44745404
3501,Philippe Coutinho Correia,Left Center Midfield,2ee319fa-696a-4889-a151-fd1f21bdb5b2,3773547,1,10,23,623,0,Big Miss,Barcelona,0.43734065
8654,Ante Budimir,Left Center Forward,b05c508e-2fd6-46ae-a4dd-425108043fcf,3773547,1,17,45,1065,0,Big Miss,Osasuna,0.30100262
5487,Antoine Griezmann,Left Wing,8417c8c7-6a6d-4123-87fd-a020babc41bf,3773547,1,22,55,1375,0,Big Miss,Barcelona,0.5476993
5487,Antoine Griezmann,Left Wing,0f046617-4363-4a84-b5d5-e9e521bec6d6,3773547,1,41,57,2517,1,Selfish Shot,Barcelona,0.2823163958944755
24172,Álvaro Juan Cruz Armada,Left Midfield,73f64219-31d7-4e28-b4d6-7b172065928a,3773547,2,67,13,4040,-3,Wasted Turnover,Osasuna,111.2
30486,Pedro González López,Left Center Midfield,4f1d0d52-a7fe-4e3a-a7d9-9cb2382d8a2d,3773552,1,6,46,406,0,Big Miss,Barcelona,0.54601175
30486,Pedro González López,Left Center Midfield,f6b05684-ff92-4669-a204-a478918fce06,3773552,1,20,47,1247,0,Big Miss,Barcelona,0.3090264
20063,Javier Ontiveros Parra,Left Wing,50d2cefc-6887-4b0d-9bed-3cf69b4edd23,3773552,2,82,57,4977,-1,Yellow Card,Huesca,0.2
24126,José Antonio Rodríguez Díaz,Right Wing,2229552b-f822-47ea-b45c-feccb0365f29,3773565,1,14,39,883,-1,Wasted Turnover,Granada,88.4
26009,Roberto Soldado Rillo,Center Forward,a4150a6e-5b94-4e5a-8b7c-b81779f7d0a4,3773565,1,20,46,1255,-1,Wasted Turnover,Granada,111.5
3666,Robert Kenedy Nunes do Nascimento,Left Wing,72692951-af86-4ac3-81de-286f89d4613e,3773565,2,67,15,4038,-4,Wasted Turnover,Granada,97.9
24093,Luis Javier Suárez Charris,Center Forward,f9f7f9ad-cc8b-428b-b9e9-fb88025c6261,3773565,2,72,52,4372,-4,Yellow Card,Granada,0.2
5203,Sergio Busquets i Burgos,Center Defensive Midfield,ced14ae3-fef4-4010-9e47-82c1ec18875c,3773565,2,80,54,4854,4,Yellow Card,Barcelona,0.6
5211,Jordi Alba Ramos,Left Back,efd465fb-94dc-4332-99f9-576c0e7ee620,3773565,2,86,1,5161,4,Yellow Card,Barcelona,0.8
4447,Martin Braithwaite Christensen,Center Forward,4eaf657d-e6ea-4df6-9479-b68995d77e2c,3773571,1,17,21,1041,0,Wasted Turnover,Barcelona,89.2
5211,Jordi Alba Ramos,Left Wing Back,112f1f20-9ef2-4aa6-a3c3-a37e17088d28,3773571,2,61,49,3709,2,Yellow Card,Barcelona,0.8
8118,Frenkie de Jong,Left Defensive Midfield,666483f3-f7ff-4c0e-a298-3980acc51429,3773571,2,67,28,4048,3,Yellow Card,Barcelona,0.6
22020,Joaquín Fernández Moreno,Right Center Back,e1fc53d0-df63-40c9-bf22-1409fad9593e,3773571,2,76,24,4584,-3,Yellow Card,Real Valladolid,0.8
11291,Laureano Antonio Villa Suárez,Left Center Forward,2d2f7a73-b469-470f-880a-c8d01ae79a55,3773571,2,84,41,5094,-3,Wasted Turnover,Real Valladolid,82.9
5202,José Ignacio Fernández Iglesias,Right Back,d1df90c4-f055-494e-a2bb-d332b4153410,3773585,1,36,15,2175,0,Yellow Card,Real Madrid,0.8
21881,Sergino Dest,Right Back,d3b3b79f-240a-4646-86f8-cb7ca8cd8409,3773585,2,52,1,3122,0,Wasted Turnover,Barcelona,100.3
5211,Jordi Alba Ramos,Left Back,90603851-71e4-465f-82f1-c2a890da40ee,3773585,2,61,16,3676,0,Yellow Card,Barcelona,0.8
5503,Lionel Andrés Messi Cuccittini,Left Center Forward,e998d3df-21fc-44ca-9119-c1c83969faaa,3773585,2,77,30,4650,-1,Wasted Turnover,Barcelona,98.7
25104,Rodrygo Silva de Goes,Right Wing,aefae00a-aa67-4023-8984-3148769f5189,3773585,2,83,34,5014,1,Wasted Turnover,Real Madrid,90.2
26009,Roberto Soldado Rillo,Center Forward,fe8ff342-3120-4d17-b6f0-0aee4cb6752d,3773586,1,19,28,1168,0,Yellow Card,Granada,0.2
11671,Juan Camilo Hernández Suárez,Left Center Forward,b02077ce-593d-43d6-850d-c785180cdd80,3773587,2,58,38,3520,1,Wasted Turnover,Getafe,114.7
11671,Juan Camilo Hernández Suárez,Left Center Forward,6e1d1e1b-6316-484d-b41a-6d9806f86ef0,3773587,2,64,1,3847,1,Wasted Turnover,Getafe,86.4
3991,Allan Romeo Nyom,Right Midfield,033c0844-c8bd-4f8f-bf0d-b6cbf5132bc8,3773587,2,72,1,4321,1,Yellow Card,Getafe,0.5
6379,Sergi Roberto Carnicer,Right Back,0dc83ae4-d44c-4def-84cf-b8e3c19cc206,3773593,2,60,40,3640,4,Wasted Turnover,Barcelona,87.3
5503,Lionel Andrés Messi Cuccittini,Center Forward,25a5714e-dc0d-48e0-802c-1ed3f0cf09ec,3773593,2,71,14,4274,4,Big Miss,Barcelona,0.38601032
24921,Martín Zubimendi Ibáñez,Center Back,fd3b8e94-21aa-4551-a16f-23d03ff1dd6f,3773597,1,8,42,522,0,Yellow Card,Real Sociedad,0.8
5477,Ousmane Dembélé,Center Forward,9a3d1134-e142-4505-82f9-1c5dbfa8c4ca,3773597,1,36,3,2163,0,Big Miss,Barcelona,0.5343967
5503,Lionel Andrés Messi Cuccittini,Right Attacking Midfield,d00f41f7-73f7-46f0-9e68-7b331901d151,3773597,2,68,53,4133,4,Wasted Turnover,Barcelona,89.2
6676,Igor Zubeldia Elorza,Center Back,6870d882-cc3c-4e84-bffc-646d04572cf1,3773597,2,78,9,4689,-4,Yellow Card,Real Sociedad,0.8
30486,Pedro González López,Left Center Midfield,ab346bcc-b70b-4d3b-a135-57099322f621,3773625,2,52,52,3185,1,Wasted Turnover,Barcelona,84.5
6695,Juan Miguel Jiménez López,Left Wing,f0e72617-d302-4707-9308-4e8d9deb9cee,3773631,2,55,10,3310,1,Big Miss,Real Betis,0.3704533
41083,Rodrigo Sánchez Rodriguez,Right Wing,88006510-a8d0-425b-a677-72f2f99577e6,3773631,2,84,26,5066,0,Wasted Turnover,Real Betis,94.9
6947,Miralem Pjanić,Right Defensive Midfield,0aa5fa0e-17b2-4035-9b89-6bc8aa654357,3773656,1,31,55,1928,0,Wasted Turnover,Barcelona,97.8
5633,Yannick Ferreira Carrasco,Left Wing Back,2cf851be-90be-45aa-8424-019e496c054b,3773656,2,61,46,3706,1,Wasted Turnover,Atlético Madrid,101.2
5503,Lionel Andrés Messi Cuccittini,Right Center Midfield,c1eccd2a-49ca-4818-8236-30ab3663f6a8,3773656,2,84,3,5045,-1,Wasted Turnover,Barcelona,84.8
32673,Jorge De Frutos Sebastián,Right Midfield,5999fad9-e810-46db-b985-849877105380,3773660,1,11,48,708,0,Big Miss,Levante UD,0.4531274
6826,Clément Lenglet,Left Center Back,1248ad27-02f9-44ce-8c3e-facbe8c7e243,3773660,1,21,2,1262,0,Big Miss,Barcelona,0.41583925
6668,José Luis Morales Nogales,Left Center Forward,cf027cb5-f6aa-4fea-9b83-515453a893ed,3773660,2,74,40,4480,0,Wasted Turnover,Levante UD,85.2
4447,Martin Braithwaite Christensen,Center Forward,1d817160-cdf4-4494-a015-057ec206cac8,3773660,2,86,47,5207,1,Yellow Card,Barcelona,0.2
6627,Damián Nicolás Suárez Suárez,Right Back,8cbc117a-c515-41df-afe3-7523e0409a4a,3773661,1,22,23,1345,0,Wasted Turnover,Getafe,88.4
6863,Mauro Wilney Arambarri Rosa,Left Center Midfield,386bab7d-67f6-4188-91af-c99d24bb3a8f,3773661,2,59,45,3585,-2,Wasted Turnover,Getafe,102.6
5492,Samuel Yves Umtiti,Left Center Back,9efe5dc4-f88f-47c7-afdd-c9e423d6145c,3773665,1,25,55,1555,0,Yellow Card,Barcelona,0.8
23943,Rubén García Santos,Left Midfield,a91fdb89-755b-4eb3-a662-b1a434938b1c,3773665,1,33,21,2001,-1,Big Miss,Osasuna,0.30000883
4447,Martin Braithwaite Christensen,Left Wing,7c33e28d-f8cb-415a-9460-d0453338847a,3773665,2,81,46,4908,1,Wasted Turnover,Barcelona,106.9
8118,Frenkie de Jong,Left Center Midfield,b8f715bf-881d-4a9f-8e05-57be73a16d55,3773672,1,19,35,1178,0,Wasted Turnover,Barcelona,104.4
6947,Miralem Pjanić,Center Attacking Midfield,edc8b736-b03e-41f9-a1cd-bcdcb2162e48,3773672,2,76,30,4590,0,Yellow Card,Barcelona,0.5
21881,Sergino Dest,Right Wing Back,8452cc4d-2baf-4488-838b-50ebd4396ccf,3773689,1,6,10,370,0,Wasted Turnover,Barcelona,91.9
16335,Samuel Chimerenka Chukwueze,Right Midfield,aa02bca3-bc7c-4d7d-8728-4573c0e1c67c,3773689,1,31,31,1904,0,Wasted Turnover,Villarreal,89.4
6892,Pau Francisco Torres,Left Center Back,3c42e253-088d-45e0-9463-29b39b0b0f10,3773689,2,73,24,4404,-1,Yellow Card,Villarreal,0.8
5203,Sergio Busquets i Burgos,Center Defensive Midfield,40921175-4249-45d9-924e-ce3a0151961f,3773689,2,81,44,4904,1,Yellow Card,Barcelona,0.6
32480,Ronald Federico Araújo da Silva,Right Center Back,81fe3259-5499-4b70-a71c-330d34609c1b,3773695,1,11,54,714,0,Big Miss,Barcelona,0.37712702
6587,Antonio Latorre Grueso,Left Center Back,0ca90239-64ce-4de9-9903-ac8ffd51f8e0,3773695,2,55,12,3312,1,Yellow Card,Valencia,0.8
20055,Marc-André ter Stegen,Goalkeeper,88f34a45-96cf-4c20-9b0d-bb1d0ddf793f,3773695,2,64,6,3846,1,Yellow Card,Barcelona,0.5
27335,Arthur Etienne Boka,Left Back,4b24a1d2-b796-4182-a0ca-9e0ad444a7fd,3825562,2,63,36,3816,0,Yellow Card,Málaga,0.8
8167,Sergio Ezequiel Araújo,Center Forward,6997992d-a10c-43fd-8e4d-f80e7d105bcb,3825563,1,8,15,496,0,Wasted Turnover,Las Palmas,111.3
6375,Juan Francisco Torres Belén,Right Back,5436a08e-ad00-4817-b3d8-2cf54206ed25,3825563,2,56,41,3401,1,Yellow Card,Atlético Madrid,0.8
6377,Ángel Martín Correa,Center Attacking Midfield,826bf306-603e-4d2a-a932-cb0ae6c11198,3825563,2,66,30,4001,1,Wasted Turnover,Atlético Madrid,113.3
6382,Fernando José Torres Sanz,Center Forward,f0fb3450-e6ce-4798-9bc6-a09a2a0670cc,3825563,2,83,38,5018,1,Yellow Card,Atlético Madrid,0.2
6899,Rubén Pardo Gutiérrez,Right Defensive Midfield,323a2ff3-fd90-4f92-b806-8a52b3e16f3f,3825564,1,22,33,1357,0,Wasted Turnover,Real Sociedad,81.1
6633,Markel Bergara Larrañaga,Left Defensive Midfield,eb0b1cab-a97d-4ad0-97c3-24ba7a0e5176,3825564,2,64,31,3871,0,Yellow Card,Real Sociedad,0.6
5560,Carlos Alberto Vela Garrido,Right Center Forward,bfbf85e4-572c-4df9-9df2-749da4f9df96,3825564,2,71,7,4267,0,Big Miss,Real Sociedad,0.399308
6856,Carlos Martín Vigaray,Left Back,c1095c0f-aac6-4b20-b0dc-2e0129531119,3825565,1,38,53,2337,-1,Wasted Turnover,Getafe,89.0
6736,Álvaro Medrán Just,Right Defensive Midfield,8b821d66-acb1-46f9-b643-eed574d1ce96,3825565,2,78,40,4720,-1,Yellow Card,Getafe,0.6
26848,Roberto Trashorras Gayoso,Right Defensive Midfield,94d89bbe-b9ec-42d7-bcc9-e699afce78c4,3825566,1,5,58,358,0,Selfish Shot,Rayo Vallecano,0.167430447384736
6594,Santiago Mina Lorenzo,Right Wing,05d26963-2577-4555-975d-5dd7ca5c222b,3825566,1,11,5,665,0,Big Miss,Valencia,0.3541763
6594,Santiago Mina Lorenzo,Right Wing,5889735b-2f06-492d-9da8-bb93a150763d,3825566,1,18,11,1091,0,Big Miss,Valencia,0.3598923
6763,Pablo Daniel Piatti,Left Wing,23791b50-b3d9-4989-945b-86e00307390b,3825566,1,25,3,1503,0,Big Miss,Valencia,0.49239653
3638,Shkodran Mustafi,Right Center Back,f479ba7b-61ce-444b-911f-5092247e5857,3825566,2,55,25,3325,0,Yellow Card,Valencia,0.8
26690,Alberto Mateus Contreiras Gonçalves,Left Center Forward,8a16d271-6048-40cf-b516-a7df95c0f936,3825566,2,65,33,3933,0,Big Miss,Rayo Vallecano,0.5622978
23848,Carlos Carmona Bonet,Right Midfield,366c818d-2b96-4f4c-a80a-dcfdebc9bda5,3825567,2,65,0,3900,0,Yellow Card,Sporting Gijón,0.5
26723,Álvaro Cejudo Carmona,Right Midfield,bcdc0956-4ab6-411d-8cf0-f8881028463b,3825568,1,33,38,2018,-1,Yellow Card,Real Betis,0.5
6783,Samuel García Sánchez,Right Midfield,a6c38817-0541-4254-96ff-784ebd326cfd,3825568,2,74,45,4485,1,Big Miss,Villarreal,0.42065123
6801,Pedro Pablo Hernández,Left Center Midfield,eb71792d-18f5-4798-8845-7369a00a1927,3825569,1,25,40,1540,0,Wasted Turnover,Celta Vigo,98.1
6802,Jonathan Castro Otto,Left Back,671c051c-b780-49a2-9e39-9b87190bfb58,3825569,1,41,6,2466,1,Yellow Card,Celta Vigo,0.8
24149,José Antonio García Rabasco,Center Defensive Midfield,a71c872d-8b7c-48cf-aa16-adcfd5c5dee6,3825569,2,54,42,3282,-1,Selfish Shot,Levante UD,0.1077382656655349
6890,Andreu Fontàs Prat,Left Center Back,702f9822-4f0f-4ea9-9161-42cd1a67d69a,3825569,2,62,29,3749,0,Yellow Card,Celta Vigo,0.8
6797,Daniel Wass,Right Back,fed4a393-4176-4bac-9950-b42e4482152f,3825569,2,72,3,4323,0,Wasted Turnover,Celta Vigo,80.1
6038,John Guidetti,Right Center Midfield,2f7972fb-b524-4cec-a3dc-163615715e43,3825569,2,80,29,4829,1,Yellow Card,Celta Vigo,0.5
6775,Daniel García Carrillo,Right Defensive Midfield,373ac82d-f014-4e2d-a685-7b33645ebaaf,3825570,2,54,3,3243,1,Yellow Card,Eibar,0.6
26781,Diego Mainz García,Left Center Back,5000f30c-8166-47e9-80f3-33acdd34d7b1,3825570,2,87,54,5274,-2,Yellow Card,Granada,0.8
6792,Pau López Sabata,Goalkeeper,b63d8eb2-b833-4063-b830-46849c305390,3825571,1,18,57,1137,1,Yellow Card,Espanyol,0.5
6709,Anaitz Arbilla Zabala,Right Back,9d04e94f-d5cb-4d7b-bd38-f0f4fd3deb79,3825571,2,54,10,3250,1,Yellow Card,Espanyol,0.8
3324,Eric Bertrand Bailly,Right Center Back,5984c131-576f-45ce-8e25-93c9959ee1e4,3825571,2,84,41,5081,0,Yellow Card,Villarreal,0.8
5574,Toni Kroos,Left Defensive Midfield,727d7f86-ec28-407a-a76f-e595ea7e07ab,3825572,1,23,5,1385,1,Yellow Card,Real Madrid,0.6
27347,Juan Manuel Vargas Risco,Left Midfield,79af4d6d-846b-40b3-8b9d-798a092a4598,3825572,1,28,44,1724,-1,Yellow Card,Real Betis,0.5
6865,Francisco José Molinero Calderón,Left Back,f490dd83-d18a-4cbd-812d-4923cbbf2c6f,3825572,1,37,0,2220,-1,Yellow Card,Real Betis,0.8
5485,Raphaël Varane,Right Center Back,3470a33d-ff31-4656-a6ab-234049625a59,3825572,2,59,28,3568,4,Yellow Card,Real Madrid,0.8
3063,Danilo Luiz da Silva,Right Back,b2639175-da0f-4fea-b898-2ad2cfc9dab2,3825572,2,65,20,3927,4,Wasted Turnover,Real Madrid,96.4
5539,Carlos Henrique Casimiro,Left Defensive Midfield,1298d058-ed3f-4b51-941a-5931d930309c,3825572,2,85,24,5124,4,Yellow Card,Real Madrid,0.6
6671,Asier Illarramendi Andonegi,Right Defensive Midfield,80530ce7-a289-4ee6-b8d6-6ec4c56113e4,3825573,1,18,33,1116,0,Wasted Turnover,Real Sociedad,94.0
26848,Roberto Trashorras Gayoso,Right Defensive Midfield,75ce3ad3-ee19-47d0-bac3-14c0d3ef0f03,3825574,1,33,34,2017,-1,Wasted Turnover,Rayo Vallecano,80.5
7105,Fabián Ariel Orellana Valenzuela,Right Wing,557a5c3b-7708-4848-ab78-f014c6489b6f,3825574,2,53,55,3239,2,Wasted Turnover,Celta Vigo,81.2
26690,Alberto Mateus Contreiras Gonçalves,Center Forward,07c44f79-0846-40cf-8cfe-299d68d2c61e,3825574,2,60,33,3633,-2,Yellow Card,Rayo Vallecano,0.2
26848,Roberto Trashorras Gayoso,Right Defensive Midfield,35bd195a-138e-41b6-9dd7-9a3b562dde2d,3825574,2,86,35,5195,-2,Yellow Card,Rayo Vallecano,0.6
26023,Juan Francisco García García,Left Center Back,a029efa7-6f81-4cab-9db5-0deb9120550f,3825575,1,23,24,1405,0,Wasted Turnover,Levante UD,85.1
8167,Sergio Ezequiel Araújo,Left Center Forward,4e2010ea-b5ed-4f69-b698-f16a553426ec,3825575,2,57,49,3470,0,Wasted Turnover,Las Palmas,87.8
10037,Danilo Barbosa da Silva,Right Center Midfield,5684ac11-9d90-4752-8964-930b5997c3de,3825576,2,52,6,3126,0,Big Miss,Valencia,0.32086802
10037,Danilo Barbosa da Silva,Right Center Midfield,73d79d40-c5e9-40d2-8736-69430745ccee,3825576,2,58,42,3522,0,Selfish Shot,Valencia,0.1100989807183282
7797,Rodrigo Javier De Paul,Left Defensive Midfield,69b1b226-a3b0-4951-bea7-3227ac4c438a,3825576,2,85,32,5132,0,Yellow Card,Valencia,0.6
6627,Damián Nicolás Suárez Suárez,Right Back,be15f957-dab7-4e99-9ff5-8d3c62c91487,3825577,1,29,33,1773,-2,Yellow Card,Getafe,0.8
6390,Markel Susaeta Laskurain,Right Wing,fc58ee20-d518-404b-9390-ea4df8c92638,3825578,2,62,51,3776,-2,Wasted Turnover,Athletic Club,86.9
6382,Fernando José Torres Sanz,Left Center Forward,0b12285d-5131-4a2c-b444-b9469393a746,3825579,1,10,12,619,0,Wasted Turnover,Atlético Madrid,88.5
3637,Grzegorz Krychowiak,Left Defensive Midfield,c5f1d287-5488-4928-bdc2-613b91de4dfa,3825580,2,88,0,5282,0,Wasted Turnover,Sevilla,100.1
6762,Álvaro González Soberón,Left Center Back,90bdcde8-8c50-4d8f-a9ba-f2a55c6bf134,3825581,1,15,34,934,-1,Yellow Card,Espanyol,0.8
6674,Alberto De La Bella Madureño,Left Back,6166f53d-1c5a-45fb-9cde-23da4962f8f3,3825582,1,19,22,1162,0,Yellow Card,Real Sociedad,0.8
5671,Alfred John Momar N''Diaye,Left Defensive Midfield,e64d89df-6156-4d91-bf58-8f259985dc81,3825582,1,26,35,1595,0,Yellow Card,Real Betis,0.6
6677,Imanol Agirretxe Arruti,Left Back,3412667d-b39f-489f-b9df-565f7c25146d,3825582,2,70,1,4201,-1,Selfish Shot,Real Sociedad,0.1282864502499518
6697,Daniel Ceballos Fernández,Right Defensive Midfield,42c48a7e-c433-46c7-89cc-6ffc778dc719,3825582,2,77,4,4624,1,Yellow Card,Real Betis,0.6
24263,Ismael López Blanco,Left Back,fb99346c-59c7-48fe-b9e6-21a45835b058,3825583,2,63,15,3795,0,Yellow Card,Sporting Gijón,0.8
7105,Fabián Ariel Orellana Valenzuela,Right Wing,024a2f07-10b3-4b92-96a7-8c4e510c99f9,3825585,1,5,17,317,0,Selfish Shot,Celta Vigo,0.1059632164046314
6797,Daniel Wass,Right Center Midfield,69cdf3ec-9cab-4303-bd55-0ece89b3c3ee,3825585,1,17,22,1042,1,Big Miss,Celta Vigo,0.68331504
3610,Roque Mesa Quevedo,Right Midfield,51cfab90-35ff-4b1b-be10-8c2039abfea5,3825585,1,31,36,1904,-1,Wasted Turnover,Las Palmas,85.6
27522,Antolín Alcáraz Viveros,Left Center Back,01b63b50-34e6-4884-824d-ae92191cc20a,3825585,2,56,17,3377,-2,Yellow Card,Las Palmas,0.8
6707,Charles Días Barbosa de Oliveira,Center Forward,a3807207-2847-4ddf-b2c8-c0b4ee5c02f6,3825586,1,16,9,969,0,Wasted Turnover,Málaga,97.3
10868,Ricardo Jorge Luz Horta,Right Wing,ee2fd798-e46c-4c59-b5a1-c383e9047775,3825586,1,21,31,1291,0,Wasted Turnover,Málaga,87.7
6742,Sergio Gontán Gallardo,Right Wing,5c2a90ab-61c4-48cd-901e-44219f65309f,3825586,2,58,51,3536,0,Wasted Turnover,Eibar,81.1
23416,Stefan Šćepović,Center Forward,1b3db560-b296-4aaf-8b90-060242287b67,3825587,1,38,44,2326,-2,Wasted Turnover,Getafe,87.1
26848,Roberto Trashorras Gayoso,Right Defensive Midfield,b885b73e-5e34-4679-a275-f07e7225f683,3825588,1,12,56,784,-1,Wasted Turnover,Rayo Vallecano,82.2
6713,Diego Javier Llorente Ríos,Left Center Back,0d5b2406-bcaf-4532-ba76-a2d40d0e157a,3825588,2,72,39,4359,-2,Yellow Card,Rayo Vallecano,0.8
6745,Mehdi Lacen,Left Defensive Midfield,6f2eb3d5-9f35-4778-9133-d9ebbc7f9d62,3825589,2,80,11,4811,1,Yellow Card,Getafe,0.6
19677,Karim Benzema,Center Forward,76a89b01-3fc1-4f47-a4f7-1a74f1bc6b7a,3825590,1,18,48,1128,0,Big Miss,Real Madrid,0.3628611
26387,Edgar Antonio Méndez Ortega,Left Wing,88f83eaf-8568-4811-bc3c-22b7acff2ad0,3825590,1,34,27,2067,0,Yellow Card,Granada,0.2
24783,Javier Márquez Moreno,Right Defensive Midfield,c5358af2-03f3-43f6-8071-1cebdffd5a77,3825590,2,69,41,4181,-1,Yellow Card,Granada,0.6
3160,Rene Krhin,Right Defensive Midfield,89447926-5956-4824-b46e-45a1a2d2f75a,3825590,2,79,9,4749,-1,Yellow Card,Granada,0.6
6697,Daniel Ceballos Fernández,Left Defensive Midfield,15b2fbe8-1963-4da7-a8e7-b14fabb7cdbd,3825591,1,19,55,1195,0,Yellow Card,Real Betis,0.6
27347,Juan Manuel Vargas Risco,Left Back,8e7d9c7d-7c1b-4acf-a7a7-9f100bcca35d,3825591,1,29,10,1750,0,Yellow Card,Real Betis,0.8
6751,Javier Fuego Martínez,Center Defensive Midfield,811b924a-7fb6-4c38-92d1-c132ed0a0379,3825591,2,85,41,5141,0,Yellow Card,Valencia,0.6
16456,Enzo Pablo Roco Roco,Left Center Back,3cee0b10-2326-4041-b021-2e30efd2e2f0,3825592,1,31,32,1892,-1,Yellow Card,Espanyol,0.8
6838,Hernán Arsenio Pérez González,Right Wing,a24aeb3b-b735-4528-88e7-a8a08b7dba67,3825592,2,54,40,3280,0,Selfish Shot,Espanyol,0.1649096490905298
6671,Asier Illarramendi Andonegi,Left Defensive Midfield,b5e3b288-55ab-49df-b39c-a7f176b68420,3825592,2,86,54,5214,0,Yellow Card,Real Sociedad,0.6
6742,Sergio Gontán Gallardo,Right Wing,d64459cf-4b5f-420f-9855-a43cba23e7ec,3825593,1,39,55,2395,0,Wasted Turnover,Eibar,100.0
5504,Éver Maximiliano David Banega,Center Attacking Midfield,863d4e9e-a6a3-47ae-9c42-517133734869,3825594,1,39,42,2382,-2,Yellow Card,Sevilla,0.5
5217,Iago Aspas Juncal,Center Forward,e53ceebc-a714-498c-8532-8828a0bfa99a,3825594,2,57,45,3465,1,Yellow Card,Celta Vigo,0.2
23816,José Antonio Reyes Calderón,Right Midfield,fc63bb9a-cdbb-4c8c-85c8-d108f36910a8,3825594,2,63,56,3836,-1,Yellow Card,Sevilla,0.5
22819,Bruno Soriano Llido,Left Defensive Midfield,72f3c067-266d-497f-aa44-cb865cedf7a6,3825595,1,23,13,1393,0,Yellow Card,Villarreal,0.6
6649,Óscar de Marcos Arana,Right Back,28144756-7261-4db1-9e8f-cb5460fcaa1a,3825595,2,87,13,5233,-3,Yellow Card,Athletic Club,0.8
6913,Fernando Navarro i Corbacho,Left Back,8ff13f90-8443-402a-979b-a99d19289149,3825596,1,9,38,579,-2,Wasted Turnover,RC Deportivo La Coruña,106.6
5724,Fayçal Fajr,Center Attacking Midfield,44048866-1951-4f88-89ee-50e3c105b5c0,3825596,1,26,41,1601,-1,Selfish Shot,RC Deportivo La Coruña,0.1915622898534621
18925,Ignacio Cases Mora,Left Defensive Midfield,660195e5-e451-4254-9277-7e93aeb4e866,3825596,2,60,20,3620,1,Yellow Card,Sporting Gijón,0.6
6880,Arnaldo Antonio Sanabria Ayala,Left Center Forward,ebfb81c9-5ea5-4b0c-bd29-842d9a15557b,3825596,2,77,8,4628,1,Yellow Card,Sporting Gijón,0.2
6777,Sidnei Rechel da Silva Júnior,Left Center Back,2e44c48b-05d2-492b-807e-116e95adc1e4,3825596,2,84,16,5056,-1,Yellow Card,RC Deportivo La Coruña,0.8
4711,Pablo Hernández Domínguez,Left Wing,f404f68f-bcb2-4441-9243-c14310d17dc3,3825597,2,85,49,5149,1,Wasted Turnover,Rayo Vallecano,102.0
15893,Víctor Rodríguez Romero,Center Attacking Midfield,ad0dc2f2-d4d0-4dcc-a763-922cf9c30fc0,3825598,1,25,44,1545,-1,Wasted Turnover,Getafe,84.1
20669,Tiago Cardoso Mendes,Left Midfield,f70870f4-eb39-4f90-92f0-a4e1d808a744,3825598,2,71,15,4275,1,Yellow Card,Atlético Madrid,0.5
5718,Rodrigo Moreno Machado,Center Forward,d760d561-8622-4f8f-bc4c-f4e966ef9212,3825599,1,15,22,922,0,Big Miss,Valencia,0.33048493
6596,José Luis Gayà Peña,Left Back,18d7a646-a296-410e-81a6-c354c494e581,3825599,2,59,8,3548,-1,Yellow Card,Valencia,0.8
6357,Jonathan dos Santos Ramírez,Right Defensive Midfield,38d27595-cd51-42c1-ac88-5e9bd64f6e5e,3825600,1,16,2,962,0,Yellow Card,Villarreal,0.6
6580,José Luis García del Pozo,Left Defensive Midfield,a846442a-67a1-4e49-9bf6-f7d1d97ba44a,3825600,1,38,37,2317,0,Yellow Card,Málaga,0.6
27335,Arthur Etienne Boka,Left Back,11408d36-65ef-4a83-8f40-148cdca5bd98,3825600,2,60,4,3604,0,Yellow Card,Málaga,0.8
3324,Eric Bertrand Bailly,Left Center Back,d5b3ddcd-724d-4faf-bf9b-bdaf5cf29ae3,3825600,2,66,29,3989,0,Yellow Card,Villarreal,0.8
6609,Denis Suárez Fernández,Left Midfield,3b9d5ee2-3cc7-4627-b138-a16c68f34192,3825600,2,78,31,4711,1,Yellow Card,Villarreal,0.5
6926,Alen Halilović,Right Midfield,f0ed51d3-20e1-42b2-b698-d192e8e6c019,3825601,1,15,38,946,0,Wasted Turnover,Sporting Gijón,83.1
6573,Bernardo José Espinosa Zúñiga,Left Center Back,b93230c1-df07-4eb0-9cbd-36a17a385dbc,3825601,1,36,28,2188,0,Yellow Card,Sporting Gijón,0.8
11298,José Ignacio Martínez García,Right Back,3c12bbc9-5be9-4229-9897-0540f1159c13,3825601,2,83,15,4995,1,Yellow Card,Rayo Vallecano,0.8
6396,Beñat Etxebarria Urkiaga,Left Defensive Midfield,16464517-4f4b-48f1-a1c3-4ed61c526c85,3825602,1,6,7,369,0,Wasted Turnover,Athletic Club,103.6
6651,Joaquín Sánchez Rodríguez,Right Midfield,7d5b827a-c600-4e8a-b88d-cd43ead17b08,3825603,1,26,35,1595,0,Yellow Card,Real Betis,0.5
26848,Roberto Trashorras Gayoso,Left Defensive Midfield,ced8f144-810e-4e40-a9a9-a6973bac9ef9,3825605,1,41,9,2469,-1,Yellow Card,Rayo Vallecano,0.6
6356,Michael Krohn-Dehli,Left Wing,df90fd2b-1059-4800-b79d-63724c152a1f,3825605,2,60,23,3623,1,Wasted Turnover,Sevilla,102.6
5207,Cristiano Ronaldo dos Santos Aveiro,Left Wing,808a9da9-9677-4f3b-acf6-b39da7535cbd,3825606,1,5,8,308,0,Big Miss,Real Madrid,0.4197701
6878,Miguel Torres Gómez,Left Back,a29b16ca-337d-4e09-a7c1-c3d442797dea,3825606,1,26,47,1607,0,Yellow Card,Málaga,0.8
6761,Leonardo Carrilho Baptistão,Right Center Forward,ee576a1f-c200-405f-aea7-522551eeb382,3825607,1,29,57,1797,1,Wasted Turnover,Villarreal,80.3
5487,Antoine Griezmann,Left Center Forward,260885f5-f7c5-49c8-b900-527cc3523ddd,3825607,1,40,3,2403,-1,Yellow Card,Atlético Madrid,0.2
6837,Mauro Javier Dos Santos,Right Center Back,26dcb79e-fbbe-4bbc-956e-f77d17527228,3825608,2,79,9,4749,0,Yellow Card,Eibar,0.8
6671,Asier Illarramendi Andonegi,Left Defensive Midfield,aac7f1cf-33cf-4c98-81a5-8ba638ea42f6,3825609,1,7,36,456,0,Yellow Card,Real Sociedad,0.6
6396,Beñat Etxebarria Urkiaga,Left Defensive Midfield,62d91bac-f3c3-4f45-8d60-a375c4d4e2e8,3825609,1,36,0,2160,0,Yellow Card,Athletic Club,0.6
6671,Asier Illarramendi Andonegi,Left Defensive Midfield,c51176f7-df08-46a2-90eb-624ab9d39e68,3825609,2,57,33,3455,0,Wasted Turnover,Real Sociedad,82.7
6788,Xabier Etxeita Gorritxategi,Right Center Back,09002f71-a1e1-4ed5-b42b-0c20c86b6a2e,3825609,2,81,13,4873,0,Yellow Card,Athletic Club,0.8
8584,Jonathas Cristian de Jesus,Left Center Forward,7b65d83e-821c-4958-b837-c7911ba9c8b1,3825609,2,86,27,5187,0,Big Miss,Real Sociedad,0.61390585
24173,Carlos Castro García,Right Center Forward,282c73a2-1cd3-43e3-8cae-a3ba5534a65b,3825610,1,28,31,1721,1,Wasted Turnover,Sporting Gijón,105.1
5671,Alfred John Momar N''Diaye,Center Defensive Midfield,9b488bec-1510-481c-9b78-0d685819d34b,3825610,2,67,51,4071,1,Yellow Card,Real Betis,0.6
6926,Alen Halilović,Right Midfield,f23e71d5-20d7-4883-9461-d9076f042feb,3825610,2,80,41,4842,-1,Wasted Turnover,Sporting Gijón,101.6
6659,Víctor Camarasa Ferrando,Right Center Midfield,9dc9e17e-23b9-4823-9e8c-c0168adcbd5c,3825612,1,20,51,1251,0,Yellow Card,Levante UD,0.5
6907,Pedro León Sánchez Gil,Right Wing,c252b2b2-72ba-44ff-bffe-201d9342fde4,3825612,2,58,9,3489,0,Wasted Turnover,Getafe,82.5
6784,Antonio García Aranda,Left Back,38cd4cfa-7ea8-4de1-b557-34604db4377b,3825612,2,72,5,4325,0,Yellow Card,Levante UD,0.8
6724,Manuel Agudo Durán,Left Wing,0fcb16a0-a632-44c1-aa03-df233188098b,3825613,2,65,35,3935,0,Selfish Shot,Celta Vigo,0.245733416121629
6796,Nemanja Radoja,Center Defensive Midfield,cfe1437a-e481-423b-858a-cc358123df96,3825613,2,70,40,4250,0,Wasted Turnover,Celta Vigo,82.4
27109,Youssef El-Arabi,Center Forward,be306658-57db-4ba7-9ae6-5fea2deb45c8,3825614,1,9,28,572,0,Wasted Turnover,Granada,101.3
5724,Fayçal Fajr,Right Midfield,c3ffd9b2-9faf-485a-8ff8-4fb8eac62122,3825614,1,21,29,1293,0,Wasted Turnover,RC Deportivo La Coruña,88.5
25997,Jonás Manuel Gutiérrez,Right Center Forward,c89d74c2-0ea9-4902-9c68-5d1ae40599c8,3825614,2,61,40,3700,1,Yellow Card,RC Deportivo La Coruña,0.2
23994,Alejandro Menéndez Díez,Left Wing,6e65516f-fed5-4071-a39b-76635164bdc9,3825615,1,14,1,851,1,Wasted Turnover,Sporting Gijón,80.7
6573,Bernardo José Espinosa Zúñiga,Left Center Back,6bc99c14-40d7-402f-8965-9dd6c5ae91ac,3825615,1,28,4,1684,1,Yellow Card,Sporting Gijón,0.8
5719,Marco Asensio Willemsen,Center Attacking Midfield,cb1ba476-6167-4de5-95f7-1d9c0880db5a,3825615,1,34,15,2060,-1,Wasted Turnover,Espanyol,104.7
23838,Pablo Pérez Rodríguez,Right Wing,ca435975-6822-4dff-ad55-cf101240902b,3825615,2,85,33,5133,0,Wasted Turnover,Sporting Gijón,83.4
5560,Carlos Alberto Vela Garrido,Right Wing,7267bfcb-8684-4f47-96c9-a1d52a467185,3825616,1,6,9,370,-1,Wasted Turnover,Real Sociedad,116.2
6559,Juan Carlos Pérez López,Left Midfield,a0c8cd9f-6b07-434d-80d3-b2c6b63e3650,3825616,1,21,0,1266,1,Wasted Turnover,Málaga,81.2
5560,Carlos Alberto Vela Garrido,Right Wing,8df1757a-6ed1-4bcd-88f0-2a375583e31f,3825616,2,54,41,3281,-1,Yellow Card,Real Sociedad,0.2
3610,Roque Mesa Quevedo,Right Center Midfield,8539e77d-3676-45bb-a9e9-af1d5aca89d2,3825618,1,13,24,804,-1,Wasted Turnover,Las Palmas,91.3
6557,Adrián González Morales,Center Attacking Midfield,437f3544-7e7e-42a6-8320-c8f3b21add87,3825618,1,34,55,2095,1,Yellow Card,Eibar,0.5
6712,Gonzalo Escalante,Right Defensive Midfield,da675474-1d1b-4996-8b46-3b7d3f1872ab,3825618,2,50,47,3047,1,Yellow Card,Eibar,0.6
6700,Sergio Enrich Ametller,Center Forward,e9756cfe-174b-4884-9477-2d0369a65a4c,3825618,2,80,59,4859,2,Big Miss,Eibar,0.4160736
26023,Juan Francisco García García,Left Center Back,7473ca13-b2be-4c1e-9eee-175ff4c33db5,3825619,1,18,41,1121,0,Yellow Card,Levante UD,0.8
5678,Jefferson Andrés Lerma Solís,Right Center Midfield,c0936a3a-ecf2-4336-8fdf-3760fdc20935,3825619,1,27,2,1622,0,Wasted Turnover,Levante UD,105.2
6828,Jaume Vicent Costa Jordá,Left Back,8357f015-c5b8-4af1-94d2-4c3c6cc6e48d,3825619,2,59,4,3544,0,Yellow Card,Villarreal,0.8
6771,Manuel Trigueros Muñoz,Right Center Midfield,8d5614fe-68ef-4237-a5b0-ea150818423d,3825619,2,66,46,4013,0,Wasted Turnover,Villarreal,86.3
23970,José María Martín-Bejarano Serrano,Center Defensive Midfield,e7e4767f-b125-4ffa-b930-27d2c655cae5,3825619,2,74,53,4493,0,Selfish Shot,Levante UD,0.1468846516191714
5671,Alfred John Momar N''Diaye,Left Defensive Midfield,1d558ce1-a335-49b6-9c4f-3b3bf603fcb0,3825620,1,18,49,1143,0,Wasted Turnover,Real Betis,104.4
23761,Alhassane Bangoura,Right Wing,0e340627-14e9-45ba-80b9-4f99b4ed1072,3825620,2,51,46,3106,-1,Yellow Card,Rayo Vallecano,0.2
11542,Javier Guerra Rodríguez,Center Forward,a0b0fdb5-5760-470c-b1b0-d8e8bfda3b2b,3825620,2,67,16,4036,-2,Yellow Card,Rayo Vallecano,0.2
6377,Ángel Martín Correa,Right Center Forward,f0391a33-ad8a-4f04-b3f2-0150b13b47cd,3825621,1,38,51,2331,-1,Yellow Card,Atlético Madrid,0.2
6666,Sabin Merino Zuloaga,Left Wing,f71cf90d-55de-407a-8fd0-fb43e3c4b61c,3825622,2,76,9,4573,2,Wasted Turnover,Athletic Club,84.8
5718,Rodrigo Moreno Machado,Center Attacking Midfield,f0f4f4a5-9abc-4173-bd03-64fbdbd4773b,3825622,2,86,52,5212,-2,Wasted Turnover,Valencia,111.6
10868,Ricardo Jorge Luz Horta,Right Wing,1e5fcad9-5b09-4c00-8cd2-94831b4e3ba0,3825623,1,6,0,360,0,Wasted Turnover,Málaga,86.2
27184,Marcos Alberto Angeleri,Right Center Back,0f3759dc-904c-4eb5-9ae6-3eed50d146e7,3825623,1,22,5,1325,-1,Yellow Card,Málaga,0.8
6764,Pablo Fornals Malla,Left Defensive Midfield,37284c0f-0485-47bb-9ea6-d142e4101a46,3825623,2,52,52,3172,-2,Selfish Shot,Málaga,0.2418405823410511
5737,Steven N''Kemboanza Mike Christopher Nzonzi,Right Defensive Midfield,d94337da-334f-492f-9967-dc85af951ccd,3825624,1,29,58,1798,-1,Yellow Card,Sevilla,0.6
6776,David Juncà Reñé,Left Back,6fd2ed00-ebc2-40f4-ae97-b1959c1277e2,3825624,2,53,39,3219,1,Yellow Card,Eibar,0.8
6647,Zouhair Feddal,Center Back,42da6ae4-f1de-4fb0-8a4d-e361bfbddbbe,3825625,1,12,32,752,0,Yellow Card,Levante UD,0.8
6668,José Luis Morales Nogales,Right Wing Back,cbe94af5-705f-4492-86b4-fb2466145d89,3825625,1,37,2,2222,-2,Yellow Card,Levante UD,0.8
23970,José María Martín-Bejarano Serrano,Center Defensive Midfield,37a69682-3ae5-4a46-8055-514d8f02772c,3825625,2,57,32,3452,-2,Yellow Card,Levante UD,0.6
6838,Hernán Arsenio Pérez González,Right Wing,aef6ded7-ede0-452b-80d3-314bb1d8cde3,3825626,1,19,1,1141,1,Yellow Card,Espanyol,0.2
6616,Munir El Haddadi Mohamed,Right Wing,c8099324-a38b-4fc1-947c-d373d6de3354,3825627,2,65,8,3912,1,Wasted Turnover,Barcelona,83.9
6626,Mubarak Wakaso,Center Defensive Midfield,f9baa473-fe76-4ed6-8c23-008407083aed,3825628,1,21,55,1315,-2,Yellow Card,Las Palmas,0.6
6720,Pablo Sarabia García,Center Attacking Midfield,66052c3f-582d-4a07-880d-0d0272a95873,3825628,2,55,51,3351,2,Yellow Card,Getafe,0.5
6761,Leonardo Carrilho Baptistão,Right Center Forward,49142936-cac9-4406-a27f-18e6286373fe,3825629,1,14,8,863,0,Wasted Turnover,Villarreal,90.9
5217,Iago Aspas Juncal,Center Forward,45353421-c49c-40bf-a31b-85a53513e411,3825629,2,58,10,3490,1,Big Miss,Celta Vigo,0.7498389
7105,Fabián Ariel Orellana Valenzuela,Left Center Midfield,bb9810dd-a28a-4657-a769-3642097b8489,3825629,2,76,1,4565,0,Wasted Turnover,Celta Vigo,82.9
7782,Luis Alberto Romero Alconchel,Center Attacking Midfield,e02405dd-dcce-457d-ac79-5bc29d4af0e2,3825630,1,35,7,2107,-1,Big Miss,RC Deportivo La Coruña,0.44211915
6396,Beñat Etxebarria Urkiaga,Left Defensive Midfield,ada04330-2337-4ac6-b7cf-d957843352c6,3825630,2,74,43,4483,2,Yellow Card,Athletic Club,0.6
6777,Sidnei Rechel da Silva Júnior,Left Center Back,ee96b89e-1773-48c2-94d9-69e67d8ef378,3825630,2,84,4,5044,-1,Yellow Card,RC Deportivo La Coruña,0.8
5259,José María Giménez de Vargas,Right Center Back,c6506b12-e080-46d4-9143-720e26d8caf3,3825631,1,5,0,300,0,Yellow Card,Atlético Madrid,0.8
6377,Ángel Martín Correa,Right Midfield,5e21eb9d-fa00-4b77-9efb-821a364bcc07,3825631,1,15,46,946,1,Yellow Card,Atlético Madrid,0.5
6665,Íñigo Martínez Berridi,Left Center Back,55c5c519-1c8f-404b-8a85-7fee535a5973,3825631,2,79,49,4798,-1,Wasted Turnover,Real Sociedad,110.1
26797,Francisco Medina Luna,Left Wing,8a606988-2256-4678-9aff-d23aad738f3b,3825632,1,6,54,414,0,Yellow Card,Granada,0.2
6918,Isaac Ajayi Success,Left Wing,b3f19a9c-6a93-4384-9a44-c62ba9e34db1,3825632,2,63,26,3806,1,Yellow Card,Granada,0.2
4418,Matheus Dória Macedo,Left Center Back,37a41ff0-d17a-4e9d-bf2a-91a89bb029c5,3825632,2,88,11,5291,1,Yellow Card,Granada,0.8
26222,José Eduardo Rosa Vale de Castro,Left Center Back,16d7009d-42dc-40fc-8249-895c22c1c611,3825633,1,28,46,1726,0,Yellow Card,Rayo Vallecano,0.8
16456,Enzo Pablo Roco Roco,Left Center Back,f552692e-42bc-4c0b-8d74-80dcea099a2a,3825633,1,34,6,2046,0,Yellow Card,Espanyol,0.8
9246,Patrick Ebert,Right Wing,7fefae9b-0476-4d50-a36d-c3f6cab8970d,3825633,2,53,40,3220,1,Yellow Card,Rayo Vallecano,0.2
6832,Rubén Castro Martín,Left Center Forward,1fe1f23f-695c-4f1d-8c7e-0c1233d70a3f,3825634,1,5,6,310,-1,Wasted Turnover,Real Betis,91.2
6599,Rubén Salvador Pérez Del Mármol,Right Center Midfield,0215a0e2-7642-4074-968d-6af87b84198f,3825634,1,38,16,2296,1,Yellow Card,Granada,0.5
24132,Francisco Miguel Varela Martín,Left Back,7b567029-577c-4411-94f2-e3c6c8f9a607,3825634,2,68,16,4096,0,Yellow Card,Real Betis,0.8
6724,Manuel Agudo Durán,Left Wing,7f4a418b-9e2a-42ac-aa47-e387220a53e1,3825635,1,9,31,571,-1,Selfish Shot,Celta Vigo,0.368981096391876
7105,Fabián Ariel Orellana Valenzuela,Right Wing,c82a77d2-94fb-4f0a-85ac-2ef62f0f29bb,3825635,1,15,53,953,-1,Wasted Turnover,Celta Vigo,109.6
6794,Gustavo Daniel Cabral Cáceres,Right Center Back,c08d9cad-3679-46a0-b9e5-0722397c58cc,3825635,1,36,47,2207,-2,Yellow Card,Celta Vigo,0.8
6733,Pedro Mosquera Parada,Left Defensive Midfield,15db42dc-1ebd-4e56-aa17-f4d8bdd7f3de,3825636,1,8,38,518,0,Yellow Card,RC Deportivo La Coruña,0.6
6707,Charles Días Barbosa de Oliveira,Center Forward,c8a8e4e3-a035-4cef-a580-0f8fedfed997,3825636,1,22,12,1332,0,Wasted Turnover,Málaga,98.0
25859,Sérgio Paulo Barbosa Valente,Right Wing,f2246717-e1e1-4369-9d10-5c2f06e9b44a,3825636,1,28,26,1706,0,Wasted Turnover,Málaga,95.2
5470,Ivan Rakitić,Right Center Midfield,bd45cfe4-a5ed-4b46-bd12-45250cd478a3,3825637,1,5,54,354,0,Wasted Turnover,Barcelona,107.0
4320,Neymar da Silva Santos Junior,Left Wing,2341f312-5314-4c69-8f42-8f89b7a3e985,3825637,1,36,34,2201,0,Wasted Turnover,Barcelona,117.1
6776,David Juncà Reñé,Left Back,1cb8e8e2-3847-42dc-b412-610bdcbdc18e,3825637,2,66,28,3988,-1,Yellow Card,Eibar,0.8
23799,Eddy Silvestre Pascual İsrafilov,Left Defensive Midfield,8ac44d42-022a-4f13-b92f-cb44d4f28d36,3825637,2,72,46,4366,-1,Wasted Turnover,Eibar,96.7
27239,Aleksandar Pantić,Left Center Back,c69e2d6b-9611-46c2-8393-5c3cb4cacb00,3825637,2,82,37,4957,-1,Yellow Card,Eibar,0.8
17622,Jackson Arley Martínez Valencia,Left Center Forward,e9827e63-8f89-4667-86d5-e544c28b900b,3825638,1,34,5,2045,1,Big Miss,Atlético Madrid,0.34877855
7907,Pedro Bigas Rigo,Left Center Back,a89d0702-b3fa-4eb6-b254-5b9ec0c4fe1d,3825639,2,62,32,3752,0,Yellow Card,Las Palmas,0.8
6357,Jonathan dos Santos Ramírez,Right Defensive Midfield,73db432d-fb14-4c86-8f53-d85c71f95c06,3825639,2,67,40,4060,0,Wasted Turnover,Villarreal,90.2
25134,Deyverson Brum Silva Acosta,Right Center Forward,3fc76de8-d728-47c5-8d06-f4c9beca8c2f,3825640,1,20,39,1239,-1,Yellow Card,Levante UD,0.2
6605,Joseba Zaldúa Bengoetxea,Right Back,286996ad-6304-4528-bb00-03b8691133e7,3825640,1,29,20,1762,1,Wasted Turnover,Real Sociedad,92.9
5560,Carlos Alberto Vela Garrido,Right Wing,5f9d33d2-29a3-41da-b3f0-e93ba5a80ef5,3825640,2,63,2,3784,2,Wasted Turnover,Real Sociedad,85.9
18398,Omar Mascarell González,Center Defensive Midfield,a6b0175f-0e95-4286-a2b7-01ee1816516e,3825641,1,22,58,1378,0,Yellow Card,Sporting Gijón,0.6
6394,Aritz Aduriz Zubeldia,Center Forward,de690fe2-4777-4f67-b4d5-6d1fbd862508,3825641,2,75,37,4537,3,Yellow Card,Athletic Club,0.2
5724,Fayçal Fajr,Center Attacking Midfield,96efbd77-a2c6-4603-a842-f5dd5439b8b3,3825642,1,14,29,869,0,Yellow Card,RC Deportivo La Coruña,0.5
6721,Willian José da Silva,Center Forward,596267a2-96c9-4fa9-8583-b166d36f0ed8,3825643,1,18,3,1083,-2,Big Miss,Las Palmas,0.55160767
6929,José Vicente Gómez Umpiérrez,Center Defensive Midfield,8b7c246c-d86d-4a75-ae1c-adbe38ada001,3825643,2,50,17,3017,-2,Yellow Card,Las Palmas,0.6
5552,Marcelo Vieira da Silva Júnior,Left Back,55d0e666-c91e-423c-a6bf-17f269191e42,3825643,2,75,58,4559,2,Wasted Turnover,Real Madrid,82.5
3023,Yuri Berchiche Izeta,Left Back,2a744749-68b9-43d1-a9ca-a948e483105e,3825644,1,20,39,1241,0,Wasted Turnover,Real Sociedad,95.6
5560,Carlos Alberto Vela Garrido,Center Attacking Midfield,e8367c55-4a61-4b05-9e9d-bd7239fae403,3825644,1,35,35,2135,0,Wasted Turnover,Real Sociedad,82.2
6671,Asier Illarramendi Andonegi,Right Defensive Midfield,41e82c0e-67aa-43e1-9c14-6d9a3132140a,3825644,2,59,17,3557,0,Selfish Shot,Real Sociedad,0.3161050531736148
5203,Sergio Busquets i Burgos,Center Defensive Midfield,a2f26968-e46b-4e23-9c28-7ccf592c268c,3825645,1,10,40,650,0,Wasted Turnover,Barcelona,85.6
3324,Eric Bertrand Bailly,Right Center Back,a5214fd4-f09d-489a-bf7a-4159caeea073,3825646,1,9,18,558,0,Yellow Card,Villarreal,0.8
6609,Denis Suárez Fernández,Left Midfield,1a7d6d5b-66f3-40ff-a3d2-05a788365c61,3825646,1,22,3,1323,0,Selfish Shot,Villarreal,0.1097271258536184
3253,Adil Rami,Right Center Back,2afe33d8-d9f4-407c-bd8a-80f498ac02bd,3825646,2,62,24,3744,-2,Yellow Card,Sevilla,0.8
6763,Pablo Daniel Piatti,Left Wing,d952e42f-5484-42e3-bd55-4ad198f61445,3825647,1,8,51,532,0,Wasted Turnover,Valencia,112.1
6668,José Luis Morales Nogales,Right Wing,64b9eefd-53df-4e55-a082-0a9931232cbb,3825647,1,19,25,1167,0,Wasted Turnover,Levante UD,90.9
5741,Enzo Nicolás Pérez,Right Center Midfield,1198fe3f-4561-4e68-b911-9b5dc18d940c,3825647,1,27,43,1663,0,Yellow Card,Valencia,0.5
23943,Rubén García Santos,Left Wing,2e1b1be1-da7b-46d4-9e20-996fe2546e73,3825647,1,35,8,2108,0,Yellow Card,Levante UD,0.2
7900,Tiago Manuel Dias Correia,Left Wing,209b2d70-9c40-4ea5-aaa3-2a322914f072,3825648,2,57,53,3473,-1,Yellow Card,Rayo Vallecano,0.2
24070,Saúl Berjón Pérez,Left Wing,4f092555-9722-4012-bb92-da693cee1602,3825648,2,63,0,3780,1,Big Miss,Eibar,0.3746365
6700,Sergio Enrich Ametller,Center Attacking Midfield,4241941b-99aa-4112-8208-68927fb62246,3825648,2,68,37,4117,1,Yellow Card,Eibar,0.5
6775,Daniel García Carrillo,Right Defensive Midfield,7b89edd8-6588-4a68-9023-db4a76b84f07,3825648,2,80,15,4815,1,Yellow Card,Eibar,0.6
6707,Charles Días Barbosa de Oliveira,Center Forward,143886bd-f766-4140-875e-f235220cbb16,3825649,1,5,35,336,0,Wasted Turnover,Málaga,81.9
6559,Juan Carlos Pérez López,Left Wing,d8241ad9-9cba-45fa-b7ac-79dfefd16bc1,3825649,1,13,47,833,0,Wasted Turnover,Málaga,89.4
6559,Juan Carlos Pérez López,Left Wing,970134fb-ae68-475a-9ee4-52a0d6626ddc,3825649,1,20,15,1215,0,Wasted Turnover,Málaga,90.8
6581,Jonathan Rodríguez Menéndez,Left Wing,d23d11aa-ad11-486c-a01a-8a40e14adf57,3825649,1,32,2,1932,1,Wasted Turnover,Sporting Gijón,87.0
6727,Raúl Albentosa Redal,Right Center Back,d1c85219-9ec0-47f1-b985-51650cb37c04,3825649,1,37,11,2231,-1,Yellow Card,Málaga,0.8
6764,Pablo Fornals Malla,Left Defensive Midfield,84ba227b-bda9-46d4-90c4-8d662c81320a,3825649,2,50,48,3048,-1,Wasted Turnover,Málaga,92.7
6602,Miguel Ángel Guerrero Martín,Center Forward,fbc389a2-ee6f-4179-b6fb-f60c8ca6483d,3825649,2,56,34,3394,1,Wasted Turnover,Sporting Gijón,103.7
27335,Arthur Etienne Boka,Left Back,ab0e3884-2d76-4182-9278-cb86f162ae24,3825649,2,65,20,3928,-1,Wasted Turnover,Málaga,91.3
6391,Raúl García Escudero,Center Attacking Midfield,1d5cc045-3f0c-471a-8291-6e3ae62e377e,3825650,1,11,56,716,1,Yellow Card,Athletic Club,0.5
6788,Xabier Etxeita Gorritxategi,Right Center Back,08114d13-91ae-4fdd-b648-252da55cd7cc,3825650,2,64,29,3869,2,Yellow Card,Athletic Club,0.8
6680,Rubén Rochina Naixes,Right Wing,a2da0d52-75ee-4277-8e5a-ca74032e2f1b,3825651,2,69,47,4187,1,Yellow Card,Granada,0.2
3023,Yuri Berchiche Izeta,Left Back,3c465043-d06c-47b8-8065-67fbd575c20b,3825652,1,24,9,1451,0,Wasted Turnover,Real Sociedad,83.5
6665,Íñigo Martínez Berridi,Left Center Back,694f04ce-2d13-48e8-b956-92538a1f96b8,3825652,2,67,55,4075,-2,Yellow Card,Real Sociedad,0.8
3023,Yuri Berchiche Izeta,Left Back,ad456e14-9d54-4b4c-a439-c2ebe24169cc,3825652,2,84,10,5050,-2,Yellow Card,Real Sociedad,0.8
6797,Daniel Wass,Right Center Midfield,32637abc-0f2e-417c-a5c2-ed02f3724492,3825654,1,9,52,595,0,Wasted Turnover,Celta Vigo,82.5
26222,José Eduardo Rosa Vale de Castro,Left Center Back,2a632300-b359-4e7c-9c84-e115a495a3b2,3825655,1,12,15,735,2,Yellow Card,Rayo Vallecano,0.8
26848,Roberto Trashorras Gayoso,Right Center Midfield,e11868bc-0696-4c4e-a873-ad24eae8f3b4,3825655,2,53,8,3188,1,Wasted Turnover,Rayo Vallecano,93.9
3160,Rene Krhin,Left Defensive Midfield,f44ddc8d-f5e4-4b76-ad09-86f3230e85f9,3825655,2,61,59,3719,-1,Yellow Card,Granada,0.6
5678,Jefferson Andrés Lerma Solís,Right Center Midfield,e5a4ffaa-b585-4d09-9947-5b284541ca8b,3825656,1,37,15,2235,-1,Big Miss,Levante UD,0.3234203
5582,Celso Borges Mora,Right Defensive Midfield,ad395936-09a7-48f8-a073-b93f358e8c13,3825656,2,51,37,3097,1,Yellow Card,RC Deportivo La Coruña,0.6
6784,Antonio García Aranda,Left Back,a0e6005c-304a-41be-89bd-5d2385fd0042,3825656,2,61,12,3672,0,Yellow Card,Levante UD,0.8
26723,Álvaro Cejudo Carmona,Right Wing,ed1b2c77-199a-45af-ae6a-5b373ffe0266,3825657,1,39,18,2358,0,Yellow Card,Real Betis,0.2
6926,Alen Halilović,Center Attacking Midfield,49e788d1-da48-42f4-98b3-790efb59efc3,3825658,1,18,42,1122,0,Wasted Turnover,Sporting Gijón,93.9
27241,Víctor Guillermo Álvarez Delgado,Left Wing,55a63885-2143-406d-b737-19158e9e098e,3825659,1,9,29,569,-1,Yellow Card,Espanyol,0.2
6666,Sabin Merino Zuloaga,Left Wing,fe26e915-3aef-4081-9e74-78679d81476a,3825659,1,33,7,1994,1,Wasted Turnover,Athletic Club,84.5
6391,Raúl García Escudero,Center Attacking Midfield,5251dda8-3ebd-4321-8778-af9a0950827b,3825659,1,40,19,2419,1,Wasted Turnover,Athletic Club,96.2
6396,Beñat Etxebarria Urkiaga,Right Defensive Midfield,f9f32cc8-b0ab-4112-8ce3-36762fab0691,3825659,2,72,42,4362,1,Yellow Card,Athletic Club,0.6
6791,Javier López Rodríguez,Right Wing Back,8d7add0c-6f24-44b1-92e5-31c07c4b3804,3825659,2,85,38,5138,-1,Yellow Card,Espanyol,0.8
4324,Daniel Alves da Silva,Right Back,00f9bc1f-0e02-4203-b17b-bb4dd1f4e8a9,3825660,1,9,42,591,0,Wasted Turnover,Barcelona,90.1
4324,Daniel Alves da Silva,Right Back,8657b856-7061-4cea-912e-36670704f22c,3825660,1,18,10,1090,0,Selfish Shot,Barcelona,0.1868946311782877
6399,Gareth Frank Bale,Center Forward,d261d7a1-2206-4278-89b9-0671e77d0095,3825661,1,17,59,1081,0,Wasted Turnover,Real Madrid,91.2
5574,Toni Kroos,Left Center Midfield,d2e9d4b6-9277-479e-8ba0-38c26a7b287a,3825661,1,23,51,1435,1,Wasted Turnover,Real Madrid,110.6
7788,Ciro Immobile,Center Forward,eb7a439f-f6a6-4d7b-931f-1f5aa271f43f,3825661,2,65,56,3964,1,Wasted Turnover,Sevilla,87.5
6801,Pedro Pablo Hernández,Center Attacking Midfield,3ebb1a0a-a2cf-4b76-9819-29d8fd38d942,3825662,1,39,37,2377,-1,Yellow Card,Celta Vigo,0.5
6734,Luis Carlos Correia Pinto,Left Wing,24f29433-90d9-4290-a222-0d523a8c3dc6,3825662,2,68,58,4138,1,Yellow Card,RC Deportivo La Coruña,0.2
6724,Manuel Agudo Durán,Left Wing,00fc1a06-5b88-4920-a0c3-6bc56eededf9,3825662,2,83,38,5018,-1,Yellow Card,Celta Vigo,0.2
3302,Nordin Amrabat,Right Center Forward,c7cb9600-1cd2-478c-9bbf-5a15c316e113,3825663,1,14,37,877,-1,Yellow Card,Málaga,0.2
3023,Yuri Berchiche Izeta,Left Back,448d26d6-785f-4c27-a246-fe8e2e7f028c,3825664,1,39,27,2367,0,Yellow Card,Real Sociedad,0.8
6677,Imanol Agirretxe Arruti,Center Forward,52f38bab-7e44-4ff5-b2d0-6d80ff8b0ad2,3825664,2,64,15,3859,0,Wasted Turnover,Real Sociedad,105.5
6847,Adalberto Peñaranda Maestre,Center Forward,fa875b0b-5629-4b51-8c1b-70a246935eba,3825665,1,5,40,340,1,Yellow Card,Granada,0.2
25707,Francisco Manuel Rico Castro,Right Defensive Midfield,6c02984d-2acb-4f27-82a1-bfd8c33d4b5e,3825665,2,75,32,4532,2,Wasted Turnover,Granada,85.8
8697,Andrés Eduardo Fernández Moreno,Goalkeeper,f29ae5a6-f915-4b01-8805-fedf2dfacdc5,3825665,2,90,25,5425,2,Yellow Card,Granada,0.5
6320,Filipe Luís Kasmirski,Left Back,d4f5156a-afa2-4e78-bd9b-24f7feac680b,3825666,1,8,34,514,1,Yellow Card,Atlético Madrid,0.8
4788,Jesús Gámez Duarte,Right Back,10207a5f-7e83-4c00-85f7-982761f08653,3825666,1,37,40,2260,1,Yellow Card,Atlético Madrid,0.8
6872,Bruno González Cabrera,Right Center Back,f807b9a0-4938-41ac-8b14-c182f77a9477,3825666,2,52,47,3167,-1,Yellow Card,Real Betis,0.8
5487,Antoine Griezmann,Right Wing,9caa4e5e-e82f-4f83-a441-e0180ca128d8,3825666,2,87,2,5222,1,Big Miss,Atlético Madrid,0.3580849
6862,Cédric Bakambu,Left Center Forward,e16c8ee4-ae42-42ec-8aad-2c33b28da75f,3825667,1,8,58,538,0,Big Miss,Villarreal,0.4328679
6357,Jonathan dos Santos Ramírez,Right Center Midfield,2f279d98-6652-4441-a1ac-52e553e0b272,3825667,2,54,30,3270,-1,Wasted Turnover,Villarreal,93.8
6880,Arnaldo Antonio Sanabria Ayala,Center Forward,c92e70bb-18e5-43f6-abaa-7bcdad2e6bc9,3825668,1,8,15,501,0,Wasted Turnover,Sporting Gijón,85.8
18398,Omar Mascarell González,Right Defensive Midfield,00109199-e586-46e5-b108-298ccd7a279f,3825668,1,36,2,2174,-2,Wasted Turnover,Sporting Gijón,111.5
23943,Rubén García Santos,Left Midfield,cd8f0ef4-a91d-488d-ab3b-008cfddab6dd,3825668,2,50,44,3044,3,Yellow Card,Levante UD,0.5
6787,Pedro López Muñoz,Right Back,1f300a74-de04-4d8f-8082-5d8f25b072be,3825668,2,82,25,4945,3,Yellow Card,Levante UD,0.8
26607,José Raúl Baena Urdiales,Left Defensive Midfield,bf671068-82ba-4a97-a8f9-3b2b4eace7cc,3825669,1,26,1,1561,0,Yellow Card,Rayo Vallecano,0.6
11542,Javier Guerra Rodríguez,Center Forward,db524fd3-42cb-4bdb-bd39-13337deba468,3825669,1,34,21,2061,0,Yellow Card,Rayo Vallecano,0.2
23416,Stefan Šćepović,Center Forward,86d865ed-7106-437f-a393-7138f64ec6e7,3825669,2,82,16,4936,0,Yellow Card,Getafe,0.2
5671,Alfred John Momar N''Diaye,Left Defensive Midfield,6fcb9602-1be4-4bfa-8787-f045d1b6aa03,3825670,1,36,42,2202,1,Yellow Card,Real Betis,0.6
6697,Daniel Ceballos Fernández,Center Attacking Midfield,e5df5d17-66cc-4048-90f5-cc684e149113,3825670,2,57,6,3426,1,Wasted Turnover,Real Betis,106.8
6647,Zouhair Feddal,Left Center Back,4239509c-8832-4736-a58e-7a01e1a0a185,3825670,2,64,25,3865,-1,Yellow Card,Levante UD,0.8
6684,Roger Martí Salvador,Center Forward,1207bcfb-6aa4-485c-89f5-ef13286fedde,3825670,2,70,33,4233,-1,Yellow Card,Levante UD,0.2
6801,Pedro Pablo Hernández,Left Center Midfield,001d5bd0-dbc8-43ff-beaa-e7e828bac869,3825671,1,5,2,302,0,Wasted Turnover,Celta Vigo,92.4
6804,Sergi Gómez Solà,Left Center Back,cdb6198e-fda3-4bb3-b624-09aee7365381,3825671,1,22,7,1327,1,Yellow Card,Celta Vigo,0.8
18398,Omar Mascarell González,Right Defensive Midfield,10885b39-e6d8-4758-83af-82dd992d36fa,3825671,1,28,56,1737,-1,Wasted Turnover,Sporting Gijón,102.0
6794,Gustavo Daniel Cabral Cáceres,Right Center Back,5336cb88-57e9-4419-ab3d-79f277ee3c41,3825671,2,53,19,3199,1,Yellow Card,Celta Vigo,0.8
6926,Alen Halilović,Right Wing,a140ecc5-a585-4dcb-b22d-707b12d49c19,3825671,2,83,23,5007,0,Wasted Turnover,Sporting Gijón,94.4
6702,David Rodríguez Lombán,Left Center Back,10060124-aaa7-4a9e-9c47-1ff0c4082130,3825672,1,26,8,1568,0,Yellow Card,Granada,0.8
24783,Javier Márquez Moreno,Left Defensive Midfield,cd2bd5e4-2c66-4dba-988d-aecff43dabb5,3825672,2,74,55,4495,-2,Yellow Card,Granada,0.6
6733,Pedro Mosquera Parada,Left Defensive Midfield,337d8e3f-6ed9-4a41-8174-e5c502ff649f,3825673,1,25,0,1500,1,Yellow Card,RC Deportivo La Coruña,0.6
8167,Sergio Ezequiel Araújo,Center Forward,5bbec70f-a504-402c-9ec4-fef36a057d7a,3825673,1,38,9,2289,-1,Yellow Card,Las Palmas,0.2
6744,Luciano Vietto,Left Center Forward,6312f97a-c600-4575-9ac5-10693de44160,3825674,1,7,0,420,1,Wasted Turnover,Atlético Madrid,80.3
6375,Juan Francisco Torres Belén,Right Back,23b9d17f-2538-488b-b880-489922222040,3825674,1,15,45,953,1,Wasted Turnover,Atlético Madrid,97.6
26607,José Raúl Baena Urdiales,Left Defensive Midfield,813e3ea0-9496-47c2-93f8-2a559bd5727f,3825675,1,16,45,1005,-1,Yellow Card,Rayo Vallecano,0.6
26848,Roberto Trashorras Gayoso,Right Defensive Midfield,0424f432-d9f0-417e-8b72-29446f929594,3825675,1,25,38,1538,-2,Yellow Card,Rayo Vallecano,0.6
6393,Iñaki Williams Arthuer,Right Wing,c7db3eb0-8b98-498c-a9a6-1b7f9d58143c,3825675,1,40,0,2400,2,Wasted Turnover,Athletic Club,99.2
6394,Aritz Aduriz Zubeldia,Center Forward,ae7966e8-4e34-4b36-a8a1-d958cbb107f9,3825675,2,67,34,4054,3,Wasted Turnover,Athletic Club,101.0
12191,Gorka Elustondo Urkola,Right Defensive Midfield,3612e1b5-ea08-49b9-b752-d032172844d2,3825675,2,84,15,5055,3,Wasted Turnover,Athletic Club,94.8
6751,Javier Fuego Martínez,Right Center Midfield,8e9631a3-6fb3-4e42-8c5e-db796c5e109e,3825677,2,56,44,3404,-1,Yellow Card,Valencia,0.5
21210,Mariano Ferreira Filho,Right Back,4ce9ddd4-e1ee-415a-b538-b6fc3e1264e9,3825677,2,70,9,4209,1,Yellow Card,Sevilla,0.8
6841,Víctor Machín Pérez,Right Wing,455e1797-f8c2-4f3d-b147-05a7d9e1ccbf,3825677,2,83,1,4981,1,Yellow Card,Sevilla,0.2
5207,Cristiano Ronaldo dos Santos Aveiro,Left Center Forward,dae775a3-ac9e-4bea-9225-5de62c326878,3825678,1,14,33,873,0,Big Miss,Real Madrid,0.37049276
6712,Gonzalo Escalante,Right Center Midfield,eb4ecef7-b4db-4638-868f-19fcce0b4d78,3825678,1,20,58,1258,0,Wasted Turnover,Eibar,81.9
5456,Mateo Kovačić,Left Midfield,d5b51447-63b4-4be4-a0ca-5f8b9f336cc1,3825678,1,36,33,2193,0,Yellow Card,Real Madrid,0.5
5207,Cristiano Ronaldo dos Santos Aveiro,Left Center Forward,f5e5aa8a-f2fd-448e-ac2e-6a72085bdbfa,3825678,2,70,47,4247,1,Big Miss,Real Madrid,0.30084023
6724,Manuel Agudo Durán,Left Wing,04d86618-e168-42ef-94e1-b231a88cd13b,3825679,2,76,32,4592,1,Yellow Card,Celta Vigo,0.2
10476,Timothée Kolodziejczak,Left Center Back,ef00c9dc-6482-4443-bc01-e85f6cdfea55,3825680,1,24,33,1473,-1,Yellow Card,Sevilla,0.8
3637,Grzegorz Krychowiak,Left Defensive Midfield,5913c1e8-8fb7-44af-b57a-cc3a5d109fa0,3825680,1,32,17,1937,-1,Selfish Shot,Sevilla,0.1668623525573147
6401,Kevin Gameiro,Center Forward,bb76db24-5e50-43b8-b06d-cbbf0cfcad92,3825680,2,68,36,4116,-1,Wasted Turnover,Sevilla,90.8
3497,Vicente Iborra De La Fuente,Right Defensive Midfield,869706ca-ba44-4052-9ef1-2532fe778361,3825680,2,73,49,4429,-1,Yellow Card,Sevilla,0.6
5695,James David Rodríguez Rubio,Left Center Midfield,6639f839-e827-4da2-bba7-67d11f165404,3825681,1,23,59,1446,2,Wasted Turnover,Real Madrid,89.3
3063,Danilo Luiz da Silva,Left Back,39fd6f15-5c5b-421c-a056-a8d8dcf2624d,3825681,1,36,40,2200,3,Yellow Card,Real Madrid,0.8
5463,Luka Modrić,Right Center Midfield,d3f4279e-0257-4011-bc6b-c1dbf852df86,3825681,2,59,50,3603,4,Wasted Turnover,Real Madrid,97.9
6720,Pablo Sarabia García,Right Center Forward,c3747851-613d-4d3e-afa2-21d9ca9faf3d,3825681,2,74,32,4487,-3,Wasted Turnover,Getafe,97.9
4546,Dimitri Foulquier,Right Back,00d84c55-edfb-42ae-8146-ed4dc99215c3,3825682,1,17,56,1076,0,Yellow Card,Granada,0.8
25707,Francisco Manuel Rico Castro,Center Defensive Midfield,b984cfc9-3a2e-4e73-bd9c-2e75c861f491,3825682,1,27,42,1662,-1,Yellow Card,Granada,0.6
6680,Rubén Rochina Naixes,Right Center Midfield,4d35eb1f-4c62-4f06-ae13-d7379283bf38,3825682,1,33,23,2003,-1,Selfish Shot,Granada,0.169635151691393
6381,Saúl Ñíguez Esclapez,Center Defensive Midfield,a0c87b07-ffb8-4bd7-a834-9a5f350a58a2,3825682,1,39,27,2367,1,Yellow Card,Atlético Madrid,0.6
6381,Saúl Ñíguez Esclapez,Center Defensive Midfield,b58360b0-d7c7-4f9d-b679-86f8809781fa,3825682,2,50,18,3020,1,Wasted Turnover,Atlético Madrid,81.1
4546,Dimitri Foulquier,Right Back,06765555-1890-4094-a416-753ba26a817c,3825682,2,60,24,3624,-1,Wasted Turnover,Granada,94.4
12021,Óliver Torres Muñoz,Center Defensive Midfield,3d4a761a-dcf7-4e9e-99da-aa8f3cafa84f,3825682,2,68,55,4140,1,Wasted Turnover,Atlético Madrid,108.5
24070,Saúl Berjón Pérez,Left Midfield,292a8269-68e9-43fc-b75e-a2bf4a30c8f6,3825683,1,25,57,1559,0,Wasted Turnover,Eibar,80.9
6679,Aritz Elustondo Irribaria,Right Back,d425162f-30b0-4dd0-b67b-7897268605eb,3825683,2,72,44,4364,0,Yellow Card,Real Sociedad,0.8
5687,Takashi Inui,Right Midfield,c729528f-48d7-4d93-8ce3-397bf4364b3a,3825683,2,79,2,4748,0,Wasted Turnover,Eibar,82.6
11539,Adrián Embarba Blázquez,Center Attacking Midfield,cbe93bf4-a663-4bdd-a506-63544bdf635d,3825684,1,21,39,1300,0,Wasted Turnover,Rayo Vallecano,80.5
26685,Nicolás Ladislao Fedor Flores,Center Attacking Midfield,9fda2f82-82d2-41a7-9946-3b0ac68cdf94,3825684,2,79,42,4782,0,Yellow Card,Rayo Vallecano,0.5
24138,Joaquín José Marín Ruiz,Right Back,2e6501b4-dffc-464f-8be5-693e1c53c6d9,3825684,2,87,23,5243,-1,Yellow Card,Rayo Vallecano,0.8
6573,Bernardo José Espinosa Zúñiga,Left Center Back,bc80c0d6-fd05-46ac-9e47-85b413050d49,3825685,1,7,33,456,0,Wasted Turnover,Sporting Gijón,110.7
6932,Dani Castellano Betancor,Left Back,009027f0-91d1-412e-8ab5-8ca661215463,3825685,1,32,57,1984,-1,Wasted Turnover,Las Palmas,90.9
6928,Pedro Taunausú Domínguez Placeres,Center Attacking Midfield,d783856a-5fa6-461c-b67d-bae177e80c74,3825685,2,54,52,3294,0,Wasted Turnover,Las Palmas,86.5
6608,Nabil El Zhar,Right Wing,2fd77f66-8759-438c-a2a4-b77ecaf02040,3825685,2,62,11,3731,0,Selfish Shot,Las Palmas,0.1400697910243591
16723,Egor Filipenko,Right Defensive Midfield,730d559d-d568-42ef-a556-fb75b2fb8a5b,3825686,1,11,32,692,0,Yellow Card,Málaga,0.6
6393,Iñaki Williams Arthuer,Right Wing,0bf9660e-e244-46d7-bd08-4be5998ccd91,3825686,1,31,54,1917,0,Wasted Turnover,Athletic Club,80.9
3302,Nordin Amrabat,Right Center Forward,6fc06e00-3264-4685-8cc4-a422acc3f146,3825686,2,52,26,3146,0,Yellow Card,Málaga,0.2
16456,Enzo Pablo Roco Roco,Left Center Back,63283a54-fdb3-4f67-935b-c758b7fb1e9a,3825687,2,50,29,3029,-1,Yellow Card,Espanyol,0.8
7781,Felipe Salvador Caicedo Corozo,Center Forward,fe27514c-7e8a-467e-a706-337a265dbbe2,3825687,2,59,17,3557,0,Yellow Card,Espanyol,0.2
27241,Víctor Guillermo Álvarez Delgado,Left Wing,e0d42081-b8d6-4876-9dc5-25ef9b1aa7a8,3825687,2,67,3,4023,0,Wasted Turnover,Espanyol,97.7
6787,Pedro López Muñoz,Right Back,58e5f810-1279-42c5-9d8f-fd7ee205a7e4,3825687,2,74,31,4471,0,Yellow Card,Levante UD,0.8
6745,Mehdi Lacen,Left Defensive Midfield,3d08a63f-b22a-4903-8a0f-a407b41bee35,3825688,1,35,19,2119,0,Yellow Card,Getafe,0.6
6677,Imanol Agirretxe Arruti,Center Forward,ec5cc779-0d6d-4d95-adc7-28970783c24c,3825688,2,50,30,3030,-1,Big Miss,Real Sociedad,0.35370788
19668,Augusto Matías Fernández,Right Defensive Midfield,c45f81ed-1cee-46ff-b73f-4b2a587a2a5d,3825689,1,33,22,2002,0,Yellow Card,Celta Vigo,0.6
6838,Hernán Arsenio Pérez González,Right Midfield,67fab4e4-4ed0-4d39-a761-d16bf5d3fe69,3825689,2,51,1,3061,-1,Wasted Turnover,Espanyol,104.2
7105,Fabián Ariel Orellana Valenzuela,Right Wing,bc7f3b42-d8c0-4883-88a6-f0aa727a9137,3825689,2,75,39,4539,1,Yellow Card,Celta Vigo,0.2
6724,Manuel Agudo Durán,Left Wing,b3f8b53d-75b1-4160-b3ba-0ef227200f4d,3825689,2,85,39,5139,1,Yellow Card,Celta Vigo,0.2
3610,Roque Mesa Quevedo,Right Defensive Midfield,4f2ca96f-35e0-452b-a2a9-6d9e4ece3156,3825690,2,51,39,3099,0,Yellow Card,Las Palmas,0.6
18721,Robert Ibáñez Castro,Right Wing,4075eeec-dd93-460f-99f3-9031c0faec32,3825691,1,5,9,319,0,Wasted Turnover,Granada,87.1
25707,Francisco Manuel Rico Castro,Right Defensive Midfield,e1fb8821-dc4a-42a0-a735-8f41124360fa,3825691,2,64,46,3886,1,Yellow Card,Granada,0.6
24149,José Antonio García Rabasco,Right Center Midfield,27a67afd-e439-471d-93a6-90728c6b022d,3825691,2,70,45,4245,0,Yellow Card,Levante UD,0.5
5504,Éver Maximiliano David Banega,Center Attacking Midfield,a8e6d87a-a20b-4631-8462-2c4fddcd6da6,3825692,1,6,56,422,0,Wasted Turnover,Sevilla,96.1
3637,Grzegorz Krychowiak,Left Defensive Midfield,05cd234f-79d9-416b-bacf-e890a37ebb17,3825692,1,22,29,1358,0,Wasted Turnover,Sevilla,84.5
6386,Eneko Bóveda Altube,Right Back,c7cdbbe9-2e11-4930-a09e-89a7b5ff2e14,3825693,1,36,44,2210,1,Wasted Turnover,Athletic Club,86.6
6375,Juan Francisco Torres Belén,Right Back,21cf4275-d154-4e58-94f4-a18e7d477046,3825693,2,53,3,3183,0,Wasted Turnover,Atlético Madrid,93.8
6394,Aritz Aduriz Zubeldia,Center Forward,5c29fa23-20a0-4723-95b6-43ddb3062330,3825693,2,73,33,4413,-1,Yellow Card,Athletic Club,0.2
7797,Rodrigo Javier De Paul,Left Wing,620d2633-b25d-4082-b3c1-aa7bff9297fd,3825694,1,30,59,1859,0,Yellow Card,Valencia,0.2
23761,Alhassane Bangoura,Right Wing,737a796b-6d34-4a83-8317-0d378682d972,3825696,1,18,17,1097,1,Wasted Turnover,Rayo Vallecano,107.4
8419,Duje Čop,Left Center Forward,54d50e49-90e7-43da-a1d7-4864b4674692,3825696,1,30,45,1845,-1,Yellow Card,Málaga,0.2
6727,Raúl Albentosa Redal,Right Center Back,5e393545-9a0e-4b4b-be6f-7fb93e60ea7f,3825696,1,36,0,2160,-1,Yellow Card,Málaga,0.8
23761,Alhassane Bangoura,Right Wing,e46df733-fae2-47ad-914e-9a9a81888f8a,3825696,2,54,59,3299,1,Wasted Turnover,Rayo Vallecano,97.4
6763,Pablo Daniel Piatti,Left Wing,6f755e02-c110-410b-9f2f-35bf134b1b32,3825697,1,21,14,1274,0,Wasted Turnover,Valencia,106.9
10802,André Filipe Tavares Gomes,Right Center Midfield,21366790-67fe-4a22-bd71-173eb2bf295c,3825697,1,26,45,1613,-1,Wasted Turnover,Valencia,83.8
26020,Ángel Lafita Castillo,Left Wing,ba837183-fa48-4766-a514-0d82e602fb7d,3825697,1,37,49,2269,0,Wasted Turnover,Getafe,82.3
6720,Pablo Sarabia García,Right Wing,159b1e4e-7791-4a68-8a6a-865023bf8f5c,3825697,2,66,49,4012,0,Wasted Turnover,Getafe,85.4
6712,Gonzalo Escalante,Left Defensive Midfield,d1d7d780-d714-4fda-98ec-c5750cc3a386,3825698,2,57,58,3482,-1,Wasted Turnover,Eibar,106.7
6869,Alejandro Arribas Garrido,Right Center Back,badf4cc1-e635-4983-acc9-c67d378fd472,3825698,2,72,50,4370,1,Wasted Turnover,RC Deportivo La Coruña,115.7
3637,Grzegorz Krychowiak,Left Defensive Midfield,f82f2a8a-e54e-4c65-831f-6bd6679f0f5b,3825699,1,27,10,1630,0,Yellow Card,Sevilla,0.6
11298,José Ignacio Martínez García,Left Back,e203052f-7912-4695-a474-235cfeff52fc,3825700,1,26,39,1599,0,Yellow Card,Rayo Vallecano,0.8
6384,Gabriel Fernández Arenas,Right Defensive Midfield,49e3ac87-eb1e-417f-9c3e-2af044244fe6,3825701,2,50,34,3034,0,Yellow Card,Atlético Madrid,0.6
6383,Thomas Teye Partey,Right Center Midfield,5fa03731-f91f-4c9e-a437-4fb4c5c441ef,3825701,2,81,31,4891,0,Yellow Card,Atlético Madrid,0.5
6770,Esteban Félix Granero Molina,Left Center Midfield,a95d9b89-201a-45a7-bad8-a131abd2b7cb,3825702,1,20,6,1208,0,Wasted Turnover,Real Sociedad,107.0
6771,Manuel Trigueros Muñoz,Right Defensive Midfield,0d07b1ab-9445-44cb-8629-1bd1c47bd92b,3825702,2,72,40,4360,1,Yellow Card,Villarreal,0.6
6609,Denis Suárez Fernández,Left Midfield,63ca5a46-cec5-4073-96cd-432ca5cbcac0,3825702,2,81,0,4860,1,Wasted Turnover,Villarreal,81.8
6396,Beñat Etxebarria Urkiaga,Left Defensive Midfield,91848efc-624a-4c61-990c-fdb6df13d603,3825703,1,10,9,609,0,Selfish Shot,Athletic Club,0.3162020344749999
6394,Aritz Aduriz Zubeldia,Center Forward,1252eb2a-ed0e-42c1-9288-0e5af3c52bca,3825703,1,28,11,1692,0,Wasted Turnover,Athletic Club,104.4
6787,Pedro López Muñoz,Right Back,bc894f8a-1745-435d-83f1-07045a103562,3825703,2,73,8,4388,-1,Yellow Card,Levante UD,0.8
23785,Théo Bongonda Mbul''Ofeko Batombo,Left Wing,0ef006da-0077-4f51-9ef1-866d29d5c471,3825704,1,29,23,1763,1,Big Miss,Celta Vigo,0.3341487
24318,Alberto Guitián Ceballos,Right Center Back,a2c8b876-722d-45a9-9d9a-c43f4741320b,3825705,1,38,45,2325,0,Yellow Card,Sporting Gijón,0.8
6926,Alen Halilović,Right Back,b84d174d-0104-4890-81aa-7d3fb3b01e99,3825705,2,85,29,5129,-2,Selfish Shot,Sporting Gijón,0.2420307538681093
6389,Mikel San José Domínguez,Right Defensive Midfield,a4c00dbe-bb11-4098-9dac-e31bc0ee4e71,3825706,1,23,33,1413,0,Yellow Card,Athletic Club,0.6
6393,Iñaki Williams Arthuer,Right Wing,edae31b1-7b54-468b-b2fb-71b981e7cea3,3825706,1,33,41,2036,0,Wasted Turnover,Athletic Club,83.9
4353,Aymeric Laporte,Left Center Back,f8fe2413-9e01-49ce-a43b-71e9588a8a13,3825706,2,51,50,3110,0,Yellow Card,Athletic Club,0.8
6847,Adalberto Peñaranda Maestre,Center Forward,179a4f94-0384-4e04-a225-a9fb6920ddca,3825707,1,40,38,2438,-1,Yellow Card,Granada,0.2
27250,Nabil Ghilas,Center Forward,9e2e2bba-d91f-4fe7-b31d-add7e49ebb3d,3825708,1,7,19,439,0,Wasted Turnover,Levante UD,80.2
27122,Simão Mate,Center Defensive Midfield,5f57692d-c097-49d7-ad04-dd4579869f12,3825708,1,20,43,1243,0,Yellow Card,Levante UD,0.6
7788,Ciro Immobile,Center Forward,68bfb7ba-b7e5-46cb-a7a9-0d7f56f7e95e,3825709,2,51,49,3109,2,Wasted Turnover,Sevilla,102.4
6701,Joan Jordán Moreno,Right Defensive Midfield,99a93528-861b-490a-9f34-da571e2b2955,3825709,2,67,40,4060,-2,Yellow Card,Espanyol,0.6
8523,Yevhen Konoplyanka,Left Wing,cee8a38d-13a4-42fe-8909-9c0b7b927c7f,3825709,2,81,17,4882,2,Wasted Turnover,Sevilla,116.2
8584,Jonathas Cristian de Jesus,Center Forward,ee3aebc0-2cd4-48f3-bb4c-d4a79669b765,3825710,1,23,29,1409,0,Yellow Card,Real Sociedad,0.2
5202,José Ignacio Fernández Iglesias,Left Center Back,58907813-08c5-4241-a397-54f3e3bf6dee,3825710,2,55,38,3338,0,Yellow Card,Real Madrid,0.8
6671,Asier Illarramendi Andonegi,Left Defensive Midfield,01957b0f-2443-44f4-a91a-a460f4d96e9a,3825710,2,61,1,3661,0,Yellow Card,Real Sociedad,0.6
6671,Asier Illarramendi Andonegi,Left Defensive Midfield,5804eba5-72ad-488f-a353-7726f364c435,3825710,2,79,48,4789,-1,Wasted Turnover,Real Sociedad,104.3
6382,Fernando José Torres Sanz,Center Forward,e70161fb-6d11-418c-9570-b17bf0cc2734,3825711,1,11,59,719,0,Wasted Turnover,Atlético Madrid,85.8
26222,José Eduardo Rosa Vale de Castro,Center Back,376d9a80-af35-45e6-a348-16d593244a7e,3825711,2,79,18,4758,0,Yellow Card,Rayo Vallecano,0.8
6738,Juan Francisco Moreno Fuertes,Right Back,025a9656-35fb-42c7-b189-e8dddf5aa89b,3825712,1,7,47,467,0,Wasted Turnover,RC Deportivo La Coruña,104.1
6732,Lucas Pérez Martínez,Center Forward,dcaba4f7-3f6b-4085-b1e5-09ec9d0103fb,3825712,1,31,37,1897,0,Wasted Turnover,RC Deportivo La Coruña,93.5
6728,Federico Nicolás Cartabia,Right Wing,6c03b247-09b5-4e8e-8420-40206dd1decf,3825712,2,69,4,4144,0,Yellow Card,RC Deportivo La Coruña,0.2
10802,André Filipe Tavares Gomes,Right Center Midfield,38048920-45aa-4345-b8a7-5bb5e6166558,3825713,1,15,36,936,0,Yellow Card,Valencia,0.5
26009,Roberto Soldado Rillo,Left Center Forward,43d4adc7-2a23-4422-a742-4cf92f28ebc2,3825713,2,67,31,4051,1,Yellow Card,Villarreal,0.2
10802,André Filipe Tavares Gomes,Right Center Midfield,4cff65ed-7df1-4bd4-be7a-71191223e211,3825713,2,80,5,4810,-1,Wasted Turnover,Valencia,103.6
6668,José Luis Morales Nogales,Left Midfield,5100a96c-e2c1-41d2-9d9c-e86208cffbf8,3825714,1,6,30,394,0,Wasted Turnover,Levante UD,113.1
6377,Ángel Martín Correa,Left Wing,498df70c-1cb3-4ad4-8ddf-7c458d7a07d4,3825714,1,32,25,1951,0,Wasted Turnover,Atlético Madrid,95.8
8801,Iván López Mendoza,Right Back,2ca43d83-107a-4c01-843a-fc5f01179d05,3825714,2,82,24,4944,-1,Selfish Shot,Levante UD,0.1908029428671311
26669,Weligton Róbson Pena de Oliveira,Left Center Back,856cd09a-6391-4098-8676-245bbd26b5cb,3825715,1,16,24,993,1,Wasted Turnover,Málaga,97.2
6794,Gustavo Daniel Cabral Cáceres,Right Center Back,3e032f6a-566e-4ef9-87c2-802790eaf45b,3825715,1,23,43,1423,-1,Yellow Card,Celta Vigo,0.8
3302,Nordin Amrabat,Left Midfield,9d175161-2394-4e80-9148-e1938c01e768,3825715,1,29,38,1778,2,Yellow Card,Málaga,0.5
6801,Pedro Pablo Hernández,Center Attacking Midfield,e71a0f2b-01b8-4c8d-be2e-cf65b2f20864,3825715,1,37,19,2239,-2,Yellow Card,Celta Vigo,0.5
6580,José Luis García del Pozo,Left Defensive Midfield,8839333d-31a7-4e2e-9b3d-9c8b41dd4c54,3825715,2,66,18,3978,2,Yellow Card,Málaga,0.6
6764,Pablo Fornals Malla,Right Center Forward,4d23e534-9434-42bb-b9b9-d58ff66dc2c9,3825715,2,74,59,4499,2,Big Miss,Málaga,0.3048324
8234,Ignacio Camacho Barnola,Right Defensive Midfield,bc4e888e-9310-4664-92bf-42d4a1583ac2,3825715,2,82,3,4923,2,Yellow Card,Málaga,0.6
5560,Carlos Alberto Vela Garrido,Right Wing,2c42e1f5-0fe3-4afa-b492-8bf12d95496a,3825716,1,13,39,831,0,Wasted Turnover,Real Sociedad,81.6
8724,Carlos Martínez Díez,Right Back,4a5c5d7d-ab1c-4ea6-b0d5-23888fb91c59,3825716,1,18,47,1127,-1,Yellow Card,Real Sociedad,0.8
6633,Markel Bergara Larrañaga,Left Defensive Midfield,fb258369-a6ad-48ab-9bed-7d421621a7e0,3825716,1,36,14,2174,0,Yellow Card,Real Sociedad,0.6
7900,Tiago Manuel Dias Correia,Right Wing,1b5db712-600c-4de5-ba1d-41527ff2830b,3825716,2,77,7,4639,0,Wasted Turnover,Rayo Vallecano,84.5
6918,Isaac Ajayi Success,Right Center Forward,c2373021-c611-4b23-ac77-53510a287c68,3825717,2,88,24,5304,1,Yellow Card,Granada,0.2
6399,Gareth Frank Bale,Right Wing,a68e77cb-f835-4655-bafc-b282640f46f4,3825718,1,10,40,643,0,Wasted Turnover,Real Madrid,101.6
6663,Antonio Barragán Fernández,Right Back,2d8a3b41-47e6-4e2c-83c8-c7f771c8245a,3825718,2,56,23,3383,0,Yellow Card,Valencia,0.8
6927,David García Santana,Right Center Back,2e816d6a-8c9f-4f89-a388-a12882d99397,3825719,1,15,9,909,0,Yellow Card,Las Palmas,0.8
6929,José Vicente Gómez Umpiérrez,Right Defensive Midfield,eb8eae6d-300f-4bba-bb24-617ed1f8c1eb,3825719,1,21,36,1296,-1,Yellow Card,Las Palmas,0.6
6388,Ander Iturraspe Derteano,Left Defensive Midfield,55b1741e-e6ae-4291-bca1-7be94a570f37,3825719,2,58,33,3513,1,Yellow Card,Athletic Club,0.6
27347,Juan Manuel Vargas Risco,Left Back,4fe395f5-1c7d-4fb6-9697-f3e9a2ef1e8a,3825720,1,33,13,1993,-2,Yellow Card,Real Betis,0.8
5724,Fayçal Fajr,Left Wing,30518f39-66ff-4839-8b7a-eaded8468ae5,3825721,1,14,7,847,0,Wasted Turnover,RC Deportivo La Coruña,83.2
7782,Luis Alberto Romero Alconchel,Center Attacking Midfield,0b6121c3-627f-4e85-97c4-c0961ab2e932,3825721,2,72,58,4388,0,Wasted Turnover,RC Deportivo La Coruña,92.0
26009,Roberto Soldado Rillo,Right Center Forward,aa0b4aa7-a1d7-4161-a1b5-57627c8d7d2c,3825721,2,80,10,4810,0,Yellow Card,Villarreal,0.2
6627,Damián Nicolás Suárez Suárez,Right Back,266ce856-9cba-40ee-a122-cff06d33a88b,3825722,1,39,9,2354,-1,Wasted Turnover,Getafe,106.1
25134,Deyverson Brum Silva Acosta,Center Forward,5f99142e-b72d-4df6-b93c-657d99e1b218,3825723,2,71,49,4309,1,Yellow Card,Levante UD,0.2
5463,Luka Modrić,Right Defensive Midfield,c31a93f6-a70d-4475-ae21-9f21dd7264f8,3825724,1,8,27,507,0,Wasted Turnover,Real Madrid,101.0
27305,Germán Darío Lux,Goalkeeper,4a7e24c3-78ad-401a-8333-704752c54991,3825724,1,14,38,878,-1,Yellow Card,RC Deportivo La Coruña,0.5
7782,Luis Alberto Romero Alconchel,Center Attacking Midfield,6e95ff1e-bc7e-4420-ac0f-9a4901d025b3,3825724,1,38,1,2286,-2,Wasted Turnover,RC Deportivo La Coruña,85.6
5552,Marcelo Vieira da Silva Júnior,Left Back,296b4850-d724-475e-b2c5-048eca2f842d,3825724,2,52,55,3175,3,Wasted Turnover,Real Madrid,98.5
6733,Pedro Mosquera Parada,Left Defensive Midfield,4ea90820-81f7-4bc3-9e32-c354adfa3539,3825724,2,63,27,3807,-4,Yellow Card,RC Deportivo La Coruña,0.6
6869,Alejandro Arribas Garrido,Right Center Back,83dd189d-78de-4496-a09c-5fb61025436c,3825724,2,69,24,4164,-4,Yellow Card,RC Deportivo La Coruña,0.8
6697,Daniel Ceballos Fernández,Left Midfield,5071cd3c-c319-429a-8687-9ba966dce007,3825725,1,38,50,2330,0,Wasted Turnover,Real Betis,112.5
11634,Cristiano Piccini,Right Back,fd510b10-6e55-48ee-b7f6-8c114254c876,3825725,2,53,40,3220,0,Yellow Card,Real Betis,0.8
27348,Ricky van Wolfswinkel,Right Center Forward,764cd14d-43c2-465d-9279-003fe630eca7,3825725,2,82,3,4931,-1,Wasted Turnover,Real Betis,82.1
6606,Javier Eraso Goñi,Center Attacking Midfield,5d98fc37-b293-4c37-af13-a0995a1f2862,3825726,2,65,25,3925,-2,Wasted Turnover,Athletic Club,83.2
6789,Mikel Balenziaga Oruesagasti,Left Back,4805a3e4-5343-4605-a939-33493d02b09d,3825726,2,76,50,4610,-2,Yellow Card,Athletic Club,0.8
6356,Michael Krohn-Dehli,Left Wing,a5b4769e-fda9-4464-bcd7-aaedb761cfdf,3825726,2,87,53,5273,2,Yellow Card,Sevilla,0.2
6838,Hernán Arsenio Pérez González,Right Wing,fd0237a5-03ea-485e-97a2-f3ac1ee72e4c,3825727,1,35,52,2152,0,Wasted Turnover,Espanyol,100.7
6566,Borja González Tomás,Left Center Forward,7c2ca65a-f781-4263-9f21-687682c28f34,3825727,2,84,44,5084,1,Big Miss,Eibar,0.30539685
5487,Antoine Griezmann,Left Center Forward,94fe35ea-e103-4748-a4c5-a3f943d42394,3825728,1,13,22,810,0,Wasted Turnover,Atlético Madrid,84.5
6797,Daniel Wass,Right Wing,6940ce1f-e3c9-4de1-8981-40b9a66ac166,3825728,2,50,43,3046,-1,Wasted Turnover,Celta Vigo,111.2
23848,Carlos Carmona Bonet,Right Wing,8d0af5e7-c882-4416-9589-fa197f0c8112,3825729,1,32,23,1943,-1,Yellow Card,Sporting Gijón,0.2
6783,Samuel García Sánchez,Right Midfield,d36207a2-3d8a-42ef-b62c-16c18a61e4fc,3825729,2,78,29,4709,2,Yellow Card,Villarreal,0.5
4406,Aymen Abdennour,Left Center Back,9e928852-c585-4787-8e06-8eb596935305,3825730,1,13,22,802,0,Yellow Card,Valencia,0.8
3023,Yuri Berchiche Izeta,Left Back,9497d6d8-0690-45ba-a1e7-8091696270cb,3825730,2,71,29,4296,0,Wasted Turnover,Real Sociedad,86.5
7105,Fabián Ariel Orellana Valenzuela,Center Attacking Midfield,fd1283d2-65b2-42a5-97b5-d5259c8c2988,3825732,2,53,9,3191,2,Wasted Turnover,Celta Vigo,80.7
6659,Víctor Camarasa Ferrando,Left Center Midfield,ff778366-3fc2-4442-bdf6-b4e23e9242b4,3825732,2,80,47,4847,-1,Selfish Shot,Levante UD,0.1227283433445681
27335,Arthur Etienne Boka,Left Back,70900e31-3d26-4601-a7e9-6f1667895320,3825733,2,50,44,3044,-2,Wasted Turnover,Málaga,97.5
25859,Sérgio Paulo Barbosa Valente,Left Center Forward,b1289294-d790-4a4c-a598-fb08ef250da4,3825733,2,63,24,3805,-2,Wasted Turnover,Málaga,92.2
3497,Vicente Iborra De La Fuente,Left Defensive Midfield,aef994fe-4981-4b0a-8760-ac8e60c5f404,3825733,2,80,2,4802,1,Yellow Card,Sevilla,0.6
8584,Jonathas Cristian de Jesus,Center Forward,bda7302a-9533-4751-9876-438b08a4941a,3825734,1,34,24,2064,-1,Big Miss,Real Sociedad,0.384402
6752,Víctor Ruíz Torre,Left Center Back,b185ac9e-531e-4efd-9c4c-08a3d9c84447,3825735,1,23,19,1399,0,Yellow Card,Villarreal,0.8
26009,Roberto Soldado Rillo,Right Center Forward,959303c3-0754-4202-a0b5-a85bc34c9bc7,3825735,2,56,39,3403,0,Wasted Turnover,Villarreal,91.4
27346,Petros Matheus dos Santos Araújo,Right Defensive Midfield,e7d4e04e-69ae-439f-b512-bcc8531935e5,3825735,2,78,27,4707,0,Yellow Card,Real Betis,0.6
6402,Francisco Alcácer García,Center Forward,c1323dc0-8782-4e51-b3ee-62381dfd437f,3825736,2,85,42,5142,-1,Yellow Card,Valencia,0.2
5719,Marco Asensio Willemsen,Left Wing,12d53d07-352d-400a-b135-ad6bca363ee4,3825737,1,15,16,916,0,Selfish Shot,Espanyol,0.24799746103108
6861,Juan Torres Ruiz,Left Center Back,43229e16-eb7d-4806-9d04-b9f950e39cd4,3825737,2,54,11,3251,1,Yellow Card,Getafe,0.8
6838,Hernán Arsenio Pérez González,Left Wing,4c56de4d-92ae-4edd-8f66-422bb82fd49f,3825737,2,72,58,4378,-1,Yellow Card,Espanyol,0.2
11675,Moisés Gómez Bordonado,Left Wing,e9f94fb9-2d90-4c22-8be6-b5e4a166e42f,3825737,2,81,41,4906,1,Wasted Turnover,Getafe,106.2
5487,Antoine Griezmann,Right Wing,08f90c68-1d1f-44e5-a80d-93f3e55efd55,3825738,2,53,7,3187,1,Big Miss,Atlético Madrid,0.457235
6928,Pedro Taunausú Domínguez Placeres,Center Attacking Midfield,40cc972c-3223-4e57-8de5-d631bc70c684,3825738,2,60,6,3607,-1,Wasted Turnover,Las Palmas,81.6
6929,José Vicente Gómez Umpiérrez,Left Defensive Midfield,1c3128ea-aea4-476f-bf9b-7cc111548d1c,3825738,2,80,15,4821,-2,Wasted Turnover,Las Palmas,91.6
6602,Miguel Ángel Guerrero Martín,Center Forward,05a37ded-813b-4773-9f95-535442c8065e,3825739,1,19,14,1163,-4,Wasted Turnover,Sporting Gijón,95.2
20016,Kléper Laveran Lima Ferreira,Right Center Back,2c829f9c-c03a-44e3-969b-05f4b0b4549c,3825739,1,38,6,2286,4,Wasted Turnover,Real Madrid,116.4
5463,Luka Modrić,Right Center Midfield,06ec7ea6-42e7-49a4-8eda-51ca58eed4f6,3825739,2,56,53,3413,5,Yellow Card,Real Madrid,0.5
24263,Ismael López Blanco,Left Back,f38c391c-3ac4-4241-8e70-b9bf995b070e,3825739,2,72,7,4330,-4,Wasted Turnover,Sporting Gijón,104.7
6699,Ander Capa Rodríguez,Right Back,7ae6d5d6-e20b-416a-8886-f9a1faef1317,3825740,1,21,14,1274,0,Yellow Card,Eibar,0.8
27109,Youssef El-Arabi,Right Center Forward,9ae2eba0-2371-4803-8bf6-e95bdde065d6,3825740,2,76,32,4595,-3,Wasted Turnover,Granada,86.3
24263,Ismael López Blanco,Left Back,586455f1-62c3-42d5-ac53-decca9a00af1,3825741,1,6,23,385,1,Wasted Turnover,Sporting Gijón,97.9
6679,Aritz Elustondo Irribaria,Right Center Back,0d4cd54c-8637-438e-85f3-1e7419640220,3825741,1,36,30,2190,-2,Big Miss,Real Sociedad,0.34304538
6605,Joseba Zaldúa Bengoetxea,Right Back,e0ed53f5-d8ed-49ac-a52b-6380691ce0a8,3825741,2,61,51,3711,-3,Yellow Card,Real Sociedad,0.8
6680,Rubén Rochina Naixes,Center Attacking Midfield,eea0f164-7582-4796-af01-9fb76157f963,3825742,1,35,32,2132,1,Selfish Shot,Granada,0.2026927544805536
6600,Claudio Beauvue,Center Forward,48fec4cc-8410-44ae-a158-3c55eb7916be,3825743,1,18,23,1103,0,Yellow Card,Celta Vigo,0.2
6884,Sergio Álvarez Conde,Goalkeeper,0e6c919c-d34c-4e30-862a-f8c552118b89,3825743,2,64,4,3859,-3,Wasted Turnover,Celta Vigo,80.4
11298,José Ignacio Martínez García,Left Back,9cd1394e-fd77-4d3a-b93d-e29350de3d84,3825743,2,71,47,4314,3,Wasted Turnover,Rayo Vallecano,81.2
6624,Jorge Franco Alviz,Left Wing,d1f90094-b622-47cb-bfef-811381aff8d8,3825744,2,62,50,3772,1,Wasted Turnover,Espanyol,107.6
6766,Gerard Moreno Balaguero,Center Forward,3b03221e-a44d-4cc1-bea2-695e4b58dcdf,3825744,2,72,20,4340,1,Wasted Turnover,Espanyol,109.1
24072,Salvador Sevilla López,Center Attacking Midfield,167b89e2-312c-41be-abbc-57e51924c933,3825744,2,78,50,4730,1,Yellow Card,Espanyol,0.5
6733,Pedro Mosquera Parada,Left Defensive Midfield,67ed1dbd-2f5b-4d74-a351-9cffe771d620,3825745,1,18,54,1134,0,Wasted Turnover,RC Deportivo La Coruña,86.5
6595,Daniel Parejo Muñoz,Center Attacking Midfield,69a5905c-c8ca-469d-927f-4579b5d5d6bc,3825745,1,24,18,1458,0,Big Miss,Valencia,0.31842726
186264,Foued Kadir,Right Wing,07e03507-f604-4298-8ba7-199d540e6f4e,3825746,1,17,19,1043,1,Wasted Turnover,Real Betis,92.4
6655,Fabián Ruiz Peña,Center Attacking Midfield,1d45288a-e880-4adf-92d4-a55ee3cdd7de,3825746,1,27,40,1662,1,Wasted Turnover,Real Betis,96.0
19677,Karim Benzema,Center Forward,44082714-c1d7-4369-98e7-cb8548167de5,3825746,2,78,23,4703,0,Big Miss,Real Madrid,0.52824646
5207,Cristiano Ronaldo dos Santos Aveiro,Left Wing,6679845a-34be-4f7a-bc98-fabf88d6d549,3825746,2,86,31,5191,0,Big Miss,Real Madrid,0.45097622
24070,Saúl Berjón Pérez,Left Midfield,46709f43-629f-4cae-8dca-ba7a85988d74,3825747,1,18,7,1087,0,Big Miss,Eibar,0.41648012
6712,Gonzalo Escalante,Left Defensive Midfield,abfedbc3-54f2-4a94-af6a-577ad2e9cec5,3825747,2,58,55,3535,-2,Yellow Card,Eibar,0.6
6699,Ander Capa Rodríguez,Right Back,a72d2e16-4ece-4d13-b864-c2a425a1d15d,3825747,2,63,59,3839,-2,Wasted Turnover,Eibar,80.2
6744,Luciano Vietto,Right Center Forward,15437936-3b21-4a7c-8ec9-c5243156d0bd,3825748,2,52,47,3181,0,Wasted Turnover,Atlético Madrid,103.4
6668,José Luis Morales Nogales,Left Wing,1b26e8c3-616d-4447-bd52-e8281e7f92a1,3825749,1,15,31,932,0,Wasted Turnover,Levante UD,87.3
6784,Antonio García Aranda,Left Back,4fc5e2e7-7404-4613-8187-717c840f9573,3825749,1,42,10,2530,1,Yellow Card,Levante UD,0.8
27123,Jordi Xumetra Feliu,Right Wing,4eb57864-490d-409a-9e62-28b75f458137,3825749,2,73,44,4424,1,Yellow Card,Levante UD,0.2
6832,Rubén Castro Martín,Center Forward,3df765e1-8f32-4c9b-b965-2554660fb81a,3825750,1,20,5,1216,-1,Wasted Turnover,Real Betis,80.2
27346,Petros Matheus dos Santos Araújo,Right Defensive Midfield,2839ad46-2eea-48c4-85d1-9275c99954fd,3825750,1,28,19,1703,-1,Wasted Turnover,Real Betis,82.7
6865,Francisco José Molinero Calderón,Right Back,854fa8cf-5e78-468a-a7d5-1d825df7a146,3825750,1,35,19,2119,-2,Yellow Card,Real Betis,0.8
27348,Ricky van Wolfswinkel,Center Attacking Midfield,678f6d33-f8d6-4c63-91a3-bf6dbcc0d5d5,3825750,2,52,11,3131,-1,Big Miss,Real Betis,0.3055286
6666,Sabin Merino Zuloaga,Left Wing,c80b6375-683a-4dbc-8a01-5ce1cb4d1cd0,3825751,1,12,51,771,0,Big Miss,Athletic Club,0.5574795
26087,Carlos Gurpegi Nausia,Right Center Back,18aab921-e928-439e-8bc5-fc9ccaab5432,3825751,2,51,46,3107,1,Wasted Turnover,Athletic Club,117.5
6707,Charles Días Barbosa de Oliveira,Right Center Forward,fdca1d8e-79d4-4860-ad91-10ff99c4c30e,3825752,1,31,59,1923,0,Wasted Turnover,Málaga,92.0
6775,Daniel García Carrillo,Left Center Midfield,d45b5126-e5c5-41aa-87ba-682a754d55ea,3825752,2,58,6,3486,-1,Yellow Card,Eibar,0.5
6727,Raúl Albentosa Redal,Right Center Back,415da24f-4ae4-4d15-bae8-cf30c0e16615,3825752,2,64,25,3865,1,Yellow Card,Málaga,0.8
18721,Robert Ibáñez Castro,Left Wing,59282205-a3b9-43ce-94f5-02336ce55451,3825753,1,28,36,1716,0,Wasted Turnover,Granada,106.5
6918,Isaac Ajayi Success,Right Wing,d003ab16-74bd-4738-8b3b-91ebfb5c8e40,3825753,1,35,24,2126,0,Wasted Turnover,Granada,91.1
6609,Denis Suárez Fernández,Left Midfield,4158b6d2-a2f3-4192-adc5-91802058209c,3825753,2,72,49,4376,1,Wasted Turnover,Villarreal,103.3
6626,Mubarak Wakaso,Right Wing,8032cec5-48c5-40be-aa30-9e641429075c,3825754,2,55,36,3336,0,Yellow Card,Las Palmas,0.2
3610,Roque Mesa Quevedo,Left Defensive Midfield,27606a1c-0e82-48e5-8579-75758b1f55f4,3825754,2,65,12,3912,0,Yellow Card,Las Palmas,0.6
6561,Luis Hernández Rodríguez,Right Center Back,34e1c1a9-a746-4bd8-ab89-cedf70191bc7,3825755,2,58,6,3486,1,Yellow Card,Sporting Gijón,0.8
16332,Ognjen Vranješ,Right Back,b4d5287f-b5cb-49c8-ac6f-dacbe662c4fc,3825755,2,69,1,4141,1,Yellow Card,Sporting Gijón,0.8
6401,Kevin Gameiro,Center Forward,58373e28-37d4-4c5e-943f-5324492996a5,3825756,1,10,13,613,1,Big Miss,Sevilla,0.35893556
23816,José Antonio Reyes Calderón,Right Wing,92a60119-0d50-4056-bea6-c7bebfe0051d,3825756,2,64,53,3893,1,Wasted Turnover,Sevilla,102.7
3486,Fernando Llorente Torres,Center Forward,83892c8c-33cb-4da3-a2ab-6804b19d4e2b,3825756,2,87,30,5255,2,Wasted Turnover,Sevilla,87.5
6867,Papa Kouly Diop,Left Defensive Midfield,356339e3-928a-430e-93d2-bf92e4683b29,3825757,1,35,52,2152,-3,Yellow Card,Espanyol,0.6
6867,Papa Kouly Diop,Right Defensive Midfield,38055020-7c9e-49cc-826d-82fcb07cebd3,3825757,2,50,15,3015,-4,Wasted Turnover,Espanyol,105.1
5539,Carlos Henrique Casimiro,Center Defensive Midfield,38c08bed-dfdd-4d66-8967-31a702e3d99d,3825757,2,83,5,4985,5,Yellow Card,Real Madrid,0.6
6913,Fernando Navarro i Corbacho,Left Back,dcaa9c8d-48be-4f22-aceb-5dd38b3a1d97,3825758,1,6,13,374,0,Wasted Turnover,RC Deportivo La Coruña,96.9
5724,Fayçal Fajr,Right Wing,2759c5d6-05cf-4c89-a615-6a4c1e633414,3825758,1,11,39,710,-1,Wasted Turnover,RC Deportivo La Coruña,90.7
7900,Tiago Manuel Dias Correia,Left Wing,65d9e26e-3b16-40a3-aa49-266282f3b94d,3825758,1,39,47,2387,1,Wasted Turnover,Rayo Vallecano,104.4
23806,Alejandro Bergantiños García,Right Defensive Midfield,ae8957ec-4dec-4546-b529-e551ace4a72c,3825758,2,68,37,4124,0,Wasted Turnover,RC Deportivo La Coruña,86.4
26288,Jonathan Javier Rodríguez Portillo,Left Wing,13dbcc17-d7c1-4b8d-af50-43d39b5f3c97,3825758,2,79,10,4752,0,Wasted Turnover,RC Deportivo La Coruña,111.9
6383,Thomas Teye Partey,Right Midfield,967674cf-20cc-4d3f-ac9c-28a46d1b3475,3825760,1,15,38,938,0,Yellow Card,Atlético Madrid,0.5
6742,Sergio Gontán Gallardo,Right Midfield,0ed758b8-1193-4dc9-8693-908bde14ec11,3825760,1,29,32,1772,0,Wasted Turnover,Eibar,81.8
6392,Íñigo Lekue Martínez,Right Back,47604b61-efbe-4782-b298-80ea68ceab8f,3825761,2,59,36,3576,0,Yellow Card,Athletic Club,0.8
6666,Sabin Merino Zuloaga,Left Wing,fc3827d7-cdd8-4966-a848-9f44cef9f93f,3825761,2,66,42,4002,0,Yellow Card,Athletic Club,0.2
6581,Jonathan Rodríguez Menéndez,Left Wing,21e9f854-24e2-4040-a939-bf2ad474f02e,3825762,1,33,24,2004,1,Yellow Card,Sporting Gijón,0.2
26607,José Raúl Baena Urdiales,Left Defensive Midfield,449e099b-c0c1-4950-9f38-041e7b4f24a0,3825763,1,38,11,2291,1,Yellow Card,Rayo Vallecano,0.6
6852,Jozabed Sánchez Ruiz,Center Attacking Midfield,14489b38-fc31-40a7-9fa2-b655955b98ee,3825763,2,57,25,3445,1,Big Miss,Rayo Vallecano,0.42304686
26685,Nicolás Ladislao Fedor Flores,Center Forward,8df5f0a9-643d-4e38-9f3f-c5fce36c5653,3825763,2,83,27,5007,2,Yellow Card,Rayo Vallecano,0.2
20064,Hugo Miguel Almeida Costa Lopes,Right Back,a7153800-f346-45ac-8a87-d91edd5a186e,3825764,1,18,10,1090,0,Yellow Card,Granada,0.8
6804,Sergi Gómez Solà,Left Center Back,69a5bbf9-f1d1-4218-ada8-5d386fa5d2ff,3825765,1,7,36,456,0,Yellow Card,Celta Vigo,0.8
23785,Théo Bongonda Mbul''Ofeko Batombo,Left Wing,f6a2c569-fa79-4a31-9a81-44018935d705,3825765,1,27,16,1636,0,Yellow Card,Celta Vigo,0.2
8523,Yevhen Konoplyanka,Left Wing,f12fefe0-31f8-4c64-90f4-4d5bc7a11638,3825765,1,33,24,2004,0,Yellow Card,Sevilla,0.2
5217,Iago Aspas Juncal,Center Forward,38b75480-853a-4118-8756-c7e1c49d57fa,3825765,1,40,12,2412,0,Yellow Card,Celta Vigo,0.2
6600,Claudio Beauvue,Right Wing,9bf04271-965f-4b6d-b713-1253e9718031,3825765,2,52,18,3138,-1,Big Miss,Celta Vigo,0.39026278
5737,Steven N''Kemboanza Mike Christopher Nzonzi,Right Defensive Midfield,b6dbc0a8-11a6-48b3-a0f8-1277ccb13a2c,3825765,2,58,52,3544,1,Wasted Turnover,Sevilla,85.3
6600,Claudio Beauvue,Right Wing,652cd2f6-126c-467e-8bd8-604c9ced7faa,3825765,2,79,21,4764,0,Wasted Turnover,Celta Vigo,104.7
18724,Sofiane Feghouli,Right Wing,4aa6f103-8897-49e4-9933-9c3ee100783f,3825766,1,34,42,2082,0,Yellow Card,Valencia,0.2
6867,Papa Kouly Diop,Right Defensive Midfield,a1cd2ac7-8e2d-45e3-b4c5-a04cfb6fe01d,3825767,1,17,58,1078,-2,Yellow Card,Espanyol,0.6
24072,Salvador Sevilla López,Center Attacking Midfield,7d5b249a-d0ad-4729-b71c-8d37d0192d62,3825767,2,61,47,3709,-4,Wasted Turnover,Espanyol,86.1
5719,Marco Asensio Willemsen,Right Wing,fa5d8d7b-d6ff-4286-8347-3e655606b270,3825767,2,68,33,4113,-4,Wasted Turnover,Espanyol,80.7
6605,Joseba Zaldúa Bengoetxea,Right Back,b5b06c8d-10f5-4c9f-b421-9d76f4e6b74a,3825767,2,78,36,4716,4,Yellow Card,Real Sociedad,0.8
4711,Pablo Hernández Domínguez,Right Wing,372f916d-c718-41ca-902c-f9446c214cce,3825768,2,76,12,4572,0,Yellow Card,Rayo Vallecano,0.2
6707,Charles Días Barbosa de Oliveira,Left Center Forward,6616c6a2-fd34-477e-9c49-65813b7aaf22,3825769,1,18,50,1141,-1,Wasted Turnover,Málaga,113.9
6727,Raúl Albentosa Redal,Right Center Back,de21fee6-2067-49b8-961b-a5eaeee5c271,3825769,1,33,9,1989,-1,Yellow Card,Málaga,0.8
8234,Ignacio Camacho Barnola,Right Defensive Midfield,a1f436db-4f51-4593-97d8-5a9029330c17,3825769,2,61,19,3680,-1,Wasted Turnover,Málaga,97.0
6862,Cédric Bakambu,Center Forward,a97bfae6-6349-4599-b773-2f2d055bbdea,3825769,2,89,22,5362,1,Yellow Card,Villarreal,0.2
6394,Aritz Aduriz Zubeldia,Center Forward,71f3d557-3c63-4b50-b4ad-47ca49b2f03f,3825770,1,5,45,347,-1,Wasted Turnover,Athletic Club,84.2
6606,Javier Eraso Goñi,Center Attacking Midfield,42a3ef7b-86bf-4a17-b697-3d9a5428089a,3825770,2,80,13,4814,-2,Wasted Turnover,Athletic Club,85.7
186264,Foued Kadir,Right Midfield,ef4c2c56-a690-49cf-ab85-c856573231fc,3825771,1,11,49,714,0,Wasted Turnover,Real Betis,90.1
186264,Foued Kadir,Right Midfield,a5114653-8ca6-49fd-baa3-08790d8cfa9e,3825771,1,27,2,1623,0,Wasted Turnover,Real Betis,98.4
6762,Álvaro González Soberón,Right Center Back,418f2053-458c-43ee-8444-9af91b38a27c,3825772,1,12,49,769,0,Yellow Card,Espanyol,0.8
7005,João Pedro Cavaco Cancelo,Right Back,bc6e0cb2-f238-413b-83d2-9a4f1a720f7b,3825772,1,19,30,1170,0,Wasted Turnover,Valencia,93.7
5741,Enzo Nicolás Pérez,Right Defensive Midfield,7df28349-a52e-4d84-9e92-cf63eeed04ef,3825772,1,33,5,1985,0,Yellow Card,Valencia,0.6
7141,Giuseppe Rossi,Left Center Forward,ea36246f-178d-4bab-9a94-18f04774affe,3825773,1,11,25,692,0,Wasted Turnover,Levante UD,81.8
6720,Pablo Sarabia García,Right Center Midfield,8899a89d-527e-454c-8a05-d9ef4ddfe499,3825774,1,31,6,1866,-1,Yellow Card,Getafe,0.5
4546,Dimitri Foulquier,Right Back,cf596a70-44d8-4364-881b-3922acc20204,3825775,1,17,8,1028,0,Yellow Card,Granada,0.8
6680,Rubén Rochina Naixes,Center Attacking Midfield,60f3ffef-2d69-47d9-a193-bfd5764f413b,3825775,1,29,15,1760,-1,Wasted Turnover,Granada,83.2
25707,Francisco Manuel Rico Castro,Right Defensive Midfield,f26aaf23-4e3b-4697-a5c1-6444af4b7a5a,3825775,2,64,25,3865,-3,Selfish Shot,Granada,0.2815449607328636
10476,Timothée Kolodziejczak,Left Center Back,134b70fd-2f72-427d-99f3-ecfa7996b142,3825776,2,63,23,3803,0,Yellow Card,Sevilla,0.8
24035,Álvaro Vázquez García,Center Forward,89e11482-ffd9-4296-a4b0-c43ddbaf8919,3825777,1,14,51,891,-1,Big Miss,Getafe,0.39436844
15893,Víctor Rodríguez Romero,Left Defensive Midfield,38dfcfc3-d047-47bb-8c01-deb6fa861665,3825777,1,33,16,1996,-1,Wasted Turnover,Getafe,100.1
6784,Antonio García Aranda,Left Back,3cf2af33-01de-48fb-bd8b-a8bae72a6b1b,3825777,2,53,6,3192,2,Wasted Turnover,Levante UD,85.2
24263,Ismael López Blanco,Left Back,31bd4d0c-bc6a-45bf-9cae-56e9065acee5,3825778,1,8,53,535,0,Wasted Turnover,Sporting Gijón,107.6
23994,Alejandro Menéndez Díez,Left Midfield,2f353f29-ed65-4e45-abeb-605f9f8fef19,3825778,1,14,48,901,0,Wasted Turnover,Sporting Gijón,85.2
24263,Ismael López Blanco,Left Back,0f8ea2cb-ff44-45c7-9206-41217f2bf34d,3825778,2,59,48,3588,0,Yellow Card,Sporting Gijón,0.8
24508,Manuel Castellano Castro,Right Back,f78d11cc-5ef1-445f-b49f-d4fef00ed2c2,3825779,1,19,22,1162,0,Yellow Card,Eibar,0.8
6801,Pedro Pablo Hernández,Left Center Midfield,8d6f989d-98ca-47d9-a7ef-9d65e682f953,3825779,1,25,19,1519,0,Yellow Card,Celta Vigo,0.5
6699,Ander Capa Rodríguez,Right Back,ab3a438c-21dc-4112-8e51-8be6a9b9a6ff,3825779,2,50,28,3028,-2,Yellow Card,Eibar,0.8
6804,Sergi Gómez Solà,Left Center Back,6168c226-6cba-451a-be4b-4c896b964ca3,3825779,2,81,49,4909,3,Yellow Card,Celta Vigo,0.8
5719,Marco Asensio Willemsen,Right Wing,d50d8e1f-142d-4974-ad8d-e665b230d413,3825780,1,18,36,1116,0,Yellow Card,Espanyol,0.2
5719,Marco Asensio Willemsen,Right Wing,1ad06c27-6299-472b-bd63-7e5638f97df6,3825780,1,26,5,1568,0,Wasted Turnover,Espanyol,91.0
6758,Víctor Sánchez Mata,Center Attacking Midfield,796da60f-9e75-45e9-80d3-cbeeade6da86,3825780,2,55,58,3358,1,Yellow Card,Espanyol,0.5
26607,José Raúl Baena Urdiales,Right Defensive Midfield,1dccecaa-252e-481f-b6e1-92381c044536,3825781,1,15,4,904,-1,Yellow Card,Rayo Vallecano,0.6
3497,Vicente Iborra De La Fuente,Center Attacking Midfield,480e3595-8680-468b-9cc2-4e7fb3fc1f45,3825781,1,20,54,1254,2,Big Miss,Sevilla,0.45056382
7900,Tiago Manuel Dias Correia,Left Wing,09095443-a2b1-4ec4-98ae-114bf9e5360a,3825781,1,30,49,1856,-2,Wasted Turnover,Rayo Vallecano,87.4
11539,Adrián Embarba Blázquez,Right Midfield,e6866a70-dd6d-4bff-818b-12f083e18b3c,3825781,2,63,41,3821,0,Yellow Card,Rayo Vallecano,0.5
6713,Diego Javier Llorente Ríos,Left Center Back,156358b8-03b5-460f-b0ed-3eb62f8b6ab0,3825781,2,74,53,4493,0,Yellow Card,Rayo Vallecano,0.8
6595,Daniel Parejo Muñoz,Right Center Midfield,dc6835c0-5387-40cc-a8bb-a326252fa07e,3825782,1,21,31,1291,0,Yellow Card,Valencia,0.5
6599,Rubén Salvador Pérez Del Mármol,Right Defensive Midfield,0160ccaa-1690-4fe8-bc95-c6b6785431d4,3825782,2,51,42,3102,0,Yellow Card,Granada,0.6
6918,Isaac Ajayi Success,Right Wing,a7ec5554-c5f1-4b18-a502-941f4aa1d0a6,3825782,2,71,8,4270,-1,Wasted Turnover,Granada,89.0
8584,Jonathas Cristian de Jesus,Center Forward,2e9bb0ba-b9f3-40a9-9c65-bb082ce56553,3825783,1,18,41,1121,1,Yellow Card,Real Sociedad,0.2
5560,Carlos Alberto Vela Garrido,Right Wing,902ee3d6-4d90-4a96-87cc-4932b49993ac,3825783,2,52,16,3136,1,Yellow Card,Real Sociedad,0.2
6622,Tomás Pina Isla,Left Center Midfield,4dc9f613-d49c-4acb-a290-f33b173a1f26,3825784,1,21,27,1292,0,Wasted Turnover,Villarreal,84.5
5487,Antoine Griezmann,Right Center Forward,b9d0637a-11b8-4080-819c-2c7b868a46f2,3825784,1,34,38,2078,0,Selfish Shot,Atlético Madrid,0.1196775917849812
6563,Juan Pablo Añor Acosta,Right Midfield,fd0e069a-3ea1-4594-be5e-87d1df1a0e14,3825785,1,18,23,1103,0,Big Miss,Málaga,0.33108515
5552,Marcelo Vieira da Silva Júnior,Left Back,50712cf7-c8e8-44c1-92db-95c56e6d29f4,3825785,1,23,47,1427,0,Yellow Card,Real Madrid,0.8
5463,Luka Modrić,Right Center Midfield,dcd568e7-2322-48bf-8df7-8f0a45c93cd5,3825785,2,70,8,4208,0,Yellow Card,Real Madrid,0.5
6764,Pablo Fornals Malla,Left Midfield,4919f6ce-fc25-465b-a8c7-204112055c90,3825785,2,76,22,4594,0,Wasted Turnover,Málaga,88.9
6700,Sergio Enrich Ametller,Left Center Forward,b8f77c4f-75cd-45b3-973f-dc94a2a23ddb,3825786,1,7,32,452,0,Wasted Turnover,Eibar,81.2
6776,David Juncà Reñé,Left Back,6fb00d8d-94e0-42c5-ac10-2c9dbf27646b,3825786,1,17,37,1066,0,Wasted Turnover,Eibar,80.9
6699,Ander Capa Rodríguez,Right Back,e82ab219-8d9b-4dfd-93e5-3df88d3a7790,3825786,2,85,31,5131,-1,Yellow Card,Eibar,0.8
5249,Diego Roberto Godín Leal,Left Center Back,9e8a66bc-9de5-485e-a187-70fe00d3b4c9,3825787,1,29,57,1797,0,Yellow Card,Atlético Madrid,0.8
6320,Filipe Luís Kasmirski,Left Back,7f234629-4c62-4b5f-8e5d-9de493bedec1,3825787,1,36,31,2191,0,Yellow Card,Atlético Madrid,0.8
5259,José María Giménez de Vargas,Right Center Back,c9f20d71-98d8-4338-a994-03c35b44ab65,3825787,2,71,32,4292,1,Yellow Card,Atlético Madrid,0.8
6720,Pablo Sarabia García,Right Wing,fe5aff5a-e966-47bb-924f-a0c2335fe7e1,3825788,1,23,33,1413,0,Wasted Turnover,Getafe,103.9
11813,Emiliano Buendía,Right Back,6c764c49-ae14-4fb6-b901-100b12df9de2,3825788,2,51,4,3064,0,Yellow Card,Getafe,0.8
6801,Pedro Pablo Hernández,Right Defensive Midfield,2b0fd46b-d841-4787-8de0-83f526096796,3825788,2,56,58,3418,0,Yellow Card,Celta Vigo,0.6
15893,Víctor Rodríguez Romero,Center Attacking Midfield,ac60803e-926a-4cde-8262-8c5352614574,3825788,2,65,48,3953,0,Wasted Turnover,Getafe,104.8
6724,Manuel Agudo Durán,Left Center Midfield,1c46b252-29fa-4987-b943-c68407445030,3825788,2,87,14,5243,1,Wasted Turnover,Celta Vigo,105.6
6899,Rubén Pardo Gutiérrez,Left Defensive Midfield,ca597eec-bc33-4c67-87fc-35fedc7e449f,3825789,1,37,50,2276,0,Wasted Turnover,Real Sociedad,97.9
6880,Arnaldo Antonio Sanabria Ayala,Left Center Forward,667d5f2e-9121-44bf-9429-6b9d67d222a2,3825790,2,70,49,4249,-1,Big Miss,Sporting Gijón,0.5119527
6630,Jorge Molina Vidal,Right Center Forward,9f13ecc9-3422-4bb2-9998-2f39a89ab8ac,3825791,2,52,13,3134,0,Wasted Turnover,Real Betis,92.1
5724,Fayçal Fajr,Right Wing,9b8d8f37-4987-471d-a004-4affc5b8fa75,3825792,1,8,46,527,0,Wasted Turnover,RC Deportivo La Coruña,82.6
6913,Fernando Navarro i Corbacho,Left Center Back,eae29eb8-2ffd-4d46-8642-b2a1c057472d,3825792,1,31,32,1892,-1,Yellow Card,RC Deportivo La Coruña,0.8
6738,Juan Francisco Moreno Fuertes,Right Back,89c5fe35-99d5-4f3a-b1b1-b51e31653a93,3825792,2,55,56,3359,-1,Wasted Turnover,RC Deportivo La Coruña,90.0
6680,Rubén Rochina Naixes,Left Center Forward,dee0d09b-7059-4137-879e-ebdc863af327,3825792,2,67,59,4087,1,Wasted Turnover,Granada,100.7
6386,Eneko Bóveda Altube,Right Back,ef4d73b4-e4ca-46f4-8c3a-33bc06e3e6de,3825793,1,11,38,698,0,Wasted Turnover,Athletic Club,90.1
7005,João Pedro Cavaco Cancelo,Right Back,6d8bd048-d57e-4374-9a02-78578e263e71,3825793,2,53,56,3236,0,Yellow Card,Valencia,0.8
7005,João Pedro Cavaco Cancelo,Right Back,ba01a11f-538b-488d-888f-1df2510468e0,3825793,2,81,34,4895,-3,Wasted Turnover,Valencia,93.2
22819,Bruno Soriano Llido,Left Defensive Midfield,52100858-b899-4cc0-9a87-4a88da8bbd57,3825794,1,13,32,812,1,Wasted Turnover,Villarreal,84.7
26012,David Navarro Pedrós,Right Center Back,8fa9c7a9-c00b-4f6c-8e35-de90f0a00ac1,3825794,1,26,31,1591,-1,Yellow Card,Levante UD,0.8
6761,Leonardo Carrilho Baptistão,Right Center Forward,90666145-0605-40f7-8437-f935cdf9eb64,3825794,1,31,55,1915,2,Big Miss,Villarreal,0.33302253
24149,José Antonio García Rabasco,Right Defensive Midfield,8a7b3a75-549a-4e24-aae9-f8c050690cdb,3825794,2,54,6,3249,-3,Wasted Turnover,Levante UD,112.1
6735,Adrián López Álvarez,Left Center Forward,dcec2eee-65db-4cfe-a08d-5c6ad4db2abf,3825794,2,61,4,3670,3,Wasted Turnover,Villarreal,84.6
6829,Samuel Castillejo Azuaga,Left Midfield,b24115d9-2364-4072-a857-425a76ac6271,3825794,2,72,13,4333,3,Wasted Turnover,Villarreal,106.6
5249,Diego Roberto Godín Leal,Left Center Back,5d29c187-2bf0-4eb0-b787-894502e32930,3825795,1,12,59,779,1,Wasted Turnover,Atlético Madrid,114.8
8584,Jonathas Cristian de Jesus,Center Forward,adce46d4-1523-4209-ba0c-34395e495c27,3825795,1,24,51,1495,-1,Wasted Turnover,Real Sociedad,106.4
6770,Esteban Félix Granero Molina,Right Center Midfield,227ffc2d-28dd-4a9f-8e6e-b6fd278ab263,3825795,2,56,51,3411,-2,Yellow Card,Real Sociedad,0.5
6736,Álvaro Medrán Just,Right Defensive Midfield,84ee1d35-dff3-4943-a010-a84a86050909,3825796,2,52,9,3129,-3,Wasted Turnover,Getafe,117.3
24035,Álvaro Vázquez García,Center Forward,0890d985-e3a0-4086-8a12-ca87bb6412db,3825796,2,75,37,4537,-3,Yellow Card,Getafe,0.2
3610,Roque Mesa Quevedo,Center Defensive Midfield,e2897fc9-cc6b-41ef-a46c-ce08ac49d168,3825796,2,81,46,4906,3,Yellow Card,Las Palmas,0.6
27243,Oriol Riera Magem,Right Center Forward,f4920b6c-2a4c-4458-82d6-25b0bc622230,3825797,1,9,53,600,0,Wasted Turnover,RC Deportivo La Coruña,100.4
26107,Alberto Lopo García,Center Back,868fe456-783f-4063-9aba-1e6767dcc9dc,3825797,2,58,15,3495,-2,Yellow Card,RC Deportivo La Coruña,0.8
5202,José Ignacio Fernández Iglesias,Left Back,4c9c9395-7333-44af-bfef-c1190427a98c,3825798,1,7,46,478,0,Wasted Turnover,Real Madrid,90.4
23943,Rubén García Santos,Left Midfield,758f298c-48f3-4d03-bb73-e0b5f07915e7,3825798,2,78,27,4707,-1,Yellow Card,Levante UD,0.5
5200,Lucas Vázquez Iglesias,Right Wing,57d9d9e4-54ae-4acb-aada-0ac288043dbd,3825798,2,87,15,5246,1,Wasted Turnover,Real Madrid,82.6
3638,Shkodran Mustafi,Right Center Back,71eb4cdd-3b92-418f-bb10-0c2fb6551b0d,3825799,1,18,48,1128,-1,Yellow Card,Valencia,0.8
6707,Charles Días Barbosa de Oliveira,Right Center Forward,aa9740fd-4e52-47e4-a61c-389ab085cf13,3825799,2,76,51,4611,-1,Yellow Card,Málaga,0.2
6402,Francisco Alcácer García,Center Forward,f33ecdff-ed67-4275-97a6-706252ec85e5,3825799,2,82,1,4924,1,Wasted Turnover,Valencia,101.9
6724,Manuel Agudo Durán,Left Wing,2cbc6fb7-33af-47b8-ad17-c79fa138fafd,3825800,2,65,30,3930,0,Wasted Turnover,Celta Vigo,96.7
5588,Antonio Rukavina,Left Back,432ef924-addb-455a-bc48-1f9b5524b344,3825800,2,85,34,5134,0,Yellow Card,Villarreal,0.8
3486,Fernando Llorente Torres,Center Forward,09496ce4-4f38-4ace-8750-baa5b8732643,3825801,1,20,17,1222,1,Wasted Turnover,Sevilla,93.4
6356,Michael Krohn-Dehli,Left Wing,71efce2c-bfa9-4f23-9278-e7e091d02597,3825801,2,57,44,3464,1,Big Miss,Sevilla,0.34666362
5504,Éver Maximiliano David Banega,Center Attacking Midfield,0be81561-c8a8-4ac8-aab0-d44d91dffdc0,3825801,2,72,11,4331,1,Big Miss,Sevilla,0.39834383
27239,Aleksandar Pantić,Right Center Back,fb430866-a5ed-48bc-8fe2-15a3d3571808,3825801,2,77,54,4674,-1,Yellow Card,Eibar,0.8
6872,Bruno González Cabrera,Left Center Back,d25f3267-939f-4190-bac8-92654abc3209,3825802,1,17,37,1057,1,Yellow Card,Real Betis,0.8
6766,Gerard Moreno Balaguero,Left Center Forward,3b72edc7-9c59-40b0-b757-9594abef0c74,3825802,1,32,18,1946,-2,Wasted Turnover,Espanyol,90.5
16456,Enzo Pablo Roco Roco,Left Back,c46c76d1-a5fa-43a6-a5b4-eae0faa4254a,3825802,2,51,6,3078,-2,Wasted Turnover,Espanyol,86.3
6838,Hernán Arsenio Pérez González,Left Wing Back,5ece61e9-1e4a-4d8f-9669-8067b8494c82,3825802,2,58,27,3507,-2,Wasted Turnover,Espanyol,109.1
8818,Jorge Meré Pérez,Left Center Back,efbab1ab-9379-45fa-8a5d-e2a8ffa4615e,3825803,1,14,52,892,0,Yellow Card,Sporting Gijón,0.8
19454,Ricardo Miguel Moreira da Costa,Left Center Back,2b458225-d3e3-476c-8861-6ffb6577d055,3825803,1,32,9,1929,0,Yellow Card,Granada,0.8
6847,Adalberto Peñaranda Maestre,Left Center Forward,2d937120-3489-4882-8225-164e3824851e,3825803,2,66,23,3983,0,Yellow Card,Granada,0.2
13107,Sergio Álvarez Díaz,Right Defensive Midfield,fbe01a5f-e410-4264-81c8-a244e714e502,3825803,2,77,35,4655,-1,Yellow Card,Sporting Gijón,0.6
7782,Luis Alberto Romero Alconchel,Left Wing,cbb5777e-de21-409f-978b-25ca17140943,3825804,1,20,7,1207,0,Yellow Card,RC Deportivo La Coruña,0.2
6732,Lucas Pérez Martínez,Center Forward,be4e537a-2bbe-438f-b158-968aeb7c6c31,3825804,1,33,25,2005,-1,Big Miss,RC Deportivo La Coruña,0.65767854
6878,Miguel Torres Gómez,Left Back,ebc383c9-3926-46f9-bf63-23341906a4cf,3825804,1,40,49,2449,1,Yellow Card,Málaga,0.8
7692,Mauricio Lemos Merladet,Right Center Back,8d7d4810-cf64-4a85-b4dd-eb0e6eb516c0,3825805,2,52,0,3120,1,Yellow Card,Las Palmas,0.8
24144,Ángel Montoro Sánchez,Right Defensive Midfield,3d79ee06-6e4e-4461-9017-63ce2e482a09,3825805,2,59,17,3557,1,Yellow Card,Las Palmas,0.6
6721,Willian José da Silva,Center Forward,8b9dc5ea-58b3-474c-bf63-25f453aac4de,3825805,2,64,52,3898,1,Wasted Turnover,Las Palmas,93.7
5217,Iago Aspas Juncal,Center Forward,df152804-1449-4c9c-9d89-7094441f9e44,3825806,1,13,23,803,0,Big Miss,Celta Vigo,0.32485405
6724,Manuel Agudo Durán,Left Wing,45f5e9bd-c71b-4c25-8113-c4ed1a6e4981,3825806,1,38,54,2334,0,Yellow Card,Celta Vigo,0.2
5186,Denis Cheryshev,Left Wing,021fd13a-3f1f-4972-bfc3-8309724c6c8d,3825807,1,21,46,1306,0,Wasted Turnover,Valencia,99.1
5741,Enzo Nicolás Pérez,Right Center Midfield,c855dc16-f6ae-489f-bbec-27c43cb52337,3825807,1,29,27,1770,0,Wasted Turnover,Valencia,89.1
10037,Danilo Barbosa da Silva,Right Center Midfield,7a7040f6-4735-4f29-b6fe-ad881e13c0d3,3825807,2,50,53,3053,0,Wasted Turnover,Valencia,94.5
18724,Sofiane Feghouli,Right Wing,a6793e14-caaa-472d-a14b-f6a69316c5ef,3825807,2,77,24,4644,-1,Yellow Card,Valencia,0.2
16332,Ognjen Vranješ,Right Back,d73b5c97-3745-4725-8315-53daff012565,3825808,1,25,15,1515,0,Yellow Card,Sporting Gijón,0.8
4353,Aymeric Laporte,Left Center Back,5aa587c8-a3cb-4bfd-bc4a-a4410395989e,3825808,2,51,20,3080,1,Yellow Card,Athletic Club,0.8
6394,Aritz Aduriz Zubeldia,Center Forward,a7d7c06e-365f-4887-b115-d6cf668f6643,3825808,2,71,0,4260,2,Big Miss,Athletic Club,0.55214465
7161,Germán Alejandro Pezzella,Right Center Back,7f727a80-1cb4-436a-b9f9-6df69ce70e0b,3825809,1,11,27,687,0,Yellow Card,Real Betis,0.8
27109,Youssef El-Arabi,Left Center Forward,748dc869-c98c-476c-a7be-e10cfc86300a,3825809,1,27,22,1647,0,Wasted Turnover,Granada,83.2
20064,Hugo Miguel Almeida Costa Lopes,Right Back,8b864213-94d4-4f17-9c55-c54b4d8de838,3825809,2,60,23,3623,0,Yellow Card,Granada,0.8
6647,Zouhair Feddal,Left Center Back,e45a650d-99ea-4010-9b64-550bc6da9083,3825810,1,18,0,1080,-1,Yellow Card,Levante UD,0.8
5560,Carlos Alberto Vela Garrido,Right Wing,1f8c1642-08ea-48a0-9f92-d3585cad1a61,3825810,1,29,6,1746,0,Big Miss,Real Sociedad,0.36015105
6679,Aritz Elustondo Irribaria,Right Back,199d7d01-d0b3-4335-b47e-20d50b78ecc2,3825810,2,51,4,3064,0,Yellow Card,Real Sociedad,0.8
5560,Carlos Alberto Vela Garrido,Right Wing,456b5407-928e-4012-9f2f-6eda725242b3,3825810,2,87,57,5279,0,Wasted Turnover,Real Sociedad,100.7
6758,Víctor Sánchez Mata,Right Center Midfield,aebb5898-5c95-4258-ac5f-71e47425961e,3825811,1,23,12,1392,1,Yellow Card,Espanyol,0.5
11539,Adrián Embarba Blázquez,Right Wing,e3962cce-5e9f-4402-b02c-f35da9ec1a6f,3825811,1,29,25,1765,-1,Yellow Card,Rayo Vallecano,0.2
26607,José Raúl Baena Urdiales,Left Defensive Midfield,2eb790f3-41cb-4643-ae06-1c1aa73e6b3b,3825811,2,69,15,4155,0,Yellow Card,Rayo Vallecano,0.6
24263,Ismael López Blanco,Left Back,ebaabbf8-af1d-40ba-a44b-0b24949927ea,3825812,1,17,3,1023,0,Yellow Card,Sporting Gijón,0.8
6563,Juan Pablo Añor Acosta,Right Midfield,7db7a597-5cc1-4fef-b1ad-d0ba536db12f,3825812,1,25,24,1524,1,Yellow Card,Málaga,0.5
6581,Jonathan Rodríguez Menéndez,Left Wing,6fa3174e-b73b-4d69-b659-831dc56c7791,3825812,1,30,56,1860,-1,Wasted Turnover,Sporting Gijón,110.6
6569,Roberto José Rosales Altuve,Right Back,3812c780-3c05-40e8-b0af-f3ce40c9addb,3825812,2,68,48,4128,1,Yellow Card,Málaga,0.8
24173,Carlos Castro García,Center Attacking Midfield,4ead5207-5cd6-48f8-9c80-deffc08b7cb8,3825812,2,74,8,4448,-1,Big Miss,Sporting Gijón,0.33739123
5259,José María Giménez de Vargas,Right Center Back,8aa0a947-e1a9-4301-b2f4-dda682db0036,3825813,1,15,26,926,0,Big Miss,Atlético Madrid,0.3863975
5487,Antoine Griezmann,Left Center Forward,14be5da1-89e4-44ff-9285-bdceddb8e55b,3825813,1,23,43,1423,1,Wasted Turnover,Atlético Madrid,90.4
8584,Jonathas Cristian de Jesus,Center Forward,ffbcfebb-8d72-4e45-9bb0-f477fabe432e,3825814,1,34,4,2044,-1,Wasted Turnover,Real Sociedad,99.0
6796,Nemanja Radoja,Left Defensive Midfield,09511f80-00e3-4175-a045-766588dd210c,3825814,2,82,12,4932,1,Yellow Card,Celta Vigo,0.6
27122,Simão Mate,Right Defensive Midfield,34186810-49e5-4a8a-a506-ebb6b786ba6c,3825815,2,60,21,3621,0,Yellow Card,Levante UD,0.6
6751,Javier Fuego Martínez,Center Defensive Midfield,b3b82df1-bed3-4cae-9fc8-f073abf39476,3825815,2,76,37,4597,-1,Yellow Card,Valencia,0.6
5504,Éver Maximiliano David Banega,Center Attacking Midfield,0e558c86-78d3-45b1-967b-a98837620281,3825816,1,5,25,325,0,Yellow Card,Sevilla,0.5
5504,Éver Maximiliano David Banega,Center Attacking Midfield,28d0ebf2-e94b-4bb2-af2e-fe74b5ac0cae,3825816,1,18,8,1088,0,Wasted Turnover,Sevilla,97.6
6827,Daniele Bonera,Right Center Back,a538d248-5f9a-4ec8-b40d-63198588262f,3825816,1,23,57,1437,-1,Yellow Card,Villarreal,0.8
6356,Michael Krohn-Dehli,Right Wing,ddb03756-192f-4f8b-86f2-45aac1562ef6,3825816,2,66,56,4016,1,Big Miss,Sevilla,0.3066591
6566,Borja González Tomás,Center Forward,965efaab-c479-4743-8c83-929509c07c21,3825817,1,12,2,725,-1,Wasted Turnover,Eibar,101.8
6627,Damián Nicolás Suárez Suárez,Right Back,177d6a44-9b5a-44a4-9da8-366117f985b7,3825817,2,53,40,3227,1,Wasted Turnover,Getafe,83.5
5687,Takashi Inui,Left Wing,8120e302-dcd4-443c-997d-6d478c02d4f4,3825817,2,58,56,3547,-1,Wasted Turnover,Eibar,91.8
27402,Álvaro Daniel Pereira Barragán,Left Back,d1bbdc6b-390a-4efb-94d6-3a8771940f8c,3825817,2,64,27,3867,1,Yellow Card,Getafe,0.8
6927,David García Santana,Right Back,5e1ebe61-2ce2-49c4-8900-07998b47055b,3825818,1,30,13,1813,0,Yellow Card,Las Palmas,0.8
6665,Íñigo Martínez Berridi,Left Center Back,85f18466-c7b4-48a7-8e25-a0b3cb4e20b9,3825818,1,36,37,2197,0,Yellow Card,Real Sociedad,0.8
5718,Rodrigo Moreno Machado,Right Wing,dc179264-13ff-45a0-87c2-1ecd5f162fa0,3825819,1,17,35,1056,0,Wasted Turnover,Valencia,83.0
6600,Claudio Beauvue,Right Wing,7eb128f6-3b81-40f3-a278-c96675c3db59,3825819,1,24,51,1504,0,Wasted Turnover,Celta Vigo,96.7
5552,Marcelo Vieira da Silva Júnior,Left Back,635c19af-73d6-418e-996b-791f8a128a58,3825820,1,7,2,428,1,Wasted Turnover,Real Madrid,92.2
6672,Jorge Andújar Moreno,Right Back,8b896571-c278-485b-b017-439ee0b94edd,3825820,1,13,46,836,-1,Wasted Turnover,Sevilla,88.7
5485,Raphaël Varane,Right Center Back,6c5285ba-6e55-425a-89d9-eaf36d989a64,3825820,1,25,16,1516,1,Yellow Card,Real Madrid,0.8
5552,Marcelo Vieira da Silva Júnior,Left Back,7b7992bb-f3bd-4bb8-aeab-f54e2185541d,3825820,1,32,28,1960,1,Wasted Turnover,Real Madrid,81.9
6762,Álvaro González Soberón,Right Back,3ccef7a1-fa5e-4873-ae36-6971c8eb6eee,3825821,2,59,6,3546,1,Yellow Card,Espanyol,0.8
6663,Antonio Barragán Fernández,Right Back,09d4f2fd-27a3-4262-8b47-8014ff2c3e22,3825822,1,15,39,949,1,Wasted Turnover,Valencia,98.2
10037,Danilo Barbosa da Silva,Right Defensive Midfield,bcbe8197-cc8b-4fd5-b982-0e07da25e58e,3825822,2,51,24,3085,0,Wasted Turnover,Valencia,81.4
8167,Sergio Ezequiel Araújo,Left Center Forward,3677da72-d030-4ecf-8da2-5d62a7f12512,3825822,2,81,28,4901,1,Wasted Turnover,Las Palmas,110.0
23816,José Antonio Reyes Calderón,Right Wing,e2434830-5f13-4b1e-95db-96be2bfb2b28,3825823,1,9,3,546,-1,Wasted Turnover,Sevilla,107.8
6935,Adrián Marín Gómez,Left Back,ca63de4e-9c6e-4f05-857d-7d85c1d65a36,3825824,1,24,22,1468,-1,Wasted Turnover,Villarreal,82.6
6862,Cédric Bakambu,Left Center Forward,5c374d44-966d-406a-9ffb-da6e38bb579d,3825824,2,70,22,4222,1,Yellow Card,Villarreal,0.2
6622,Tomás Pina Isla,Right Defensive Midfield,744f3e69-3b59-4c4f-87e7-81198f0a660f,3825824,2,78,21,4701,1,Yellow Card,Villarreal,0.6
27109,Youssef El-Arabi,Center Forward,9d559a1d-78cb-43c4-961e-6ddcd68a7076,3825826,1,8,33,513,0,Selfish Shot,Granada,0.1932256986684895
6680,Rubén Rochina Naixes,Center Attacking Midfield,e430090f-4bad-45a3-95b9-a95d049fa06a,3825826,2,57,43,3463,0,Wasted Turnover,Granada,93.0
3084,Christian Atsu Twasam,Left Center Forward,2899ffa4-b111-440d-a898-1f3df45bc08d,3825826,2,72,14,4342,0,Wasted Turnover,Málaga,97.6
26211,Joan Verdú Fernández,Left Midfield,48279c00-cf11-4466-87ea-57e2730e71b4,3825827,1,7,4,424,0,Big Miss,Levante UD,0.3031434
5678,Jefferson Andrés Lerma Solís,Right Midfield,9396335c-7c80-46d9-abdf-3b4206757e09,3825827,1,20,16,1220,0,Wasted Turnover,Levante UD,84.9
5671,Alfred John Momar N''Diaye,Left Defensive Midfield,aac1b5dc-bd3a-4b0b-bba2-abd639dc5006,3825827,1,34,38,2078,0,Yellow Card,Real Betis,0.6
7141,Giuseppe Rossi,Left Center Forward,7238adf2-8c82-4c7b-a865-7ba9a95d4ba5,3825827,2,57,14,3434,0,Wasted Turnover,Levante UD,112.4
6375,Juan Francisco Torres Belén,Right Back,c3dcc1f0-2ed1-498b-990f-57c97328cd3b,3825828,1,17,33,1053,0,Wasted Turnover,Atlético Madrid,108.5
5487,Antoine Griezmann,Right Wing,bee50f6a-cf72-496f-a62c-3573bfc3af34,3825828,1,24,9,1449,0,Selfish Shot,Atlético Madrid,0.3588325155034125
6375,Juan Francisco Torres Belén,Right Back,fad03e3b-61c4-48ff-abf4-3cf6dccee6bf,3825828,2,55,29,3336,0,Wasted Turnover,Atlético Madrid,115.7
6320,Filipe Luís Kasmirski,Left Back,9bb4d798-70d2-4e2d-b08c-80c5c02a75d6,3825828,2,63,11,3791,1,Yellow Card,Atlético Madrid,0.8
6383,Thomas Teye Partey,Right Wing,600e932d-b857-4b90-a3bf-d8775e0fef25,3825828,2,69,6,4146,1,Wasted Turnover,Atlético Madrid,114.4
6377,Ángel Martín Correa,Left Wing,d4714e53-9b6a-4706-bea7-ffb8961656cf,3825828,2,77,12,4632,1,Yellow Card,Atlético Madrid,0.2
6745,Mehdi Lacen,Left Defensive Midfield,5c15731c-a7e7-45f5-854c-c050c23f3a36,3825830,1,6,56,425,0,Wasted Turnover,Getafe,108.5
6609,Denis Suárez Fernández,Right Midfield,b185cd71-cfd1-46bb-a238-4751fae64dc2,3825830,1,12,26,753,0,Wasted Turnover,Villarreal,82.2
6761,Leonardo Carrilho Baptistão,Right Center Forward,e7f7e516-2bd6-4ae5-9ec4-cfa51c221b80,3825830,1,19,1,1144,1,Wasted Turnover,Villarreal,89.0
5588,Antonio Rukavina,Left Back,f5b05a84-3d4e-4f3f-9d78-a79163c3c032,3825830,1,25,31,1531,1,Yellow Card,Villarreal,0.8
5588,Antonio Rukavina,Left Back,19bd5f7c-6403-46c4-b006-61035b6086ec,3825830,2,55,30,3330,1,Wasted Turnover,Villarreal,90.8
6735,Adrián López Álvarez,Left Center Forward,03b227fe-7a47-4129-a053-d6322e22818b,3825830,2,61,57,3730,1,Wasted Turnover,Villarreal,83.4
6736,Álvaro Medrán Just,Right Defensive Midfield,412c08ee-298d-4aef-b9e2-20662a34416f,3825830,2,67,33,4053,-1,Yellow Card,Getafe,0.6
6594,Santiago Mina Lorenzo,Left Wing,7f69784f-4e3e-4c97-b751-0b9ea426267f,3825831,1,12,52,778,0,Wasted Turnover,Valencia,116.4
3638,Shkodran Mustafi,Right Center Back,623449da-0f14-4cc5-bc48-b9d69b3c3cad,3825831,1,31,28,1888,0,Yellow Card,Valencia,0.8
6595,Daniel Parejo Muñoz,Left Center Midfield,5e22e393-3286-43fb-be22-ba8939d385fa,3825831,2,80,0,4801,1,Wasted Turnover,Valencia,86.0
6802,Jonathan Castro Otto,Right Back,acb9f4f4-912d-4c73-9436-014f52526a40,3825832,1,18,7,1087,0,Yellow Card,Celta Vigo,0.8
6724,Manuel Agudo Durán,Left Wing,dd12880e-fdbe-46e7-bdbf-4aaafbb03aa7,3825832,1,25,47,1547,0,Wasted Turnover,Celta Vigo,116.1
6795,Rubén Blanco Veiga,Goalkeeper,3872dc5a-27dd-44ba-bdd9-878d4ca7bc4a,3825832,2,84,11,5051,1,Yellow Card,Celta Vigo,0.5
6720,Pablo Sarabia García,Left Midfield,11a7a290-1cf3-4137-87ca-a64bd72823fa,3825833,1,10,32,632,0,Selfish Shot,Getafe,0.1421855869635553
6627,Damián Nicolás Suárez Suárez,Right Back,a902152e-8bf0-4e9e-8dd1-fc2bdb561a77,3825833,1,19,14,1154,0,Wasted Turnover,Getafe,92.1
6720,Pablo Sarabia García,Left Midfield,eba72926-7fc1-44c5-be87-9bcc11641d58,3825833,1,34,21,2065,-1,Wasted Turnover,Getafe,115.8
5487,Antoine Griezmann,Right Center Forward,a9acbf1d-ac10-454b-9a3c-c3ffae55b0ba,3825834,1,13,52,834,0,Wasted Turnover,Atlético Madrid,89.8
3292,Abdoulaye Doucouré,Left Center Midfield,0ba7ed1c-624b-4b64-88d4-f503d562215d,3825834,1,27,8,1628,-1,Yellow Card,Granada,0.5
6847,Adalberto Peñaranda Maestre,Center Forward,57506cfc-f094-4d4b-af49-c95151dd7f8b,3825834,1,37,26,2246,-1,Yellow Card,Granada,0.2
6680,Rubén Rochina Naixes,Right Wing,6f315fcc-f125-4cbb-87c8-cfafff9a03d9,3825834,2,59,34,3578,-2,Wasted Turnover,Granada,84.4
19668,Augusto Matías Fernández,Left Defensive Midfield,42f06b0e-c0fb-4ede-b9e6-91e84b20d972,3825834,2,80,39,4839,2,Yellow Card,Atlético Madrid,0.6
12021,Óliver Torres Muñoz,Right Midfield,e37612ae-3f9b-42ae-b261-ba7bc1403301,3825834,2,87,24,5244,3,Yellow Card,Atlético Madrid,0.5
26087,Carlos Gurpegi Nausia,Left Center Back,61aad84f-80f9-4c2d-aedb-625c54d2dd6b,3825835,2,65,4,3904,1,Yellow Card,Athletic Club,0.8
6609,Denis Suárez Fernández,Right Midfield,3b43c96e-d824-491d-ba07-c7d89c6b836c,3825836,1,23,56,1436,0,Wasted Turnover,Villarreal,106.6
18867,Matías Nahuel Leiva Esquivel,Left Midfield,cec5d06b-4c3c-4f8e-8c13-f86eeeb48b26,3825836,2,79,26,4766,0,Yellow Card,Villarreal,0.5
6832,Rubén Castro Martín,Center Forward,ec1aae69-786d-4b16-a1e0-dc167f59dc98,3825837,1,6,13,376,0,Wasted Turnover,Real Betis,106.7
6721,Willian José da Silva,Center Forward,05afebb9-0616-4d2d-8925-dc01b629bb7e,3825837,2,67,31,4051,0,Yellow Card,Las Palmas,0.2
27348,Ricky van Wolfswinkel,Left Center Forward,f647f27e-ef1a-4473-98a2-200f970c874b,3825837,2,85,35,5135,1,Yellow Card,Real Betis,0.2
6649,Óscar de Marcos Arana,Right Back,eb67bc75-e4c3-4dcb-a2aa-10fba576cae1,3825838,1,6,13,373,0,Wasted Turnover,Athletic Club,106.1
6381,Saúl Ñíguez Esclapez,Left Midfield,288f9034-534c-4dea-8b6f-3bdfa6be86cf,3825838,1,35,24,2124,0,Wasted Turnover,Atlético Madrid,85.3
6396,Beñat Etxebarria Urkiaga,Left Defensive Midfield,83c963e4-edcb-4230-9e00-a75644457ff3,3825838,2,52,25,3145,-1,Selfish Shot,Athletic Club,0.1333803805444421
26633,Alberto Lora Ramos,Right Back,ebaed2f2-933d-481c-885c-128f047128b9,3825839,2,79,55,4795,0,Yellow Card,Sporting Gijón,0.8
10802,André Filipe Tavares Gomes,Left Center Midfield,b36d7aa9-b79d-4043-892b-f3e401ac42f8,3825840,1,19,43,1187,1,Wasted Turnover,Valencia,88.4
6770,Esteban Félix Granero Molina,Center Defensive Midfield,ed1904d7-e46b-428d-8770-1e15a60f8c79,3825841,2,81,54,4914,-1,Yellow Card,Real Sociedad,0.6
26023,Juan Francisco García García,Left Back,f1c72ceb-5142-4807-9fe7-ec334533d71c,3825842,1,30,13,1828,1,Wasted Turnover,Levante UD,83.5
5678,Jefferson Andrés Lerma Solís,Left Defensive Midfield,ac67a630-cca4-40e0-a672-5c8bf265449f,3825842,1,35,28,2128,1,Yellow Card,Levante UD,0.6
7141,Giuseppe Rossi,Right Center Forward,ada97faf-a3ff-43b5-bc10-c902ac0ec13e,3825842,1,40,29,2435,1,Wasted Turnover,Levante UD,84.8
6787,Pedro López Muñoz,Right Back,d53313ef-1f86-4a77-a60e-b35fd8b66390,3825842,2,84,31,5074,2,Wasted Turnover,Levante UD,82.6
6713,Diego Javier Llorente Ríos,Left Center Back,2d2aed5b-5314-4792-b4e5-f5a843169c51,3825843,1,28,25,1705,0,Yellow Card,Rayo Vallecano,0.8
4711,Pablo Hernández Domínguez,Right Midfield,662f1937-907b-4227-bbb0-eb982afe8bdf,3825843,1,36,40,2200,0,Yellow Card,Rayo Vallecano,0.5
6580,José Luis García del Pozo,Right Defensive Midfield,2a12fe90-6e5a-41c5-b4ff-82316cd3f420,3825843,2,65,49,3949,-1,Yellow Card,Málaga,0.6
26848,Roberto Trashorras Gayoso,Left Defensive Midfield,af8ef212-abec-44ce-881d-da896224c5d7,3825843,2,77,14,4634,1,Yellow Card,Rayo Vallecano,0.6
6391,Raúl García Escudero,Center Attacking Midfield,d70f145f-2581-4a67-a7eb-deee7c55d07e,3825844,1,19,30,1170,0,Yellow Card,Athletic Club,0.5
6832,Rubén Castro Martín,Left Center Forward,6f91db03-3d48-493e-91ea-b2a59a9faa27,3825844,2,50,7,3007,-3,Yellow Card,Real Betis,0.2
6865,Francisco José Molinero Calderón,Right Back,dd2afd9e-fd79-4bd5-93fc-1809a4993fd2,3825844,2,56,25,3385,-3,Wasted Turnover,Real Betis,90.0
6838,Hernán Arsenio Pérez González,Right Midfield,69ccdbd3-6b0c-429e-aa09-2f0c759365af,3825845,1,18,7,1089,0,Wasted Turnover,Espanyol,88.1
6612,Rubén Duarte Sánchez,Left Back,318e8a9b-cb90-4797-939d-a9cac239bc96,3825845,1,23,16,1404,0,Wasted Turnover,Espanyol,92.9
3497,Vicente Iborra De La Fuente,Center Attacking Midfield,8604b278-2b62-4896-a8da-a104a2f319b1,3825845,1,37,8,2233,0,Wasted Turnover,Sevilla,82.5
7909,Nicolás Martín Pareja,Right Center Back,cc2d8dfc-a8da-4a5a-8f62-bdee4adaad6e,3825845,2,51,7,3067,-1,Yellow Card,Sevilla,0.8
5598,Óscar Esau Duarte Gaitán,Center Defensive Midfield,4d64e353-0928-4ce1-aff7-65f2f20ef6ef,3825845,2,86,0,5160,1,Yellow Card,Espanyol,0.6
5552,Marcelo Vieira da Silva Júnior,Left Back,eec5f8fd-1ca8-4399-9f99-92092ce9022b,3825846,1,20,57,1257,1,Wasted Turnover,Real Madrid,82.1
6733,Pedro Mosquera Parada,Left Defensive Midfield,a3b5b3b0-e636-4ab9-ad00-24cfb738ae3b,3825846,2,56,16,3376,-2,Yellow Card,RC Deportivo La Coruña,0.6
6807,Roberto Suárez Pier,Right Center Back,8769af97-f127-45b7-b33f-ddbe7403193e,3825846,2,71,32,4292,-2,Big Miss,RC Deportivo La Coruña,0.34450844
6700,Sergio Enrich Ametller,Center Attacking Midfield,3748d2d1-bbae-4142-9a23-357815358e3f,3825847,1,14,2,843,1,Wasted Turnover,Eibar,90.1
6742,Sergio Gontán Gallardo,Right Midfield,f4c5fed6-73ee-4b97-8ebf-e50836234978,3825847,1,39,55,2396,1,Wasted Turnover,Eibar,89.2
6566,Borja González Tomás,Center Forward,031e9a46-6cc4-4d03-b5de-2c8fc6a566b0,3825848,1,22,7,1328,1,Wasted Turnover,Eibar,107.0
6699,Ander Capa Rodríguez,Right Back,412bff19-8ec8-4c34-abab-32604c84ab50,3825848,2,59,34,3574,1,Yellow Card,Eibar,0.8
6592,Rúben Miguel Nunes Vezo,Left Center Back,9e3a49a2-12d4-4bcf-a9b0-489b4571d638,3825849,1,32,56,1976,0,Yellow Card,Valencia,0.8
6906,Jon Bautista Orgilles,Center Forward,b8e4e726-97d2-4da0-9b7e-830c8e3a7247,3825849,2,54,28,3268,0,Yellow Card,Real Sociedad,0.2
6676,Igor Zubeldia Elorza,Left Defensive Midfield,aad0d20e-8f60-42d9-a6e2-9c506fc6df67,3825849,2,86,14,5178,0,Wasted Turnover,Real Sociedad,117.3
6038,John Guidetti,Center Forward,8cef9d96-ed17-40e6-a50c-0fb66beecf74,3825850,2,86,7,5170,1,Wasted Turnover,Celta Vigo,83.6
6827,Daniele Bonera,Right Center Back,dc664fff-6f48-41e9-b123-1900308de378,3825851,1,9,24,564,0,Yellow Card,Villarreal,0.8
7692,Mauricio Lemos Merladet,Right Center Back,46e4a6e3-2ec0-4012-bb2f-386aa3c60f6a,3825852,1,11,17,677,1,Yellow Card,Las Palmas,0.8
18398,Omar Mascarell González,Left Defensive Midfield,ec2d7dc2-f06a-4a64-b880-db8b37a5085d,3825852,1,34,41,2081,-1,Yellow Card,Sporting Gijón,0.6
10755,Jonathan Viera Ramos,Left Wing,bf9ff6f4-e15e-443e-92b7-0be029eaf275,3825852,2,66,23,3983,0,Yellow Card,Las Palmas,0.2
10476,Timothée Kolodziejczak,Left Center Back,cdc91c7d-7717-4d55-a695-36d43a1faf22,3825853,2,57,35,3455,-1,Yellow Card,Sevilla,0.8
6825,Daniel Filipe Martins Carriço,Right Center Back,09e83479-99b2-49bd-ac04-b9a70b854509,3825853,2,77,55,4675,0,Yellow Card,Sevilla,0.8
10881,Diogo José Rosário Gomes Figueiras,Right Back,fe0fc3a8-f033-46ff-a0e6-754f70c5d72a,3825853,2,84,9,5049,-1,Yellow Card,Sevilla,0.8
6700,Sergio Enrich Ametller,Center Forward,e1166762-feeb-4d93-b69b-22114901b1e6,3825854,1,13,13,800,0,Wasted Turnover,Eibar,84.4
6880,Arnaldo Antonio Sanabria Ayala,Center Forward,563c6246-cdd8-4ddc-8885-d6d8351f3777,3825854,1,20,33,1242,0,Wasted Turnover,Sporting Gijón,113.3
6557,Adrián González Morales,Center Attacking Midfield,d70905a7-e954-4294-a718-5b22b3df2407,3825854,1,31,0,1860,0,Yellow Card,Eibar,0.5
7141,Giuseppe Rossi,Left Center Forward,0ce7809f-1353-4320-b0e6-a3f2c959ddc2,3825855,1,12,19,740,0,Wasted Turnover,Levante UD,115.9
9462,José Ignacio Peleteiro Ramallo,Left Wing,bcb489e7-e12c-441f-b5f3-cb6a14c1d7c4,3825856,1,40,22,2423,-4,Wasted Turnover,Eibar,111.5
6712,Gonzalo Escalante,Right Defensive Midfield,243c3a49-76f6-47cc-bfa0-216f9b8c9a9e,3825856,2,61,46,3706,-4,Yellow Card,Eibar,0.6
6778,Iván Ramis Barrios,Left Center Back,0be66eeb-2a4b-4f68-8a23-1a4de0f0aa5a,3825856,2,67,33,4053,-4,Yellow Card,Eibar,0.8
26023,Juan Francisco García García,Left Back,0deeb73f-7f3e-4a3c-9f22-32badc13923d,3825857,2,71,20,4280,1,Yellow Card,Levante UD,0.8
24453,Josip Radošević,Left Center Midfield,7960edee-75e5-40fb-9606-94abe0819944,3825858,2,66,4,3964,0,Yellow Card,Eibar,0.5
6680,Rubén Rochina Naixes,Right Midfield,d94c0511-1192-42ab-9307-7d78f35bcb9e,3825859,1,26,21,1581,0,Selfish Shot,Granada,0.2631202241526241
3292,Abdoulaye Doucouré,Left Defensive Midfield,867f9cb9-35ab-49ae-84d9-479166a102bc,3825859,1,35,5,2105,0,Selfish Shot,Granada,0.128683296319081
6376,Stefan Savić,Left Center Back,9e14bd4a-a9ec-4d0b-be3d-e640499a0ee2,3825860,2,53,4,3184,0,Big Miss,Atlético Madrid,0.33531046
5259,José María Giménez de Vargas,Right Center Back,06ae8489-251b-4e0d-8753-49526ea23e0b,3825860,2,64,13,3853,0,Yellow Card,Atlético Madrid,0.8
6381,Saúl Ñíguez Esclapez,Right Midfield,fdaa5fab-4978-413e-b6e2-81fac094bd2c,3825860,2,72,22,4344,0,Wasted Turnover,Atlético Madrid,96.9
6669,David Zurutuza Veillet,Left Wing,cfae9eab-ea74-4932-b8f9-f4ec99e1b888,3825861,1,37,24,2247,1,Wasted Turnover,Real Sociedad,100.5
10755,Jonathan Viera Ramos,Left Center Midfield,3e674866-0be5-4005-9c1b-d04142d68403,3825863,1,26,43,1603,0,Selfish Shot,Las Palmas,0.1091872103748969
6932,Dani Castellano Betancor,Left Back,7e801718-d2d7-4cad-ae6a-d2e492eaa888,3825863,1,35,24,2124,0,Yellow Card,Las Palmas,0.8
8440,Aythami Artiles Oliva,Left Center Back,b69a3819-baec-4d43-9b22-bf697116d30f,3825863,2,57,5,3429,-1,Wasted Turnover,Las Palmas,84.6
6738,Juan Francisco Moreno Fuertes,Right Back,acd0c8ea-75d8-4891-af2c-cf19c60a9ea2,3825863,2,65,43,3943,0,Selfish Shot,RC Deportivo La Coruña,0.1850752555813309
3063,Danilo Luiz da Silva,Right Back,1fe94246-26be-455f-8bd7-99a5d11a9f2e,3825864,1,24,10,1463,0,Wasted Turnover,Real Madrid,81.6
5200,Lucas Vázquez Iglesias,Right Wing,2191b197-115c-4ee4-8e47-25b5506cee53,3825864,2,82,14,4940,1,Wasted Turnover,Real Madrid,101.4
27403,Santiago Vergini,Right Center Back,674d7405-c21e-4504-aea5-ae5630e2842f,3825865,1,31,39,1899,0,Yellow Card,Getafe,0.8
6736,Álvaro Medrán Just,Left Center Midfield,701cacba-39c0-4dfa-8aef-86774012a756,3825865,1,38,8,2291,0,Wasted Turnover,Getafe,90.3
6649,Óscar de Marcos Arana,Right Back,1a5a5cc5-9d33-4dd2-8cdc-8393cf499280,3825866,1,13,35,815,0,Wasted Turnover,Athletic Club,98.3
6391,Raúl García Escudero,Center Attacking Midfield,828e33cc-1358-4a4c-ac5a-062a626e5e95,3825866,2,53,19,3210,0,Wasted Turnover,Athletic Club,92.0
15602,Juan Carlos Valerón Santana,Center Attacking Midfield,8886f9ad-58fb-4054-8a94-34ab19559566,3825866,2,64,18,3864,0,Wasted Turnover,Las Palmas,116.8
15805,Hernán Daniel Santana Trujillo,Left Defensive Midfield,08a3a81e-6f8c-4028-b4ad-8df5ee8168c0,3825866,2,79,26,4777,0,Wasted Turnover,Las Palmas,106.6
6745,Mehdi Lacen,Left Defensive Midfield,47b64e0f-0b16-44c0-9f32-7909c888e886,3825867,1,27,18,1638,0,Wasted Turnover,Getafe,86.3
17054,Emiliano Daniel Velázquez Maldonado,Right Center Back,cf2f7bc4-6d91-4b42-85a8-11942a17b849,3825867,2,77,24,4644,0,Yellow Card,Getafe,0.8
20064,Hugo Miguel Almeida Costa Lopes,Right Back,753b990c-fd2e-4e00-96c8-18dcda357777,3825868,1,28,13,1693,-1,Yellow Card,Granada,0.8
6391,Raúl García Escudero,Center Attacking Midfield,a3f33c14-020f-406b-ab8c-3dc98c895ab7,3825869,1,14,26,880,1,Wasted Turnover,Athletic Club,102.6
6393,Iñaki Williams Arthuer,Right Wing,9d838326-e5dd-4108-a288-b480e962ee3c,3825869,2,64,30,3872,1,Wasted Turnover,Athletic Club,94.3
27341,Marcelo Alfonso Díaz Rojas,Right Defensive Midfield,c28543f7-8e6d-420e-9771-41796a83d0bf,3825870,1,26,50,1610,1,Yellow Card,Celta Vigo,0.6
6929,José Vicente Gómez Umpiérrez,Left Defensive Midfield,89280547-8204-4afd-9fa6-5a675187fd55,3825871,1,27,18,1638,0,Yellow Card,Las Palmas,0.6
16456,Enzo Pablo Roco Roco,Left Center Back,da17664e-12c6-4d81-9b95-6fd4f59ccaf3,3825871,2,68,17,4097,-3,Yellow Card,Espanyol,0.8
6381,Saúl Ñíguez Esclapez,Left Center Midfield,f2654268-ba31-4e75-822d-ef66209df20c,3825872,1,11,11,680,0,Wasted Turnover,Atlético Madrid,106.1
6381,Saúl Ñíguez Esclapez,Left Center Midfield,6648bb0d-cf89-4e0f-9187-e30e7d19bc3c,3825872,1,16,38,1004,0,Wasted Turnover,Atlético Madrid,95.7
5199,Jorge Resurrección Merodio,Center Attacking Midfield,9a84ddfe-d183-431e-81bd-7bc2cf2b81ad,3825872,1,37,23,2243,1,Yellow Card,Atlético Madrid,0.5
24162,Xavier Torres Buigues,Left Defensive Midfield,c0621d0d-e882-4805-9c27-4fa55bfd6b4e,3825872,2,73,17,4397,-3,Yellow Card,Real Betis,0.6
26009,Roberto Soldado Rillo,Right Center Forward,1494d0bd-8848-47f4-b4fc-6ac7a0d6e721,3825873,1,7,28,452,0,Wasted Turnover,Villarreal,84.7
7034,Mateo Pablo Musacchio,Right Center Back,688cbfe0-d77a-44ee-98d2-7cf1479df47f,3825873,1,22,39,1359,1,Yellow Card,Villarreal,0.8
23416,Stefan Šćepović,Center Forward,aa87f8f9-02b8-4a80-b3eb-01dab9426643,3825874,1,5,53,361,0,Wasted Turnover,Getafe,90.5
6633,Markel Bergara Larrañaga,Right Center Midfield,1d62868b-8065-4d42-8c6c-332d61a62010,3825875,1,6,55,421,0,Wasted Turnover,Real Sociedad,87.9
6622,Tomás Pina Isla,Left Defensive Midfield,d2f3ae30-7492-49a0-a305-01f4097b33ff,3825875,1,31,51,1911,0,Yellow Card,Villarreal,0.6
5560,Carlos Alberto Vela Garrido,Center Forward,e74827c5-72e4-4285-b19a-a8e5c21c0bd2,3825875,2,50,7,3007,0,Yellow Card,Real Sociedad,0.2
6609,Denis Suárez Fernández,Left Midfield,5942c38d-521e-4c6a-8945-d24157730368,3825875,2,84,43,5089,0,Wasted Turnover,Villarreal,87.8
4546,Dimitri Foulquier,Right Back,c4dca5d9-d49a-46de-ae65-167c3f60ea6c,3825877,1,25,14,1514,0,Yellow Card,Granada,0.8
7900,Tiago Manuel Dias Correia,Left Midfield,81520a6d-9ad6-4311-8f84-22b16f98bd16,3825878,1,34,48,2088,0,Yellow Card,Rayo Vallecano,0.5
6377,Ángel Martín Correa,Left Center Forward,5632eb53-2e80-4ade-bcc5-e3455f86edea,3825878,2,59,27,3581,1,Wasted Turnover,Atlético Madrid,81.9
5199,Jorge Resurrección Merodio,Left Defensive Midfield,edaf3f90-0eb9-4f42-800a-d05d6a64c9c8,3825878,2,76,42,4602,1,Selfish Shot,Atlético Madrid,0.1315446375632831
6852,Jozabed Sánchez Ruiz,Center Defensive Midfield,db9df89f-d251-4dd8-848f-4cd611fc69c3,3825878,2,86,1,5161,-1,Selfish Shot,Rayo Vallecano,0.1375932052875914
5539,Carlos Henrique Casimiro,Center Defensive Midfield,0bb92609-e828-481e-bce1-8399f63e4bd1,3825879,1,15,24,924,0,Yellow Card,Real Madrid,0.6
5207,Cristiano Ronaldo dos Santos Aveiro,Center Forward,942d8750-bb54-4d46-b6d8-5addb0619898,3825879,1,28,40,1720,1,Selfish Shot,Real Madrid,0.0972518690084573
24144,Ángel Montoro Sánchez,Center Defensive Midfield,92f3e641-806e-4e91-93d0-17e2f2e32b49,3825879,1,37,29,2249,-1,Yellow Card,Las Palmas,0.6
10755,Jonathan Viera Ramos,Left Center Midfield,e840172c-1ea1-47a3-a316-fecb85482958,3825879,2,74,12,4452,-1,Yellow Card,Las Palmas,0.5
6732,Lucas Pérez Martínez,Center Forward,24a42846-fed4-46f1-89ec-93a67e907aee,3825880,1,13,21,811,0,Wasted Turnover,RC Deportivo La Coruña,89.5
27122,Simão Mate,Left Defensive Midfield,8f0e1f8a-a9a7-4c8c-8140-61a3e0a6796c,3825880,2,54,19,3272,0,Wasted Turnover,Levante UD,89.2
5719,Marco Asensio Willemsen,Right Center Midfield,c16c0cd5-de4d-419b-8c80-9bc74d4e9604,3825881,1,11,29,689,0,Wasted Turnover,Espanyol,83.7
6381,Saúl Ñíguez Esclapez,Right Midfield,e300f32c-0422-459d-856c-86ba3266d226,3825882,2,59,56,3603,2,Wasted Turnover,Atlético Madrid,103.1
8419,Duje Čop,Left Center Forward,ed7133aa-746d-4759-9e2a-400da75a213f,3825883,1,18,16,1105,0,Wasted Turnover,Málaga,92.8
26723,Álvaro Cejudo Carmona,Right Wing,3bb17d42-1ee5-47dd-a779-ef908321d294,3825884,2,56,37,3397,0,Yellow Card,Real Betis,0.2
26685,Nicolás Ladislao Fedor Flores,Left Center Forward,31f5367f-0369-4acc-9637-2dba723b3712,3825885,1,14,8,848,0,Big Miss,Rayo Vallecano,0.5394142
6861,Juan Torres Ruiz,Left Center Back,7f7539a7-74cf-494b-90ae-d4798ff16599,3825885,2,52,15,3135,-1,Yellow Card,Getafe,0.8
3990,Jesé Rodríguez Ruiz,Left Wing,ef7ca24c-20eb-4f29-8dad-efa915efd37e,3825886,1,24,22,1463,-2,Wasted Turnover,Real Madrid,110.6
10727,Răzvan Dincă Raț,Left Back,3a363bbb-889d-4d1e-870c-5890c6635957,3825886,2,82,37,4957,-1,Yellow Card,Rayo Vallecano,0.8
6918,Isaac Ajayi Success,Left Center Forward,064b80cb-35fe-4965-9e3c-45654de3a8f9,3825887,1,16,32,992,1,Yellow Card,Granada,0.2
18404,José Ángel Crespo Rincón,Left Center Back,2349accd-3236-4ff1-878d-84cae0b97337,3825887,1,22,55,1375,-1,Yellow Card,Rayo Vallecano,0.8
24138,Joaquín José Marín Ruiz,Right Back,86127007-d787-46b4-b1fe-eddb17c43b83,3825887,1,37,6,2226,-1,Yellow Card,Rayo Vallecano,0.8
24255,Juan Carlos Martín Corral,Goalkeeper,30e9b97c-aec7-4933-85b7-1515e58b9e42,3825887,2,51,13,3073,0,Yellow Card,Rayo Vallecano,0.5
26222,José Eduardo Rosa Vale de Castro,Right Center Back,c339a60c-2d17-4459-81ff-a356bccf15aa,3825887,2,77,8,4628,-1,Yellow Card,Rayo Vallecano,0.8
6928,Pedro Taunausú Domínguez Placeres,Center Attacking Midfield,8eed779f-5324-4c58-babd-4c00c3722456,3825888,1,9,42,582,-1,Wasted Turnover,Las Palmas,86.4
3638,Shkodran Mustafi,Right Center Back,e11b9462-a92b-48f1-9466-920e60173fea,3825888,1,25,1,1501,1,Yellow Card,Valencia,0.8
5741,Enzo Nicolás Pérez,Center Defensive Midfield,8562914d-2ba3-431e-953c-416f8334edbc,3825888,2,63,59,3839,0,Yellow Card,Valencia,0.6
6928,Pedro Taunausú Domínguez Placeres,Center Attacking Midfield,1de59358-7954-45ac-92d9-43a0835d5fd4,3825888,2,72,5,4326,0,Wasted Turnover,Las Palmas,103.4
6608,Nabil El Zhar,Right Wing,2a78d97d-31f2-48b1-8c0a-11336a9a2b15,3825888,2,79,51,4791,0,Yellow Card,Las Palmas,0.2
6654,Antonio Adán Garrido,Goalkeeper,0a336af2-587b-4234-b95e-13b031e4a53e,3825889,1,14,50,905,0,Wasted Turnover,Real Betis,86.0
6038,John Guidetti,Center Forward,f29b67bc-fc50-441c-a67f-0e4102eeda53,3825889,1,40,25,2425,-1,Selfish Shot,Celta Vigo,0.0806327821674866
6802,Jonathan Castro Otto,Right Back,1df85a40-ad86-424d-9087-99f5a41a9031,3825889,2,71,40,4300,-1,Yellow Card,Celta Vigo,0.8
7105,Fabián Ariel Orellana Valenzuela,Right Wing,2f44a17a-ec19-46c8-9872-44132b08480c,3825889,2,88,16,5296,0,Yellow Card,Celta Vigo,0.2
6381,Saúl Ñíguez Esclapez,Right Midfield,fbcfe51e-42d7-4916-a267-68002c0d145f,3825890,1,6,19,379,0,Wasted Turnover,Atlético Madrid,92.3
5487,Antoine Griezmann,Left Center Forward,6e453f5e-5e09-4cea-b653-bcadfe687375,3825890,1,13,43,823,0,Big Miss,Atlético Madrid,0.4199638
6563,Juan Pablo Añor Acosta,Right Midfield,d5505eb8-3671-41f8-b835-df7788be01a7,3825890,2,66,43,4007,-1,Wasted Turnover,Málaga,99.3
6766,Gerard Moreno Balaguero,Left Wing,755fa7eb-16dd-4533-9286-3d0fabb16a03,3825891,2,50,34,3034,0,Yellow Card,Espanyol,0.2
20064,Hugo Miguel Almeida Costa Lopes,Right Back,d323a856-eec0-4768-bf3b-f0898ca3cff5,3825892,2,80,1,4801,-3,Yellow Card,Granada,0.8
5588,Antonio Rukavina,Left Back,f10fa987-6493-48f3-b9f7-ca41740f8df0,3825893,2,75,31,4531,-2,Wasted Turnover,Villarreal,81.2
6720,Pablo Sarabia García,Left Midfield,1938b277-10e3-4d3c-8413-fd4727749411,3825894,1,26,54,1614,0,Yellow Card,Getafe,0.5
6626,Mubarak Wakaso,Left Center Midfield,d21ab10f-c610-4468-a386-4575b77134ea,3825895,1,7,53,473,0,Yellow Card,Las Palmas,0.5
3497,Vicente Iborra De La Fuente,Right Midfield,9cb49cf4-8d05-48ce-9750-bdf7d38a149a,3825895,2,50,41,3041,-1,Yellow Card,Sevilla,0.5
24149,José Antonio García Rabasco,Right Defensive Midfield,6cc33cc4-1be3-4581-8c7f-24c474326460,3825896,1,33,33,2013,-1,Yellow Card,Levante UD,0.6
25134,Deyverson Brum Silva Acosta,Left Center Forward,95e5b6ae-8e0f-463e-a70d-de3c7a036536,3825896,2,71,4,4264,-3,Big Miss,Levante UD,0.38166913
6675,Antonio Manuel Luna Rodríguez,Left Back,1015615f-9286-4b4b-98a5-174b59254994,3825897,1,24,4,1444,-1,Wasted Turnover,Eibar,83.2
6669,David Zurutuza Veillet,Left Wing,98da1870-2685-40c2-acfb-30b077e3d800,3825897,2,56,1,3374,0,Wasted Turnover,Real Sociedad,87.0
6742,Sergio Gontán Gallardo,Right Midfield,39a421e7-ab8d-440b-aba1-87dee05e0b5b,3825897,2,82,41,4961,1,Big Miss,Eibar,0.40925965
6728,Federico Nicolás Cartabia,Right Wing,b7955181-11ed-446d-809d-2e34588b87bc,3825898,1,23,42,1428,1,Wasted Turnover,RC Deportivo La Coruña,92.3
6724,Manuel Agudo Durán,Left Wing,9ff9c4eb-0211-4e69-830b-808448f3f266,3825898,1,29,49,1789,-1,Selfish Shot,Celta Vigo,0.1087300937714441
6869,Alejandro Arribas Garrido,Right Center Back,a5cddbfa-cf16-4087-808e-cab08c419911,3825898,2,60,13,3613,0,Yellow Card,RC Deportivo La Coruña,0.8
6720,Pablo Sarabia García,Left Midfield,887b8966-9578-4f35-9717-90c833b64d90,3825899,1,24,58,1498,0,Yellow Card,Getafe,0.5
6907,Pedro León Sánchez Gil,Right Midfield,01ef4822-e08a-44e1-aaba-256461081d54,3825899,2,56,36,3396,-1,Big Miss,Getafe,0.41977486
6745,Mehdi Lacen,Center Defensive Midfield,a28a8bc5-8d58-4167-aeb6-fc4a998de1cb,3825899,2,69,48,4188,1,Yellow Card,Getafe,0.6
6829,Samuel Castillejo Azuaga,Left Midfield,860afc60-a6e3-4cde-bbd3-2892b186196e,3825900,1,17,40,1063,-1,Wasted Turnover,Villarreal,82.4
6761,Leonardo Carrilho Baptistão,Left Center Forward,849beba2-890d-45bf-bfd2-9327b5359e91,3825900,1,26,28,1589,-1,Wasted Turnover,Villarreal,86.6
6880,Arnaldo Antonio Sanabria Ayala,Right Center Forward,fccb3182-7983-42eb-ace7-fe70eb665cfb,3825900,1,33,9,1989,1,Big Miss,Sporting Gijón,0.36589015
6880,Arnaldo Antonio Sanabria Ayala,Right Center Forward,310fc4af-5f49-427d-84f0-ed65b067fa3c,3825900,2,70,7,4208,1,Wasted Turnover,Sporting Gijón,90.0
5741,Enzo Nicolás Pérez,Center Defensive Midfield,fc84801e-6d43-4980-8f98-bc01b39e78f2,3825901,1,12,50,770,0,Yellow Card,Valencia,0.6
5552,Marcelo Vieira da Silva Júnior,Left Back,6db33b01-ef2e-4cf2-a37d-5d252b2a5e97,3825901,2,59,50,3590,2,Wasted Turnover,Real Madrid,80.4
23791,Víctor Casadesús Castaño,Center Forward,d6dd29f8-fd9d-42d7-b592-d73d52d505e0,3825902,1,16,4,967,-1,Wasted Turnover,Levante UD,110.0
11542,Javier Guerra Rodríguez,Center Forward,17750370-9773-48f4-80d5-58464212c66c,3825902,1,41,54,2514,2,Big Miss,Rayo Vallecano,0.44925568
6784,Antonio García Aranda,Left Back,f8949f34-6347-413c-b727-11f02864c35c,3825902,2,76,46,4615,-2,Wasted Turnover,Levante UD,118.6
25134,Deyverson Brum Silva Acosta,Center Forward,e13c2354-d19d-4b2d-92dc-5e1131d7587e,3825902,2,81,48,4908,-2,Yellow Card,Levante UD,0.2
37212,Leandro Damião da Silva dos Santos,Right Center Forward,9b75721d-1d5b-4c82-aa5c-1f2ceaa05077,3825903,1,8,9,497,0,Wasted Turnover,Real Betis,85.4
27347,Juan Manuel Vargas Risco,Left Back,d1e30c76-fcea-4710-a7cf-bb0662b2862f,3825903,2,75,28,4533,0,Wasted Turnover,Real Betis,85.9
6697,Daniel Ceballos Fernández,Left Defensive Midfield,5b617655-761c-4da1-941a-5c4132b228da,3825903,2,83,5,4986,-1,Wasted Turnover,Real Betis,80.3
6566,Borja González Tomás,Center Forward,e7f01243-d7f3-43d0-b3df-68c1a4d35426,3825904,1,5,41,347,0,Wasted Turnover,Eibar,98.5
6837,Mauro Javier Dos Santos,Right Center Back,b5103909-e10b-4210-bc16-e08fe1781d5a,3825904,1,38,16,2296,-1,Yellow Card,Eibar,0.8
6566,Borja González Tomás,Left Center Forward,1043893b-7857-4c14-beba-3573a0bca192,3825904,2,59,24,3564,-1,Big Miss,Eibar,0.44077066
26723,Álvaro Cejudo Carmona,Right Back,5683dac0-796e-4577-84b5-6ebab383df33,3825904,2,69,42,4182,1,Yellow Card,Real Betis,0.8
5719,Marco Asensio Willemsen,Right Midfield,457ce708-2d71-4193-a0b1-e26eee2ffb57,3825905,1,9,1,542,0,Wasted Turnover,Espanyol,82.5
6612,Rubén Duarte Sánchez,Left Back,61b2a951-9a5d-47eb-8c7c-89a527099d38,3825905,1,18,13,1098,1,Wasted Turnover,Espanyol,107.3
5582,Celso Borges Mora,Center Defensive Midfield,01f715a8-7f8a-48b8-b42b-83721b0644f9,3825906,1,5,43,343,0,Wasted Turnover,RC Deportivo La Coruña,88.6
8523,Yevhen Konoplyanka,Left Wing,31b2cf18-680b-49f8-839a-7147d251a4f9,3825906,2,50,34,3034,1,Wasted Turnover,Sevilla,92.8
6738,Juan Francisco Moreno Fuertes,Right Back,89eedfe8-4fb5-4aba-aa37-39f816b7c554,3825906,2,78,0,4684,-1,Wasted Turnover,RC Deportivo La Coruña,96.1
27243,Oriol Riera Magem,Left Center Forward,cb58af90-691e-4fd6-b270-ee72572dd8fd,3825906,2,83,42,5022,0,Yellow Card,RC Deportivo La Coruña,0.2
6880,Arnaldo Antonio Sanabria Ayala,Center Forward,608c2ee8-f4aa-441f-8048-cecd7cae994c,3825907,1,36,11,2171,-1,Yellow Card,Sporting Gijón,0.2
4788,Jesús Gámez Duarte,Right Back,97170214-9f67-4148-936a-8877271e1096,3825907,2,51,12,3072,1,Yellow Card,Atlético Madrid,0.8
13107,Sergio Álvarez Díaz,Right Center Midfield,303d3919-0bb0-4513-95f2-646e10fe2101,3825907,2,56,19,3379,-1,Yellow Card,Sporting Gijón,0.5
23974,Roberto Antonio Correa Silva,Right Back,0cf53e42-1783-4bf6-adba-294b78a4eb2b,3825908,2,84,15,5055,3,Yellow Card,Espanyol,0.8
20133,Xabier Alonso Olano,Center Defensive Midfield,b40a8f78-15d9-46b4-a4db-6e4407f3e671,3890259,1,11,15,675,0,Yellow Card,Bayern Munich,0.6
5578,Jérôme Boateng,Right Center Back,1a22008c-0657-4a95-b697-77053adef5d4,3890259,1,17,33,1053,0,Yellow Card,Bayern Munich,0.8
8316,Dennis Diekmeier,Right Back,168adc07-fcc0-4d3d-86fb-f5ab7022290e,3890259,1,24,47,1487,0,Yellow Card,Hamburger SV,0.8
26791,Emir Spahić,Left Center Back,d961b69d-564d-4f3e-8d5b-56dcd712b82f,3890259,1,34,50,2090,-1,Yellow Card,Hamburger SV,0.8
8212,Wendell Nascimento Borges,Left Back,df936349-e472-4c03-835f-49bf77e30cd4,3890260,1,9,56,596,-1,Yellow Card,Bayer Leverkusen,0.8
5548,Steven Zuber,Center Attacking Midfield,7ab6e329-038f-4f92-b921-01fbf1967fb7,3890260,1,18,56,1136,1,Wasted Turnover,Hoffenheim,85.8
8404,Eugen Polanski,Left Center Midfield,63694a7c-463a-42a9-8ec6-28c0f2990c6c,3890260,1,30,23,1832,1,Wasted Turnover,Hoffenheim,118.0
8311,Jonathan Schmid,Right Center Midfield,50ddd804-2149-4e19-9647-1e453172981e,3890260,2,50,16,3028,0,Wasted Turnover,Hoffenheim,89.9
3275,Henrikh Mkhitaryan,Left Wing,ed22a871-e5b4-4b1f-976a-055d6eb59dd0,3890261,1,7,47,467,0,Wasted Turnover,Borussia Dortmund,83.5
11283,Fabian Johnson,Left Midfield,979200fc-ac52-42b8-91f4-7607a2903019,3890261,2,60,31,3633,-4,Wasted Turnover,Borussia Mönchengladbach,109.4
3500,Granit Xhaka,Left Defensive Midfield,3e4a6244-61d4-4980-b987-dd4963a1dc81,3890261,2,76,18,4578,-4,Yellow Card,Borussia Mönchengladbach,0.6
9217,Aytac Sulu,Right Center Back,755b50ed-5abd-43ae-903e-4a241790b659,3890262,2,57,43,3463,1,Yellow Card,Darmstadt 98,0.8
40481,Dominik Stroh-Engel,Center Forward,24f700c2-2a3d-4036-a814-1fff2a5af2d4,3890262,2,66,39,4002,0,Wasted Turnover,Darmstadt 98,92.2
3097,Pascal Groß,Right Center Midfield,78a1b0be-3869-4c11-9f7f-fc04f7cd3b64,3890263,1,22,16,1336,0,Selfish Shot,Ingolstadt,0.2575561954963251
8405,Benjamin Hübner,Left Center Back,af26e369-0ca9-440f-b3ca-87f2d7967c97,3890263,2,51,25,3085,0,Yellow Card,Ingolstadt,0.8
36641,Konstantin Engel,Left Back,5041d5ff-b893-441a-a1b8-ca2551444e80,3890263,2,87,26,5246,1,Yellow Card,Ingolstadt,0.8
3186,Julian Draxler,Left Midfield,cbab13cc-92e7-4b2a-a933-b1834c7a144c,3890264,1,22,58,1378,0,Selfish Shot,Schalke 04,0.1354801244854053
8762,Zlatko Junuzović,Left Midfield,ac71ea1c-9283-4d04-b9b4-4e33b8bc662b,3890264,1,31,25,1885,0,Wasted Turnover,Werder Bremen,101.2
8579,Vladimír Darida,Right Center Midfield,86687c58-3538-4eb4-8ba4-c710a55926d1,3890265,1,17,9,1029,0,Yellow Card,Hertha Berlin,0.5
9722,Peter Pekarík,Right Back,3d3ddb5f-3968-4361-b158-6ef9a4f16277,3890265,2,84,48,5094,1,Wasted Turnover,Hertha Berlin,104.5
8959,Christian Gentner,Left Defensive Midfield,c8ad7f38-a035-4e95-a9bd-4d0f58ac8fc4,3890266,1,11,2,662,0,Selfish Shot,VfB Stuttgart,0.1612332682292595
8243,Daniel Didavi,Right Midfield,868b95e0-0c02-45c0-a9ed-a89cf7347ed1,3890266,1,20,2,1202,0,Wasted Turnover,VfB Stuttgart,94.8
8557,Martin Harnik,Right Center Forward,2cd91844-e6a2-424a-b4cf-36afd052be32,3890266,1,26,57,1623,0,Wasted Turnover,VfB Stuttgart,88.8
7846,Luc Castaignos,Left Center Forward,32f5ff2a-0e7d-4bd4-bfc3-6d29d0b1608c,3890267,1,11,2,662,0,Wasted Turnover,Eintracht Frankfurt,92.5
21156,Stefan Aigner,Right Midfield,3e266a1a-3cf4-4e9b-83d4-9f27d9ac890d,3890267,2,71,1,4263,-1,Wasted Turnover,Eintracht Frankfurt,99.9
400622,Joel Gerezgiher,Left Midfield,fca0466e-df4c-40a0-96c0-7238ff67941f,3890267,2,78,21,4704,-1,Wasted Turnover,Eintracht Frankfurt,81.2
8504,Bastian Oczipka,Left Back,b3d48724-0691-40d4-bc67-a9b80ee3c02c,3890267,2,83,46,5026,-1,Wasted Turnover,Eintracht Frankfurt,80.4
8575,Salomon Armand Magloire Kalou,Right Center Forward,b5b31d2f-5543-4a00-85fd-3551080fc04a,3890268,1,25,31,1531,1,Wasted Turnover,Hertha Berlin,88.5
20010,Clemens Fritz,Right Center Midfield,68b9c501-149f-4761-80c8-1fe2d1808a72,3890268,2,59,54,3594,0,Yellow Card,Werder Bremen,0.5
8557,Martin Harnik,Right Midfield,6f8a6854-c591-4487-9152-0a6caceb3ea9,3890269,2,61,19,3680,1,Wasted Turnover,VfB Stuttgart,92.4
8209,Márcio Rafael Ferreira de Souza,Right Center Back,78fc94a5-1781-4959-a356-4e3b0ff3a9d4,3890270,2,57,17,3439,0,Wasted Turnover,Bayern Munich,89.0
8556,Pirmin Schwegler,Center Defensive Midfield,1bf3b56f-a8c0-42f0-b17d-806ff74d23a7,3890270,2,62,51,3771,0,Yellow Card,Hoffenheim,0.6
8209,Márcio Rafael Ferreira de Souza,Right Center Back,08a08ec9-5926-4eee-9474-735caf8071e8,3890270,2,81,58,4918,0,Yellow Card,Bayern Munich,0.8
13675,Mario Vrančić,Center Attacking Midfield,2e6d3d4f-93f7-4f35-88ae-f4a3e279fb63,3890271,1,33,48,2028,1,Big Miss,Darmstadt 98,0.34356657
5681,Makoto Hasebe,Right Back,913f825d-c92a-4b2a-92d3-5e118dab7613,3890272,1,19,3,1143,0,Yellow Card,Eintracht Frankfurt,0.8
8207,Dominik Kohr,Right Defensive Midfield,1753dd26-1c49-44a5-8ad9-af44bf46548e,3890272,2,52,26,3146,1,Yellow Card,Augsburg,0.6
8317,Daniel Baier,Left Defensive Midfield,4e2e1a83-6e2d-4f25-8f02-92a130a5c585,3890272,2,60,30,3630,1,Selfish Shot,Augsburg,0.2095243621229376
3530,Hiroki Sakai,Right Back,4789b952-b556-4e4a-995c-38be431b02f6,3890273,1,14,45,885,0,Wasted Turnover,Hannover 96,85.8
8219,Admir Mehmedi,Center Attacking Midfield,b2ad4f35-7981-4ce6-a897-a2a6168b3759,3890273,2,53,28,3219,1,Wasted Turnover,Bayer Leverkusen,84.6
11394,Stefan Kießling,Center Forward,6ddd1ece-dd0b-436f-9976-86ac6fc7b3d2,3890273,2,68,46,4126,1,Wasted Turnover,Bayer Leverkusen,89.8
8827,Matthias Lehmann,Right Defensive Midfield,88b1f57e-93d8-4d8b-85ec-bbf96761d758,3890274,2,71,46,4306,1,Yellow Card,FC Köln,0.6
3275,Henrikh Mkhitaryan,Left Wing,ce80fef7-4a7e-4916-80ab-8cf236b59727,3890275,1,8,29,509,0,Yellow Card,Borussia Dortmund,0.2
5684,Shinji Kagawa,Left Center Midfield,e744f147-b4ca-4aae-8a04-7cfad3cf6924,3890275,1,36,19,2179,0,Yellow Card,Borussia Dortmund,0.5
8958,Dennis Aogo,Left Defensive Midfield,b6922aee-3077-4449-9eda-5bb6378857c9,3890277,2,72,8,4328,-3,Yellow Card,Schalke 04,0.6
8213,Karim Bellarabi,Right Midfield,d030320b-8bb2-48dd-910d-bf136219dc22,3890278,1,31,42,1902,-1,Wasted Turnover,Bayer Leverkusen,88.0
5494,Robbie Kruse,Left Center Forward,e101c480-6172-420f-b3de-4dec70638cc7,3890278,2,71,15,4275,-3,Yellow Card,Bayer Leverkusen,0.2
8557,Martin Harnik,Right Center Forward,526b4f02-3ccc-4cfe-9258-69dd2b5d4be7,3890279,1,33,31,2011,0,Big Miss,VfB Stuttgart,0.79681826
400619,Stefan Reinartz,Left Defensive Midfield,20b18a60-0973-4ee4-a617-75e28c10454d,3890279,2,54,42,3282,1,Wasted Turnover,Eintracht Frankfurt,99.4
8270,Daniel Schwaab,Right Back,1f867a6d-f620-4753-80ff-778aafd6c263,3890279,2,65,51,3961,-1,Wasted Turnover,VfB Stuttgart,80.5
12626,Emiliano Adrián Insúa Zapata,Left Back,2aff47e8-3c39-4aa5-a24f-dc156c9c9445,3890279,2,73,39,4420,-2,Wasted Turnover,VfB Stuttgart,82.3
8822,Simon Zoller,Right Center Forward,27877208-5cce-4757-b3b4-11e635474802,3890280,1,6,41,405,0,Wasted Turnover,FC Köln,114.8
8823,Marcel Risse,Right Back,484527f0-a4fa-4565-94ac-2ae89e7e94ce,3890280,2,81,56,4916,1,Yellow Card,FC Köln,0.8
8303,Caiuby Francisco da Silva,Center Forward,6e823653-36c8-4401-ba03-157dce5565fb,3890281,1,11,46,706,0,Yellow Card,Augsburg,0.2
5481,Mathew Leckie,Left Wing,6c59d8c4-f8c7-495f-8d83-adba5bfeff0e,3890281,1,39,28,2368,0,Yellow Card,Ingolstadt,0.2
9106,Marvin Matip,Right Center Back,e11f8bba-b495-421a-8281-2e5168f4e038,3890281,2,67,5,4025,1,Yellow Card,Ingolstadt,0.8
20871,Pierre Bengtsson,Left Back,49508351-590d-4fc1-87b5-f5c71196e9ac,3890282,1,5,10,311,0,Wasted Turnover,FSV Mainz 05,84.9
24914,Edgar Prib,Left Midfield,9944fdf3-2e59-4295-8a56-73f3112d8a9d,3890282,2,66,12,3972,-3,Yellow Card,Hannover 96,0.5
8539,Danny Latza,Left Defensive Midfield,0e6a1b7a-72d0-4e50-812b-31b5045298b1,3890282,2,74,5,4457,3,Wasted Turnover,FSV Mainz 05,119.3
11134,Konstantin Rausch,Left Midfield,fb7cf59b-7557-4e95-9bf4-32c7dd4a0052,3890283,1,7,51,475,0,Wasted Turnover,Darmstadt 98,86.7
5548,Steven Zuber,Left Midfield,080e3c11-c2e7-474c-8793-053a4e3ba56b,3890283,1,13,7,787,0,Yellow Card,Hoffenheim,0.5
8388,Jérôme Gondorf,Left Defensive Midfield,1fc4b5e6-c92a-49bc-8174-67fd4e119906,3890283,2,53,33,3213,0,Yellow Card,Darmstadt 98,0.6
20522,György Garics,Right Back,b6f10395-4ddc-4e3f-a8d6-f40b72cd9dc8,3890283,2,60,36,3636,0,Yellow Card,Darmstadt 98,0.8
19836,Kevin Kuranyi,Center Forward,f201ea13-0664-43aa-a05b-0a3d11397abb,3890283,2,81,34,4894,0,Big Miss,Hoffenheim,0.78433526
5684,Shinji Kagawa,Left Center Midfield,ecd53c1a-4fa4-44c5-a534-fc27db140815,3890284,2,66,42,4006,2,Wasted Turnover,Borussia Dortmund,112.7
5559,Marco Reus,Center Forward,df3e86fb-b960-4972-9b8c-ad6a0a0913d8,3890284,2,74,49,4489,2,Big Miss,Borussia Dortmund,0.8087582
3500,Granit Xhaka,Left Defensive Midfield,220ed08d-010c-44d4-9fa4-1bad7f42a14f,3890285,1,23,45,1425,0,Yellow Card,Borussia Mönchengladbach,0.6
8389,Fin Bartels,Right Center Forward,c5a1b41d-2448-40af-9f97-d28b79d72472,3890285,2,83,46,5026,1,Big Miss,Werder Bremen,0.49240527
5624,Albin Ekdal,Right Defensive Midfield,99a0c482-1594-4ffa-94ec-8c4811b4fe60,3890286,1,34,38,2078,1,Yellow Card,Hamburger SV,0.6
12320,Tony Jantschke,Left Center Back,45f0a774-0d41-4fc5-bc56-48ccf8781e3e,3890286,2,57,22,3442,-3,Yellow Card,Borussia Mönchengladbach,0.8
8238,Mahmoud Dahoud,Right Defensive Midfield,9371a930-346e-4603-8139-531c85956211,3890286,2,87,12,5232,-3,Yellow Card,Borussia Mönchengladbach,0.6
8317,Daniel Baier,Left Defensive Midfield,5561fdb6-c47c-48f4-9227-578ed7fc9a07,3890287,1,15,59,959,0,Wasted Turnover,Augsburg,86.4
8220,David Olatukunbo Alaba,Left Back,bf21713d-ec79-42f2-9883-4b3427b90c1f,3890287,1,24,31,1471,0,Selfish Shot,Bayern Munich,0.0822129478540085
8206,Arturo Erasmo Vidal Pardo,Right Center Midfield,6eca7d55-ade9-4e6f-9f6b-7607d6380a6d,3890287,1,31,31,1900,0,Wasted Turnover,Bayern Munich,89.2
8237,Paul Verhaegh,Right Back,f164d22c-6610-4510-ab51-6fbfbfcb7bda,3890287,2,88,0,5280,0,Yellow Card,Augsburg,0.8
8213,Karim Bellarabi,Right Midfield,21a5ea6f-80ba-44fb-89b3-8a906cf47ef5,3890288,1,5,55,366,0,Wasted Turnover,Bayer Leverkusen,81.0
8306,Christian Mathenia,Goalkeeper,2d859c19-4529-49de-84cb-cc173b41139b,3890288,2,67,52,4072,1,Yellow Card,Darmstadt 98,0.5
10896,Marc Stendera,Left Center Midfield,41526505-69b5-465e-b2bc-9f2d48f2748c,3890289,2,54,23,3263,3,Wasted Turnover,Eintracht Frankfurt,105.9
9134,Aleksandar Ignjovski,Right Back,7edc9f87-5c8d-4a00-a1e1-64d384765061,3890289,2,82,18,4940,3,Wasted Turnover,Eintracht Frankfurt,97.0
8575,Salomon Armand Magloire Kalou,Left Center Forward,b44eff78-3ffa-4c65-86dc-0f426daf9a01,3890290,1,5,58,358,0,Big Miss,Hertha Berlin,0.47143787
8576,Mitchell Weiser,Right Back,7b75802f-d63a-44fa-947c-867726028984,3890290,1,24,44,1499,1,Wasted Turnover,Hertha Berlin,80.8
9409,Daniel Ginczek,Center Forward,d8f6d2ec-7c06-46fa-a3c1-91a41422ec78,3890290,1,31,23,1894,-1,Wasted Turnover,VfB Stuttgart,81.7
9409,Daniel Ginczek,Center Forward,82825202-85dd-4923-9ef3-a7f3fc71b9f3,3890290,2,52,7,3138,-1,Wasted Turnover,VfB Stuttgart,88.1
9103,Lukas Hinterseer,Center Forward,bc0c4d0d-b0ee-4acc-8fee-6e0e0d9479d6,3890291,1,9,23,567,0,Wasted Turnover,Ingolstadt,100.7
12304,Alfredo Morales,Left Center Midfield,17d146a7-86a3-4c2b-ae8a-0a3fd3869477,3890291,1,33,48,2028,0,Yellow Card,Ingolstadt,0.5
3164,Marcelo Antônio Guedes Filho,Right Center Back,021a71dd-bc0f-4b8a-9e68-e23c84aaba58,3890292,1,38,51,2331,0,Wasted Turnover,Hannover 96,110.0
8060,Klaas-Jan Huntelaar,Left Center Forward,53990d2f-4b35-4fae-bb8d-4cea006862dd,3890293,1,11,51,711,0,Big Miss,Schalke 04,0.31818026
20871,Pierre Bengtsson,Left Back,028b5f82-b2b1-4823-8cda-85b8573b1e8f,3890293,1,23,34,1414,0,Yellow Card,FSV Mainz 05,0.8
22043,Ulisses Alexandre Garcia Lopes,Left Center Midfield,398be31b-8f2f-4fbd-be45-8ea45fc2d0b8,3890294,1,10,20,622,0,Wasted Turnover,Werder Bremen,86.1
8762,Zlatko Junuzović,Center Attacking Midfield,c33d3b09-9390-468c-922f-1e8ac8146160,3890294,1,16,56,1016,0,Yellow Card,Werder Bremen,0.5
12624,Anthony Ujah,Left Center Forward,c1b93403-4bbe-4868-be2f-84dde6b7a859,3890294,1,37,37,2257,0,Selfish Shot,Werder Bremen,0.1291604950041402
8215,Kevin Volland,Right Midfield,4f109bc1-6317-4b1a-9218-388ac19df166,3890294,2,52,6,3126,0,Yellow Card,Hoffenheim,0.5
8215,Kevin Volland,Right Wing,246cfbef-6ede-4ec0-b947-116e6d33fcd2,3890295,1,22,56,1376,0,Big Miss,Hoffenheim,0.34492382
5537,Fabian Lukas Schär,Right Center Back,bd0a1248-5b82-470e-b98e-266ea39b3afd,3890295,1,39,27,2367,0,Yellow Card,Hoffenheim,0.8
40481,Dominik Stroh-Engel,Center Forward,19d93ab2-8b3e-480b-b01b-95cf273ab2cf,3890296,1,23,53,1438,-1,Wasted Turnover,Darmstadt 98,109.1
5681,Makoto Hasebe,Right Center Midfield,0ef2439d-c76d-4579-b55a-abc2e218992e,3890297,1,8,42,522,0,Yellow Card,Eintracht Frankfurt,0.5
8678,David Ángel Abraham,Left Center Back,f57b778d-9ace-463d-bed2-483c6ec1f161,3890297,1,18,17,1103,0,Wasted Turnover,Eintracht Frankfurt,82.8
10896,Marc Stendera,Left Center Midfield,a7a9accb-4775-4398-9fcb-17122b576e30,3890297,1,27,56,1676,0,Wasted Turnover,Eintracht Frankfurt,91.2
8504,Bastian Oczipka,Left Back,ee8b6872-ecfd-4b56-a6c3-564772efe30c,3890297,2,74,40,4480,0,Yellow Card,Eintracht Frankfurt,0.8
5569,Marvin Plattenhardt,Left Back,6bfb02e8-04e7-44d9-bd73-1c3da988d9f5,3890298,1,18,14,1094,0,Yellow Card,Hertha Berlin,0.8
9721,Valentin Stocker,Left Wing,0d88e49f-7a91-4ef0-9798-d5122f93a9fc,3890298,2,61,11,3676,0,Wasted Turnover,Hertha Berlin,94.6
8235,Maximilian Arnold,Left Defensive Midfield,a61206c0-b0a4-4c73-b1f1-5562aa2709c9,3890298,2,74,58,4498,0,Wasted Turnover,Wolfsburg,90.5
3500,Granit Xhaka,Right Defensive Midfield,0b2c080b-7165-41d8-afec-88f631fcbe32,3890299,1,22,49,1369,0,Yellow Card,Borussia Mönchengladbach,0.6
8823,Marcel Risse,Right Wing,c4b70e56-6a40-489a-80d4-c0aa6f028565,3890299,1,28,47,1727,0,Wasted Turnover,FC Köln,86.9
5632,Thorgan Hazard,Left Midfield,5a3e1f5f-3c0f-40ba-ad6d-30250a0d4e7c,3890299,2,69,26,4166,-1,Yellow Card,Borussia Mönchengladbach,0.5
3221,Markus Suttner,Left Back,31d74bbe-7520-46f5-b7ad-c87fd481a39c,3890300,1,38,53,2333,0,Yellow Card,Ingolstadt,0.8
8396,Theodor Gebre Selassie,Right Back,d5c21784-92fa-40f8-8347-faf2034e9c59,3890300,2,55,21,3321,0,Yellow Card,Werder Bremen,0.8
51388,Assani Lukimya-Mulongoti,Right Center Back,e02d5e6c-d14d-49da-9f06-d696d28890e5,3890300,2,65,25,3925,0,Yellow Card,Werder Bremen,0.8
8804,Jonas Hofmann,Right Wing,5e5cb9db-3ac9-4413-aae6-32c336964d9a,3890301,1,9,22,568,0,Wasted Turnover,Borussia Dortmund,95.3
8222,Kevin Kampl,Left Defensive Midfield,b65d2512-9ddb-4794-96c3-ed15da10fe2a,3890301,1,40,45,2445,-1,Yellow Card,Bayer Leverkusen,0.6
8244,Sokratis Papastathopoulos,Right Center Back,3444fc30-ff19-4d79-a313-5c53c5aab4c7,3890301,2,59,58,3598,2,Yellow Card,Borussia Dortmund,0.8
11845,Artur Sobiech,Center Forward,300e4777-3238-4a8a-8925-22aec8625716,3890302,1,10,37,642,0,Wasted Turnover,Hannover 96,111.1
12316,Oliver Sorg,Right Defensive Midfield,1138c65a-09a1-4dd2-b0c0-ee12b0fde2c5,3890302,1,22,10,1330,0,Yellow Card,Hannover 96,0.6
7852,Tim Matavž,Center Forward,dec1f2b3-e4b6-4e46-893c-a0cde813ca51,3890302,2,58,28,3508,2,Big Miss,Augsburg,0.30789348
3530,Hiroki Sakai,Right Back,1ccc253f-8643-43e5-9d86-34f5898e8a9b,3890302,2,83,6,4986,-2,Wasted Turnover,Hannover 96,109.7
8060,Klaas-Jan Huntelaar,Right Center Forward,bc790e89-975e-4a00-94d1-0e6a2999b7df,3890303,1,33,9,1989,0,Selfish Shot,Schalke 04,0.1121854689282834
3570,Pierre-Emile Højbjerg,Left Center Forward,c37733ac-4e3a-4044-9a25-6ad01f38b522,3890303,2,67,31,4053,1,Wasted Turnover,Schalke 04,92.1
38172,Toni Šunjić,Right Center Back,9928ce81-2c26-4eb7-a5cc-2857bfeae9c4,3890303,2,74,26,4466,-1,Yellow Card,VfB Stuttgart,0.8
8895,Pierre-Michel Lasogga,Center Forward,ec4428f8-7c6c-4145-a1e9-ec0bc54792a2,3890304,1,32,32,1952,0,Yellow Card,Hamburger SV,0.2
9103,Lukas Hinterseer,Center Forward,014fb924-3e2c-4aa7-8500-bf580d6a8846,3890304,2,50,25,3025,0,Yellow Card,Ingolstadt,0.2
8895,Pierre-Michel Lasogga,Center Forward,c6410fbe-00fd-4e65-b9ee-fb7be267a92d,3890304,2,74,36,4476,0,Big Miss,Hamburger SV,0.39018044
15651,Juan Bernat Velasco,Left Back,5b2ceb25-ead6-4a40-a4ed-9731b83bb6a4,3890305,1,14,52,893,0,Wasted Turnover,Bayern Munich,106.5
5668,Robert Lewandowski,Center Forward,eeb5eb32-44cb-43bf-b729-82dd3b6dd7b6,3890305,2,54,3,3243,1,Big Miss,Bayern Munich,0.51980674
8578,Per Ciljan Skjelbred,Left Defensive Midfield,fa4a6547-c18b-4eb7-be8a-d3213736ee65,3890306,1,10,17,617,0,Yellow Card,Hertha Berlin,0.6
8826,Leonardo Bittencourt,Left Midfield,d4ea9440-c7f4-4920-bbeb-7427013fe4eb,3890306,1,16,17,977,0,Big Miss,FC Köln,0.60806525
8578,Per Ciljan Skjelbred,Left Defensive Midfield,56bea2cd-52cd-4d67-b4e7-b95a62e7ae5b,3890306,1,36,16,2180,0,Wasted Turnover,Hertha Berlin,107.6
10902,Philipp Hosiner,Left Center Forward,02a93dd5-0c1b-4341-b343-ba58a65d9368,3890306,2,72,48,4368,-1,Yellow Card,FC Köln,0.2
8571,Vedad Ibišević,Left Center Forward,8e2c5a3c-6418-49cb-b270-f53d23ee7a10,3890306,2,79,18,4761,1,Wasted Turnover,Hertha Berlin,80.2
5697,Genki Haraguchi,Right Midfield,c5c56d6a-f926-4fa0-a93c-46a1dd5dce51,3890306,2,88,40,5327,1,Wasted Turnover,Hertha Berlin,82.0
8389,Fin Bartels,Right Midfield,d90691cb-6211-4d16-ad3c-e3ea3351201d,3890307,1,9,29,569,0,Yellow Card,Werder Bremen,0.5
40467,Peter Niemeyer,Right Defensive Midfield,dc0f43a1-7a3b-44dd-a5ce-7a24b336c49a,3890307,1,39,26,2366,0,Yellow Card,Darmstadt 98,0.6
108336,Júnior Enrique Díaz Campbell,Left Back,4ce2367a-f629-4bd6-941f-7417c79c7185,3890307,2,87,23,5243,1,Yellow Card,Darmstadt 98,0.8
40543,Jeong-Ho Hong,Right Center Back,ee2729ea-2d7c-4bec-a1e7-6641f0da85f7,3890308,2,79,51,4791,-2,Yellow Card,Augsburg,0.8
3530,Hiroki Sakai,Right Back,40397eba-8f11-4eca-a646-c6522ab1a940,3890309,1,7,20,440,0,Wasted Turnover,Hannover 96,91.3
400614,Christian Schulz,Left Center Back,ee6532c6-bfbb-433e-aef5-1d91dc90e2b3,3890309,2,57,55,3475,-1,Yellow Card,Hannover 96,0.8
8557,Martin Harnik,Right Center Forward,ea5254b3-b24c-48a4-9113-2551d8c4fc7c,3890309,2,72,55,4375,1,Wasted Turnover,VfB Stuttgart,93.2
11395,Lukas Rupp,Left Defensive Midfield,af2926f8-1b3b-43f2-92e0-58e0b45f5c9a,3890309,2,87,20,5240,1,Yellow Card,VfB Stuttgart,0.6
9396,Ermin Bičakčić,Left Center Back,b27f14e7-5ac8-4213-b77e-e87fdd096e3b,3890310,1,8,6,486,0,Yellow Card,Hoffenheim,0.8
23268,Alexander Meier,Center Attacking Midfield,f0d0ad05-186d-4c11-b511-570146c93468,3890311,1,36,38,2199,0,Wasted Turnover,Eintracht Frankfurt,105.5
8812,Marco Russ,Left Center Back,97312746-bae7-488e-936a-03deedb5fe7b,3890311,2,64,30,3870,0,Yellow Card,Eintracht Frankfurt,0.8
8212,Wendell Nascimento Borges,Left Back,044e2e2e-0238-42ac-9bb5-96c73f88cc75,3890312,1,22,49,1369,0,Selfish Shot,Bayer Leverkusen,0.1426256522256612
7039,Hakan Çalhanoğlu,Left Midfield,4a11cfa4-1dd2-4d96-aa52-31998123c744,3890312,1,31,2,1862,0,Wasted Turnover,Bayer Leverkusen,98.9
8969,Lars Bender,Right Defensive Midfield,81a5ee28-9a4b-45f7-9a11-2d7480d22d85,3890312,2,50,52,3052,0,Yellow Card,Bayer Leverkusen,0.6
40463,Stefan Lex,Right Wing,78f1b78b-be3c-4d4a-9343-c142de690eda,3890313,1,7,8,430,0,Wasted Turnover,Ingolstadt,99.0
5679,Yūya Ōsako,Center Attacking Midfield,06a03ae4-694a-42a0-931c-9be0225a5bcf,3890313,1,30,20,1822,0,Wasted Turnover,FC Köln,101.4
8827,Matthias Lehmann,Right Defensive Midfield,545d9031-49d2-44e7-8f54-b700c0570557,3890313,1,38,9,2289,0,Wasted Turnover,FC Köln,89.4
6040,Jonas Hector,Left Back,669f4bea-792e-4f66-be0e-f98d959e65c2,3890313,2,55,18,3318,0,Wasted Turnover,FC Köln,84.3
40462,Halil Altıntop,Center Attacking Midfield,08d97dd0-1b74-424c-b64b-7ec5fbe8237c,3890314,1,27,24,1644,-1,Big Miss,Augsburg,0.46315256
27317,Eduardo Jesús Vargas Rojas,Left Center Forward,3c1779b8-788c-4234-a3b1-fd1f942c5895,3890314,1,36,13,2186,1,Wasted Turnover,Hoffenheim,87.8
8556,Pirmin Schwegler,Right Defensive Midfield,fcce3366-804c-4afb-b471-5ff58e9eae8b,3890314,2,77,35,4655,2,Yellow Card,Hoffenheim,0.6
8215,Kevin Volland,Center Forward,482989bb-a4c0-4efe-b766-6c905ca14567,3890314,2,86,3,5166,2,Wasted Turnover,Hoffenheim,96.4
8221,Jonathan Tah,Right Center Back,30cf608f-a304-47d4-a277-4033fd80cdf1,3890315,1,7,33,453,0,Wasted Turnover,Bayer Leverkusen,84.6
5555,Julian Brandt,Right Midfield,3e81ff09-adfc-44a7-ab96-548562ddc4b7,3890315,2,66,51,4019,3,Wasted Turnover,Bayer Leverkusen,94.6
7039,Hakan Çalhanoğlu,Right Midfield,851052c2-fd75-465b-84aa-5692c3448988,3890315,2,75,6,4517,3,Wasted Turnover,Bayer Leverkusen,88.1
8549,Giulio Donati,Right Back,4ff3eaf3-fdd2-4844-a29a-81737f7125c9,3890315,2,82,34,4954,3,Yellow Card,Bayer Leverkusen,0.8
8217,Kingsley Coman,Right Wing,e26d9174-4447-4ab0-8541-4f5c0f694b82,3890316,1,10,7,612,0,Wasted Turnover,Bayern Munich,100.4
16534,Roman Neustädter,Left Center Back,ccfcf184-dc27-4899-9ed8-301c78b09211,3890317,2,63,16,3796,1,Yellow Card,Schalke 04,0.8
6359,Johan Danon Djourou-Gbadjere,Right Center Back,d6bd1f38-74dd-4700-8f6e-021663549c44,3890317,2,81,55,4915,-1,Yellow Card,Hamburger SV,0.8
8517,Ralf Fährmann,Goalkeeper,0d71826c-fa21-4bc7-8e51-2695ce6201a5,3890317,2,89,4,5344,1,Yellow Card,Schalke 04,0.5
9728,Florian Klein,Right Back,a2088287-bb9b-4f85-a392-a666fef499cd,3890318,2,52,40,3163,-1,Wasted Turnover,VfB Stuttgart,98.7
34558,Sereso Geoffroy Gonzaroua Dié,Center Defensive Midfield,8154cd66-ab10-4273-b9a2-1b263c4fcd62,3890318,2,87,15,5235,-1,Yellow Card,VfB Stuttgart,0.6
23266,Christian Träsch,Right Back,90ed2bbf-a3f5-4cfb-8c7d-2be4aebfc90e,3890319,1,15,8,917,0,Wasted Turnover,Wolfsburg,94.8
8230,Josuha Guilavogui,Center Defensive Midfield,3291cf3e-f1e0-4d3b-b271-73463368ec4d,3890319,1,25,42,1542,0,Yellow Card,Wolfsburg,0.6
8521,Daniel Caligiuri,Right Midfield,acbc360e-6198-40d4-b14c-9eac3d1aa171,3890319,2,56,4,3364,1,Wasted Turnover,Wolfsburg,98.6
8235,Maximilian Arnold,Right Center Midfield,b722bb40-a82d-4102-b15f-cd3eb5c58424,3890319,2,68,49,4129,0,Yellow Card,Wolfsburg,0.5
9401,Marcel Heller,Right Midfield,c7ee9410-7ea7-47c0-9dfe-2bf18e7ad3a6,3890321,2,53,54,3234,1,Yellow Card,Darmstadt 98,0.5
8539,Danny Latza,Left Defensive Midfield,e9f277db-d29f-4dea-8869-a55782c32f01,3890322,1,19,24,1164,1,Yellow Card,FSV Mainz 05,0.6
9401,Marcel Heller,Left Midfield,03c5a331-e4ae-45da-a4ef-684a6df6182a,3890322,2,88,27,5307,-1,Wasted Turnover,Darmstadt 98,105.9
8806,Lars Edi Stindl,Right Center Forward,07be29c5-dab7-4422-a93b-475b2113a014,3890323,1,11,29,689,0,Big Miss,Borussia Mönchengladbach,0.331469
5544,Ricardo Iván Rodríguez Araya,Left Back,5cc60bc9-b892-447e-b75d-a609a889b03d,3890323,1,20,14,1217,0,Wasted Turnover,Wolfsburg,94.2
24919,Sebastian Jung,Right Back,0cde2fb1-05aa-44fb-af33-525af472ed0a,3890323,2,57,10,3430,0,Wasted Turnover,Wolfsburg,86.6
5544,Ricardo Iván Rodríguez Araya,Left Back,02c5d9d4-35a2-41c1-b218-99cdd553a1ef,3890323,2,67,26,4046,0,Yellow Card,Wolfsburg,0.8
8386,Max Kruse,Right Center Forward,aaec9dd8-2ef5-4586-825d-1feda774e3b1,3890323,2,77,0,4620,-1,Yellow Card,Wolfsburg,0.2
5697,Genki Haraguchi,Right Midfield,26c37f6c-1c42-4186-bd1d-a2b13c444e70,3890324,2,70,43,4243,1,Selfish Shot,Hertha Berlin,0.1636082981120921
22043,Ulisses Alexandre Garcia Lopes,Left Center Midfield,7414cc6c-79aa-4b0a-83c7-ccee16dfffea,3890325,1,10,0,603,0,Wasted Turnover,Werder Bremen,89.0
5664,Salif Sané,Left Defensive Midfield,9dec2a2d-180b-415b-bce7-fd5c7674c737,3890325,1,17,56,1076,0,Yellow Card,Hannover 96,0.6
8389,Fin Bartels,Right Center Forward,33d7946a-af83-4587-8f7f-141fc3aab8aa,3890325,1,35,25,2125,0,Yellow Card,Werder Bremen,0.2
400614,Christian Schulz,Left Center Back,18856bae-571f-4f13-be79-a20465ff4c5a,3890325,2,50,11,3011,0,Yellow Card,Hannover 96,0.8
20010,Clemens Fritz,Center Defensive Midfield,8d5e2839-81a1-479b-b15e-7e0358f7e740,3890325,2,56,29,3402,-1,Wasted Turnover,Werder Bremen,84.2
400613,Leon Andreasen,Right Wing,330f7662-3c99-43d1-a056-4dfcf012ada9,3890325,2,70,28,4237,1,Wasted Turnover,Hannover 96,105.5
26359,Santiago García,Left Back,a6ccd0e2-1e34-4a35-9d07-d2fa66cf0971,3890325,2,77,20,4650,-1,Wasted Turnover,Werder Bremen,94.4
3221,Markus Suttner,Left Back,f7fb0084-bb20-4e2a-8413-11a04262fd9f,3890326,2,64,35,3875,0,Yellow Card,Ingolstadt,0.8
5481,Mathew Leckie,Right Wing,e9c85d37-8811-41a3-968c-08c168bd96df,3890326,2,81,54,4914,1,Wasted Turnover,Ingolstadt,86.9
27317,Eduardo Jesús Vargas Rojas,Left Center Forward,5424f721-ae0f-4dfc-b1c8-591b5ffcaf91,3890327,1,31,4,1865,0,Wasted Turnover,Hoffenheim,90.2
5557,Timo Werner,Center Forward,1d7d4ec8-21e4-41fb-bb55-a14c897cb157,3890327,2,51,18,3078,-1,Big Miss,VfB Stuttgart,0.46440455
8215,Kevin Volland,Right Midfield,01bedbf3-e618-4e27-963c-371d10adf0d4,3890327,2,78,0,4680,1,Yellow Card,Hoffenheim,0.5
3053,Leroy Sané,Right Midfield,8aad84e2-738e-41f2-bce4-57d2c024f54c,3890328,1,21,1,1261,0,Wasted Turnover,Schalke 04,88.6
8231,Yannick Gerhardt,Left Defensive Midfield,3b89b6f5-8cd7-4230-acfe-768e6f00dd15,3890328,1,35,59,2159,0,Selfish Shot,FC Köln,0.1546034447620784
8823,Marcel Risse,Right Midfield,ed93c8bd-0d9d-4f40-bae6-8799ff855de2,3890328,2,68,43,4123,1,Yellow Card,FC Köln,0.5
5837,Douglas Costa de Souza,Left Wing Back,9282d380-7994-4931-b2d7-0e6b57343b68,3890329,1,23,19,1400,0,Wasted Turnover,Bayern Munich,118.4
8227,Mario Götze,Right Wing,6471f84b-12cb-4267-a7f1-988d9293912b,3890329,2,54,40,3280,2,Big Miss,Bayern Munich,0.5644214
8216,Sven Bender,Right Center Back,3de38f1c-022e-460f-ac1f-5faaf610f8c8,3890329,2,70,42,4243,-4,Wasted Turnover,Borussia Dortmund,96.9
8574,Alexander Esswein,Left Wing,7390b75a-78d0-469d-91cf-16de02a7cb1f,3890330,1,25,26,1526,1,Wasted Turnover,Augsburg,96.3
7039,Hakan Çalhanoğlu,Left Midfield,b4f07853-e5a9-48db-aac6-40d32c310fee,3890330,1,30,29,1829,-1,Selfish Shot,Bayer Leverkusen,0.1187735689723469
22826,Jan-Ingwer Callsen-Bracker,Right Center Back,43635111-fd71-4d72-82e9-3893112d7f37,3890330,2,51,55,3115,0,Yellow Card,Augsburg,0.8
22826,Jan-Ingwer Callsen-Bracker,Left Defensive Midfield,73d81ef6-0af9-428d-92b4-b7fc696f588d,3890330,2,88,28,5314,0,Wasted Turnover,Augsburg,80.8
26359,Santiago García,Left Back,26dab2e1-e027-48a8-aee8-36cc6867af61,3890332,2,58,59,3539,-1,Yellow Card,Werder Bremen,0.8
12624,Anthony Ujah,Center Forward,b9a9d929-2c6f-4225-9853-326395c57d19,3890332,2,67,39,4059,-1,Big Miss,Werder Bremen,0.5209501
8303,Caiuby Francisco da Silva,Center Forward,9e193153-d2d7-471d-888c-668304418e2c,3890333,1,8,2,482,-1,Wasted Turnover,Augsburg,105.0
400621,Tohouri Zahoui Constant Djakpa,Left Back,7b9b67d3-c803-4f71-9d4c-17fe84312d98,3890334,2,75,46,4546,-2,Yellow Card,Eintracht Frankfurt,0.8
8812,Marco Russ,Right Center Back,2d40347b-b15a-46ce-94c2-0731e8155d79,3890334,2,81,15,4875,-2,Yellow Card,Eintracht Frankfurt,0.8
3545,Luiz Gustavo Dias,Right Defensive Midfield,844f7675-ec24-4509-af3f-27c96ad7472e,3890335,2,70,52,4252,1,Yellow Card,Wolfsburg,0.6
8575,Salomon Armand Magloire Kalou,Left Center Forward,ef860ca8-0720-4c03-b23f-70623046fe28,3890336,1,5,8,319,0,Wasted Turnover,Hertha Berlin,92.3
40474,Jens Hegeler,Left Midfield,084896f7-925a-40dd-b345-61dd98ba0c7d,3890336,2,82,43,4963,0,Yellow Card,Hertha Berlin,0.5
5624,Albin Ekdal,Right Defensive Midfield,64596db4-4be8-4a5c-b8d7-8fa5ab6a6013,3890337,1,37,7,2227,0,Yellow Card,Hamburger SV,0.6
24740,Ivo Iličević,Left Wing,cacd3ee8-a9d1-4972-a51e-5bbad4443be4,3890337,2,58,8,3488,0,Yellow Card,Hamburger SV,0.2
34558,Sereso Geoffroy Gonzaroua Dié,Right Defensive Midfield,782edcf9-a96a-430a-aeaf-e93eeec7b8e5,3890338,1,11,23,683,0,Yellow Card,VfB Stuttgart,0.6
5557,Timo Werner,Center Forward,b9792888-91d5-4efb-b330-83f95e80a952,3890338,1,17,20,1041,0,Wasted Turnover,VfB Stuttgart,111.3
5481,Mathew Leckie,Left Wing,f214b8f3-a9b1-4959-b5bd-d84449064af1,3890338,2,51,57,3129,0,Wasted Turnover,Ingolstadt,85.9
2968,Elias Kachunga,Left Wing,4657e955-c421-403a-b39c-95434f7e87ca,3890338,2,80,18,4818,-1,Wasted Turnover,Ingolstadt,87.0
8231,Yannick Gerhardt,Left Defensive Midfield,a95cfde0-8b3b-4500-b3cb-ccb7e854b785,3890339,2,53,15,3206,-1,Wasted Turnover,FC Köln,91.1
8891,Lewis Harry Holtby,Left Defensive Midfield,ece85cd0-67b7-4412-ace8-6926000de87c,3890340,1,25,23,1523,0,Yellow Card,Hamburger SV,0.6
8547,Matthias Ostrzolek,Left Back,910a1716-8462-42a2-ae73-90e15439c295,3890340,2,56,34,3394,0,Yellow Card,Hamburger SV,0.8
8209,Márcio Rafael Ferreira de Souza,Left Center Back,9f407cc8-4486-46ee-b26c-6c26e51705ae,3890341,2,54,55,3295,2,Yellow Card,Bayern Munich,0.8
8827,Matthias Lehmann,Right Defensive Midfield,0fed92b7-82bf-49f3-878c-8c927d4db0ed,3890341,2,60,37,3637,-2,Yellow Card,FC Köln,0.6
9401,Marcel Heller,Right Midfield,3f730172-dc54-4d2a-82ce-2a70573282ff,3890342,1,12,48,772,0,Wasted Turnover,Darmstadt 98,87.9
10790,Adelino André Vieira Freitas,Left Midfield,e39c78fd-bd71-4302-9a80-25e614d04385,3890342,1,35,21,2121,0,Wasted Turnover,Wolfsburg,95.2
3197,Dante Bonfim da Costa Santos,Left Center Back,6ddcbb55-920b-479f-a840-503efc56feee,3890342,2,74,41,4481,0,Yellow Card,Wolfsburg,0.8
8576,Mitchell Weiser,Right Back,d9613045-b6d5-460d-a8f7-263dd3df1f19,3890343,1,10,0,600,0,Wasted Turnover,Hertha Berlin,102.7
8965,Fabian Lustenberger,Left Center Back,c94632f3-ff40-42c3-88f4-97eef478e202,3890343,1,15,27,927,1,Yellow Card,Hertha Berlin,0.8
12304,Alfredo Morales,Left Center Midfield,f186c9e3-925a-44d0-80d9-83f0defb9152,3890343,1,37,38,2258,-1,Yellow Card,Ingolstadt,0.5
40474,Jens Hegeler,Center Attacking Midfield,b132602d-f88d-4698-a3df-0a46cf7d0ba7,3890343,2,77,15,4635,1,Big Miss,Hertha Berlin,0.7120371
20010,Clemens Fritz,Right Center Midfield,b1e4a965-e318-4a0f-bf4b-8f2c75a219fb,3890344,1,10,39,639,0,Yellow Card,Werder Bremen,0.5
8539,Danny Latza,Left Defensive Midfield,f3486633-9a64-45fb-88dd-a580d7bac4e9,3890344,1,18,44,1124,0,Selfish Shot,FSV Mainz 05,0.2484691366536789
5467,Leon Aderemi Balogun,Right Back,bb30919f-1e34-4316-8a25-95c1911f3297,3890344,1,25,45,1551,0,Wasted Turnover,FSV Mainz 05,115.6
6924,Alejandro Gálvez Jimena,Right Center Back,f7e82be6-3d24-4c76-b225-996dd5bf7767,3890344,1,30,49,1849,0,Wasted Turnover,Werder Bremen,101.2
6337,Yoshinori Muto,Center Forward,d6b3c778-6828-4f66-b497-6af4ac008c9e,3890344,1,41,38,2500,-1,Wasted Turnover,FSV Mainz 05,105.9
6925,Jairo Samperio Bustara,Left Wing,4648232b-0416-472d-9c00-76d458877f03,3890344,2,78,29,4709,-3,Yellow Card,FSV Mainz 05,0.2
8559,Stefan Bell,Center Back,9ca7e81d-65ac-4352-bfa1-df573e2099e4,3890344,2,84,24,5076,-3,Wasted Turnover,FSV Mainz 05,82.8
5664,Salif Sané,Left Defensive Midfield,8b46de18-4412-486a-9ac6-747f0366c593,3890345,2,52,28,3148,1,Yellow Card,Hannover 96,0.6
11394,Stefan Kießling,Right Center Forward,feefe6d7-255c-41a8-8111-28f08621e10e,3890346,2,61,43,3703,-2,Big Miss,Bayer Leverkusen,0.5034182
5557,Timo Werner,Left Center Forward,9dbc140d-5e6d-40fc-bb61-e9607d44a809,3890346,2,73,33,4419,0,Wasted Turnover,VfB Stuttgart,86.0
8807,Raúl Marcelo Bobadilla,Center Forward,9386cdee-cb23-4b12-afb5-56de2108955d,3890347,1,11,17,677,0,Wasted Turnover,Augsburg,88.4
8233,Gonzalo Castro Randon,Right Wing,ab02ee98-7c71-4a65-b4b7-dbd5712084ec,3890347,1,24,44,1484,2,Wasted Turnover,Borussia Dortmund,93.7
400620,Tobias Werner,Left Wing,53cb20b3-7d99-49f5-b9bb-105c7617bacc,3890347,2,59,25,3565,-2,Yellow Card,Augsburg,0.2
40480,Markus Feulner,Right Back,a0adc7d3-fc80-4e5b-9efb-d8e0570cafb8,3890347,2,72,54,4374,-2,Yellow Card,Augsburg,0.8
30312,Uilson de Souza Paula Júnior,Right Wing,d3fd9f49-4012-4d7b-94fc-9fa1639bbcb0,3890348,1,26,31,1591,0,Yellow Card,Schalke 04,0.2
8806,Lars Edi Stindl,Right Center Forward,80a228b5-4987-49f3-86d2-3a62bdbec2c6,3890348,1,31,33,1893,0,Wasted Turnover,Borussia Mönchengladbach,113.3
8806,Lars Edi Stindl,Right Center Forward,60fe74bc-bd80-4aad-b5ee-86a2cfe34051,3890348,1,36,35,2198,1,Wasted Turnover,Borussia Mönchengladbach,89.7
8809,Oscar Wendt,Left Back,8d40292b-5e27-4aff-80a8-7f749e235300,3890348,2,51,8,3068,0,Yellow Card,Borussia Mönchengladbach,0.8
3502,Joël Andre Job Matip,Left Center Back,d5913289-8d89-4921-8cbe-e59b49d88597,3890348,2,79,6,4746,-1,Yellow Card,Schalke 04,0.8
21156,Stefan Aigner,Right Midfield,ec9bf671-693e-4279-8a0e-a0cf3c84b042,3890349,1,37,50,2274,0,Wasted Turnover,Eintracht Frankfurt,96.9
5543,Haris Seferović,Left Midfield,2cd54670-20d7-4879-b038-3e2615e0d130,3890349,2,56,32,3392,0,Yellow Card,Eintracht Frankfurt,0.5
19295,Philipp Lahm,Left Back,af3a25f1-8034-4b8a-beb4-9fb7926b8490,3890349,2,68,36,4116,0,Yellow Card,Bayern Munich,0.8
8313,Kyriakos Papadopoulos,Left Center Back,8d17a0c3-23b4-4c68-8f8b-b18c9a1c9538,3890350,1,16,32,992,0,Yellow Card,Bayer Leverkusen,0.8
8235,Maximilian Arnold,Center Attacking Midfield,4ea6282b-2e75-4e48-9311-1349e060e848,3890350,2,66,40,4002,0,Wasted Turnover,Wolfsburg,81.8
8810,Raffael Caetano de Araújo,Left Center Forward,f8f1b81f-9c47-4d27-80ac-b119a1633d5a,3890351,1,17,57,1077,0,Selfish Shot,Borussia Mönchengladbach,0.0767915982497464
30439,Tolga Ciğerci,Right Wing,2e83c222-15ec-4a81-b4a5-ecc7b6d1dc19,3890351,1,29,28,1768,-2,Big Miss,Hertha Berlin,0.4873916
8580,Sebastian Langkamp,Right Center Back,2b5b49f8-5259-4ba8-8385-d32bda69c92d,3890351,2,53,5,3185,-2,Yellow Card,Hertha Berlin,0.8
8806,Lars Edi Stindl,Right Center Forward,09cdfff7-5b1e-4cda-9048-48a851cfbfb1,3890351,2,60,26,3626,3,Wasted Turnover,Borussia Mönchengladbach,98.6
10902,Philipp Hosiner,Right Center Forward,65b152ad-82b3-419a-a351-a78b7f2b62e7,3890352,1,12,51,771,0,Big Miss,FC Köln,0.3347219
8556,Pirmin Schwegler,Right Defensive Midfield,cb08c464-5b64-4657-a578-f4fa428ce8a5,3890352,1,29,15,1755,0,Yellow Card,Hoffenheim,0.6
5679,Yūya Ōsako,Right Midfield,1fe17b89-9bc9-40d2-899c-43bfbd1aee6e,3890352,2,65,10,3910,0,Yellow Card,FC Köln,0.5
11286,Dominik Maroh,Right Center Back,1d240788-79e8-4867-8955-a7cc9e3a1cdd,3890352,2,72,48,4368,0,Yellow Card,FC Köln,0.8
8762,Zlatko Junuzović,Center Attacking Midfield,b49381e8-4236-4c7a-9646-27033a3f19b3,3890353,2,77,9,4631,-2,Wasted Turnover,Werder Bremen,80.3
3097,Pascal Groß,Left Center Midfield,2e24c737-4660-4ae5-b590-aa62ddf4c78a,3890355,1,5,4,307,0,Wasted Turnover,Ingolstadt,80.7
40460,Tobias Levels,Right Back,352300c5-4f96-4833-9e36-ebb9055958ee,3890355,1,12,35,763,0,Wasted Turnover,Ingolstadt,82.9
8958,Dennis Aogo,Left Back,4269dafa-58e9-44cb-b2fe-fdf3190393a6,3890355,1,20,39,1242,0,Wasted Turnover,Schalke 04,114.7
9103,Lukas Hinterseer,Right Wing,4be541dd-c20b-46fa-8759-9135759d3622,3890355,2,71,27,4287,1,Yellow Card,Ingolstadt,0.2
8512,Franco Matías Di Santo,Left Center Forward,3cd32975-4834-42a1-8f77-1a16d76f69ed,3890355,2,82,29,4950,0,Wasted Turnover,Schalke 04,104.9
8547,Matthias Ostrzolek,Left Back,1e724c01-f8e6-46ab-9d4e-6efc45a94ab9,3890356,1,16,6,966,1,Wasted Turnover,Hamburger SV,80.9
8302,Nicolai Müller,Right Midfield,4d76b32d-7cf5-4e33-8bc6-4e3d3642f7c4,3890356,1,26,8,1568,1,Big Miss,Hamburger SV,0.58641315
40467,Peter Niemeyer,Right Defensive Midfield,2f493b51-c712-4ca9-9d75-475c723e0b6d,3890357,1,26,1,1561,0,Selfish Shot,Darmstadt 98,0.1568698676557437
9082,Przemysław Tytoń,Goalkeeper,0bd68758-7df9-428b-92fb-32f572c6652b,3890357,1,32,7,1927,0,Yellow Card,VfB Stuttgart,0.5
5557,Timo Werner,Left Center Forward,f257673c-856d-40eb-82dc-2ebf01a7ebf5,3890357,2,77,5,4637,1,Wasted Turnover,VfB Stuttgart,93.1
9401,Marcel Heller,Right Midfield,4453d14f-8a13-4173-b942-72e9c7aa3333,3890357,2,82,39,4959,-1,Big Miss,Darmstadt 98,0.30934998
8579,Vladimír Darida,Center Attacking Midfield,20d793a3-f67c-4b6d-925d-5695603ef7fd,3890358,1,27,25,1645,0,Yellow Card,Hertha Berlin,0.5
5697,Genki Haraguchi,Left Wing,b6642f32-be25-4acb-9fc5-e5855305e527,3890358,1,33,42,2026,1,Wasted Turnover,Hertha Berlin,117.8
5569,Marvin Plattenhardt,Left Back,16ff26ca-829c-4b47-890f-a13e7e367ac4,3890358,2,68,53,4133,2,Yellow Card,Hertha Berlin,0.8
8578,Per Ciljan Skjelbred,Right Defensive Midfield,10ff4ef1-2cf3-4476-8630-b9eefa1e1e20,3890358,2,76,6,4566,1,Yellow Card,Hertha Berlin,0.6
8826,Leonardo Bittencourt,Left Midfield,03187278-261e-4e06-95a0-155a58220f38,3890359,1,39,15,2355,0,Yellow Card,FC Köln,0.5
8828,Dominique Heintz,Left Center Back,9dcdf026-646f-44b0-ab34-4ef2a7da8ec4,3890359,2,64,49,3889,0,Yellow Card,FC Köln,0.8
9723,Sandro Wagner,Center Forward,7c7e6c81-1ecb-41a1-8d70-f367f643b6b5,3890360,1,9,48,592,0,Wasted Turnover,Darmstadt 98,89.7
8555,Pablo Ezequiel De Blasis,Right Midfield,24647fba-235a-4a9e-af4b-da64b08b8c7d,3890361,1,10,50,650,0,Big Miss,FSV Mainz 05,0.31664902
8539,Danny Latza,Right Defensive Midfield,60d1254c-d9aa-43e9-a14d-4a1787923c05,3890361,2,56,33,3393,1,Yellow Card,FSV Mainz 05,0.6
8679,Yunus Mallı,Right Center Forward,b3c298e4-bbcb-4865-9cd9-e4cbbc79ba7c,3890361,2,67,32,4052,1,Big Miss,FSV Mainz 05,0.33552513
8555,Pablo Ezequiel De Blasis,Right Midfield,42ea1603-0701-440e-a91d-685d9ec8f7a7,3890361,2,86,2,5167,2,Wasted Turnover,FSV Mainz 05,111.6
5543,Haris Seferović,Center Forward,92bf2112-5839-42d3-8a83-cfa82174c682,3890362,1,10,26,626,0,Yellow Card,Eintracht Frankfurt,0.2
8215,Kevin Volland,Right Midfield,96712d52-36a7-4c2e-a9a2-00e04e0aac40,3890362,2,53,12,3192,0,Big Miss,Hoffenheim,0.35731667
3500,Granit Xhaka,Left Defensive Midfield,07faf7a9-61fd-400b-9788-04f51a8ef838,3890363,1,17,30,1050,0,Yellow Card,Borussia Mönchengladbach,0.6
13332,Romain Brégerie,Center Defensive Midfield,637c3038-187a-41d7-a42c-de4f95e9109c,3890363,1,30,11,1811,0,Yellow Card,Ingolstadt,0.6
5668,Robert Lewandowski,Center Forward,77a3f887-7e72-4a29-82e1-54a277421abd,3890364,1,14,30,870,1,Big Miss,Bayern Munich,0.43611667
8218,Arjen Robben,Right Wing Back,7658a82f-2da4-4903-9b5e-cf4ecf81a011,3890364,2,51,30,3090,4,Big Miss,Bayern Munich,0.3100773
8270,Daniel Schwaab,Right Back,23fec103-aef0-4ea1-ad49-deed9f3adf0f,3890364,2,84,52,5100,-4,Wasted Turnover,VfB Stuttgart,107.2
10287,İlkay Gündoğan,Right Center Midfield,b8775f27-58b9-4021-88a7-2fd7cd98d756,3890365,1,9,4,544,0,Wasted Turnover,Borussia Dortmund,85.9
6324,Leon Goretzka,Right Defensive Midfield,cd6ec0f5-5cac-4d2d-bba2-4038b345f3b1,3890365,1,37,26,2246,0,Yellow Card,Schalke 04,0.6
3275,Henrikh Mkhitaryan,Left Wing,bc9f2f5a-bcd8-42bc-a5a0-712acb873f8e,3890365,2,53,9,3189,2,Big Miss,Borussia Dortmund,0.31200415
26359,Santiago García,Left Back,b7cb5910-63e9-45c9-a243-bca78d65b645,3890366,1,10,44,644,0,Yellow Card,Werder Bremen,0.8
8807,Raúl Marcelo Bobadilla,Left Wing,73f3a686-615a-4f47-8c23-c99749e5e845,3890366,1,26,21,1581,0,Wasted Turnover,Augsburg,83.0
8237,Paul Verhaegh,Right Back,4310f732-982a-47db-9c1f-78d092733918,3890366,1,34,36,2076,0,Wasted Turnover,Augsburg,103.6
8762,Zlatko Junuzović,Right Center Midfield,e313eac0-9045-462e-9d2e-d0d2196c17a9,3890366,2,51,34,3094,0,Selfish Shot,Werder Bremen,0.0828180345307594
8554,Levin Mete Öztunali,Left Midfield,fd30db36-3a06-4164-a6cd-3c842b9ce02f,3890366,2,56,51,3420,0,Wasted Turnover,Werder Bremen,93.3
8815,Jannik Vestergaard,Left Center Back,ab940c06-34ca-488a-a962-fa4c26f0651a,3890366,2,76,47,4607,2,Yellow Card,Werder Bremen,0.8
8389,Fin Bartels,Right Midfield,7a442143-21d9-4dbe-938e-07cfa2d3b824,3890368,1,9,3,546,0,Wasted Turnover,Werder Bremen,108.0
6924,Alejandro Gálvez Jimena,Right Center Back,ac007289-943d-442c-9121-bde771af05fc,3890368,1,25,21,1521,-1,Yellow Card,Werder Bremen,0.8
8389,Fin Bartels,Right Midfield,31cdc128-de75-4138-a89f-45a725efab36,3890368,2,57,15,3449,-3,Wasted Turnover,Werder Bremen,82.0
8389,Fin Bartels,Right Midfield,8ca1ca38-0ee1-4382-9d0c-b2c4a84e0ed2,3890368,2,67,55,4075,-4,Big Miss,Werder Bremen,0.40498933
10281,André Schürrle,Left Wing,c3bf89be-b894-49d2-834d-c1b9e50277d5,3890368,2,81,22,4882,5,Big Miss,Wolfsburg,0.34043562
8060,Klaas-Jan Huntelaar,Center Forward,84698373-7d93-4686-97d6-ffaeddd2c962,3890369,2,60,5,3605,0,Yellow Card,Schalke 04,0.2
3570,Pierre-Emile Højbjerg,Left Defensive Midfield,24ea0abd-08ee-4bb3-91b8-feb1d91a846f,3890369,2,81,4,4864,-1,Yellow Card,Schalke 04,0.6
7039,Hakan Çalhanoğlu,Left Wing,6b7706d7-7f27-429f-baf6-2dd6002ec135,3890370,1,18,12,1094,0,Wasted Turnover,Bayer Leverkusen,85.6
8219,Admir Mehmedi,Center Attacking Midfield,d64fbd58-d270-44a7-ae92-5ae39153fb92,3890370,2,76,45,4605,2,Yellow Card,Bayer Leverkusen,0.5
8213,Karim Bellarabi,Right Wing,40a7be8d-cc24-4cc5-b270-c99c62b981bf,3890370,2,82,2,4929,2,Wasted Turnover,Bayer Leverkusen,80.9
23486,Anthony Modeste,Left Center Forward,e37bb4be-6d3e-454b-9400-e3613dc013d1,3890371,1,33,16,1996,0,Yellow Card,FC Köln,0.2
8397,Kevin Vogt,Left Defensive Midfield,cdf17dd3-14a9-4a4a-ac26-43e016b0252e,3890371,1,39,28,2368,0,Selfish Shot,FC Köln,0.1908057977415453
35496,Jan Kliment,Right Center Forward,2c35650a-7039-44ad-8691-2a4d1d206604,3890372,2,67,0,4020,-4,Yellow Card,VfB Stuttgart,0.2
24244,Uffe Manich Bech,Right Wing,9efba103-c013-485c-a60a-cff660cff5af,3890373,1,9,46,586,0,Wasted Turnover,Hannover 96,84.8
8541,Kenan Karaman,Left Wing,34fdd3b6-80f6-4490-afe3-db48206b1716,3890373,2,77,10,4636,0,Wasted Turnover,Hannover 96,87.9
8238,Mahmoud Dahoud,Right Defensive Midfield,40a3c1eb-4688-42d0-b5ac-ba84868ae458,3890373,2,82,57,4977,0,Selfish Shot,Borussia Mönchengladbach,0.1428684075438055
8388,Jérôme Gondorf,Left Defensive Midfield,a87992ef-fbab-42b2-a31d-6d9344323f2a,3890374,1,19,12,1152,1,Selfish Shot,Darmstadt 98,0.2140194357642088
40464,Moritz Hartmann,Left Wing,12470cfd-534a-4762-a271-4524d7027c98,3890374,2,53,53,3233,-1,Yellow Card,Ingolstadt,0.2
9219,Tobias Kempe,Center Attacking Midfield,5efa1d37-43e0-4e4f-ad01-f9d07bc2ee25,3890374,2,75,51,4552,-1,Wasted Turnover,Darmstadt 98,84.7
8575,Salomon Armand Magloire Kalou,Center Forward,7b8e8c5b-f313-43fd-872d-a85aad368dc9,3890375,1,18,17,1101,0,Wasted Turnover,Hertha Berlin,92.7
9396,Ermin Bičakčić,Left Center Back,fba41f5b-6415-4a85-81cf-8bd278b293bf,3890375,2,67,15,4039,-1,Wasted Turnover,Hoffenheim,107.9
27317,Eduardo Jesús Vargas Rojas,Center Forward,f6883a63-70b9-4600-a7b6-136b45aaeb90,3890375,2,77,21,4641,-1,Wasted Turnover,Hoffenheim,96.4
8578,Per Ciljan Skjelbred,Right Defensive Midfield,61c649c4-8b3d-4a80-bf62-a5ee259c5c2e,3890375,2,84,15,5055,1,Yellow Card,Hertha Berlin,0.6
8822,Simon Zoller,Right Wing,21d8dcac-9810-4307-a157-2c1b8d60edc9,3890376,2,60,7,3607,0,Wasted Turnover,FC Köln,113.0
8822,Simon Zoller,Right Wing,78129a14-c839-45e7-b3d5-62d578183059,3890376,2,79,24,4764,0,Yellow Card,FC Köln,0.2
8238,Mahmoud Dahoud,Center Attacking Midfield,c6849e75-b6a8-403d-9283-d00686ab9b5d,3890377,1,24,12,1452,0,Yellow Card,Borussia Mönchengladbach,0.5
8575,Salomon Armand Magloire Kalou,Left Wing,b45712bd-37c1-49b6-90d8-fed00a57e3ee,3890378,1,8,45,526,0,Wasted Turnover,Hertha Berlin,93.4
5562,Thomas Müller,Right Wing,7afd7457-468e-4971-98f4-c9d69c7bc047,3890378,2,54,55,3295,2,Big Miss,Bayern Munich,0.3654174
8206,Arturo Erasmo Vidal Pardo,Left Center Midfield,782b879f-ac14-4f9a-9b2e-a3b5675b3cf4,3890378,2,69,46,4186,2,Wasted Turnover,Bayern Munich,100.3
8389,Fin Bartels,Right Midfield,0425f4e9-47e5-4847-8640-b6e510abfa89,3890379,1,29,28,1768,-2,Yellow Card,Werder Bremen,0.5
11396,Florian Grillitsch,Left Midfield,a542e086-5854-4c67-ae51-14085d2252c1,3890379,1,34,58,2098,-2,Selfish Shot,Werder Bremen,0.1041647014576253
51388,Assani Lukimya-Mulongoti,Right Center Back,570f6d99-e032-4d3f-bffd-88a621bc16e9,3890379,2,53,6,3186,-2,Yellow Card,Werder Bremen,0.8
26359,Santiago García,Left Back,30916636-419d-4ff6-8fff-f7b5887cf1f6,3890379,2,59,29,3579,-2,Wasted Turnover,Werder Bremen,93.9
8321,Sven Schipplock,Center Forward,168b41dd-4dfb-4aef-b154-c67de6549936,3890379,2,87,58,5293,2,Wasted Turnover,Hamburger SV,102.9
30287,Ceyhun Gülselam,Center Attacking Midfield,d8e9e0fd-e28a-49a1-bda6-dbcb82a6a747,3890380,2,78,36,4716,3,Yellow Card,Hannover 96,0.5
9134,Aleksandar Ignjovski,Right Defensive Midfield,78997d12-eea2-4b55-aa89-74553305d375,3890381,1,7,6,434,-1,Wasted Turnover,Eintracht Frankfurt,84.8
36359,Carlos Augusto Zambrano Ochandarte,Right Center Back,4ed09cde-79af-49e3-a4d3-3156d5945110,3890381,1,12,12,742,-1,Wasted Turnover,Eintracht Frankfurt,82.0
8221,Jonathan Tah,Right Center Back,181f51d3-563f-4622-870f-7581317ee9dc,3890382,1,7,33,453,0,Yellow Card,Bayer Leverkusen,0.8
3499,Jean-Eric Maxim Choupo-Moting,Left Wing,8efc15f2-28eb-4814-8790-f3f209d94b29,3890382,1,37,17,2237,0,Yellow Card,Schalke 04,0.2
6324,Leon Goretzka,Right Defensive Midfield,ee62208b-5d5b-49a1-a239-578bb526d387,3890382,2,54,28,3277,1,Wasted Turnover,Schalke 04,105.1
40469,Marcel Schäfer,Left Back,7f747a1a-fcf6-4137-a2be-629d509069a6,3890383,1,18,29,1110,0,Wasted Turnover,Wolfsburg,116.7
8521,Daniel Caligiuri,Left Midfield,baa59234-d69b-4a2d-accc-74ca5a15b4d2,3890383,2,82,33,4953,0,Yellow Card,Wolfsburg,0.5
8233,Gonzalo Castro Randon,Right Center Midfield,556d8675-c65b-40e5-abd1-08da11dda328,3890384,1,21,51,1314,2,Wasted Turnover,Borussia Dortmund,113.3
8244,Sokratis Papastathopoulos,Right Center Back,a5e32584-c289-41c2-8327-690cc4f32fa4,3890384,2,51,57,3117,1,Yellow Card,Borussia Dortmund,0.8
3275,Henrikh Mkhitaryan,Right Wing,ee3059ec-8b29-43c7-bad3-80b4be3a5577,3890384,2,70,21,4221,2,Selfish Shot,Borussia Dortmund,0.1623152037378511
25003,Sascha Riether,Right Back,56f9d81d-fc79-4847-8c5a-7f8be5ba0dde,3890385,1,8,27,507,0,Yellow Card,Schalke 04,0.8
8958,Dennis Aogo,Left Back,908a71c0-6dfb-4a68-819c-34aaf5fa05dc,3890385,1,23,3,1383,0,Selfish Shot,Schalke 04,0.1586992452580341
8541,Kenan Karaman,Left Midfield,7848eca9-42a7-4689-b68d-9cdd42fd1c8e,3890385,1,39,7,2353,0,Wasted Turnover,Hannover 96,90.9
3016,Allan Saint-Maximin,Center Attacking Midfield,3143c4ad-27a8-49bb-bcf8-48e81622423e,3890385,2,74,34,4474,-2,Wasted Turnover,Hannover 96,114.7
6359,Johan Danon Djourou-Gbadjere,Right Center Back,01fdf59d-d6bb-4e93-b2a9-9e445a8175d6,3890386,2,83,41,5021,-3,Yellow Card,Hamburger SV,0.8
5562,Thomas Müller,Right Wing,b1d69057-5e0f-48f1-98d9-89f9ab207f76,3890387,1,10,12,627,0,Wasted Turnover,Bayern Munich,83.3
9399,Javier Martínez Aginaga,Left Center Midfield,1c412900-155a-4582-816d-7f372a8a6d58,3890387,1,38,41,2321,0,Wasted Turnover,Bayern Munich,96.1
8806,Lars Edi Stindl,Left Center Forward,e738537a-ac10-41b7-8a21-d2858160baef,3890387,2,73,51,4431,3,Yellow Card,Borussia Mönchengladbach,0.2
10790,Adelino André Vieira Freitas,Right Back,d0f966ab-bd6c-4902-bd07-adeb6f772ee1,3890388,2,52,41,3161,-1,Yellow Card,Wolfsburg,0.8
3275,Henrikh Mkhitaryan,Right Wing,a7f54499-6d3a-41ae-9f39-6117202b056e,3890388,2,63,3,3783,1,Wasted Turnover,Borussia Dortmund,92.4
23266,Christian Träsch,Right Back,545b080e-f679-4fe2-a0b5-e3703d0854c8,3890388,2,80,11,4811,-1,Yellow Card,Wolfsburg,0.8
12304,Alfredo Morales,Left Center Midfield,336c1892-fe30-4873-a747-c8c95eab0468,3890389,1,10,19,626,0,Wasted Turnover,Ingolstadt,89.5
5481,Mathew Leckie,Left Wing,b0eb04f7-45c3-425c-acc7-d26187285a3c,3890389,1,21,51,1315,0,Wasted Turnover,Ingolstadt,93.0
5481,Mathew Leckie,Right Wing,dab9136e-eb94-4806-9b9b-9b0d4d5b4f2e,3890389,2,57,7,3428,0,Wasted Turnover,Ingolstadt,87.1
19836,Kevin Kuranyi,Center Forward,ba20257c-18d2-4045-a48e-888485ce27c1,3890389,2,67,1,4022,-1,Wasted Turnover,Hoffenheim,86.5
8556,Pirmin Schwegler,Right Defensive Midfield,ecf2cf79-67c6-4bc2-98e8-122ca215847d,3890389,2,91,10,5480,-1,Wasted Turnover,Hoffenheim,91.9
8579,Vladimír Darida,Right Defensive Midfield,7c34ac40-fe9b-4f78-b802-212c7dc95eef,3890390,1,33,59,2039,0,Yellow Card,Hertha Berlin,0.6
8549,Giulio Donati,Right Back,fea1e3c0-4c94-4b98-97d1-3a9c5daa24ba,3890390,2,54,4,3255,0,Wasted Turnover,Bayer Leverkusen,97.5
8222,Kevin Kampl,Left Defensive Midfield,8aaba1ae-2c3a-4ce3-b921-1a7dc5b39446,3890390,2,60,18,3618,-1,Yellow Card,Bayer Leverkusen,0.6
8303,Caiuby Francisco da Silva,Left Wing,df90168d-dcc5-4cb2-9cf0-cf3db21ac322,3890391,1,31,29,1893,0,Wasted Turnover,Augsburg,105.3
6040,Jonas Hector,Left Back,0ccbc6fb-8e18-44a6-ae0f-9a065425bed8,3890391,2,75,49,4549,-1,Yellow Card,FC Köln,0.8
8390,Philipp Bargfrede,Center Defensive Midfield,da80f604-09c4-4d5d-9a9e-976658e91489,3890392,1,29,42,1782,0,Yellow Card,Werder Bremen,0.6
8554,Levin Mete Öztunali,Right Midfield,d815de96-7dd6-400f-8b35-f9effa174454,3890392,2,62,49,3771,-1,Wasted Turnover,Werder Bremen,99.7
9219,Tobias Kempe,Left Midfield,87c07bb0-0700-47bd-af9a-7d31717ce915,3890393,1,16,9,972,0,Wasted Turnover,Darmstadt 98,113.7
8679,Yunus Mallı,Center Attacking Midfield,2362cbba-4c88-430f-9b09-dcf74efcd4ec,3890394,1,5,0,304,0,Wasted Turnover,FSV Mainz 05,88.2
11395,Lukas Rupp,Right Wing,5e6b1884-2134-4d0d-9375-aa30537e437d,3890394,1,23,36,1418,0,Wasted Turnover,VfB Stuttgart,108.3
13319,Niko Bungert,Right Center Back,d0733ad3-0722-4cce-af1f-067965feb28f,3890394,1,35,1,2101,0,Yellow Card,FSV Mainz 05,0.8
11394,Stefan Kießling,Left Center Forward,b4beae74-83ac-47e2-a429-f8020530a8a1,3890395,1,26,12,1572,0,Wasted Turnover,Bayer Leverkusen,86.9
7039,Hakan Çalhanoğlu,Left Midfield,53e19dee-ed5d-4a54-92a2-9fd339661aa1,3890395,1,31,13,1886,1,Wasted Turnover,Bayer Leverkusen,91.7
12320,Tony Jantschke,Right Center Back,fb73e217-f52f-4037-8d0c-f4c63228f0f2,3890395,1,39,25,2365,-1,Yellow Card,Borussia Mönchengladbach,0.8
8545,Julian Korb,Right Wing Back,e64591fb-8f8d-4210-bde2-6a868f3dcc6d,3890395,2,80,34,4834,-5,Yellow Card,Borussia Mönchengladbach,0.8
8895,Pierre-Michel Lasogga,Center Forward,9628a24f-63e9-42e1-a03e-31284bc80eea,3890396,1,20,31,1231,0,Big Miss,Hamburger SV,0.33201003
8309,Michael Gregoritsch,Center Attacking Midfield,964be5eb-6e8f-4baf-8a93-ea415ff40a09,3890396,1,38,42,2335,1,Wasted Turnover,Hamburger SV,97.2
8309,Michael Gregoritsch,Left Midfield,a7c8b489-a7da-4cbb-b3ae-044db539516a,3890396,2,81,27,4887,0,Yellow Card,Hamburger SV,0.5
8311,Jonathan Schmid,Left Midfield,3986745e-3808-4baa-b850-38de30b852fd,3890397,1,5,37,344,0,Wasted Turnover,Hoffenheim,92.3
5537,Fabian Lukas Schär,Right Center Back,a7bf318d-58cb-4240-9810-16bdfaa86676,3890397,1,18,1,1081,0,Yellow Card,Hoffenheim,0.8
30287,Ceyhun Gülselam,Right Defensive Midfield,2ff07d22-6be4-4feb-aabb-5f81b32724fd,3890397,1,37,58,2278,-1,Yellow Card,Hannover 96,0.6
8215,Kevin Volland,Center Forward,2af2b5f3-be21-4447-84df-1cf5e118991e,3890397,2,51,36,3098,1,Wasted Turnover,Hoffenheim,98.3
13126,Miiko Martín Albornoz Inola,Left Back,1254dacd-00b4-4368-ae1f-40ff56785842,3890397,2,71,17,4277,-1,Yellow Card,Hannover 96,0.8
400613,Leon Andreasen,Right Defensive Midfield,b9343a60-f32b-4769-b719-e7917d24196d,3890397,2,81,19,4879,-1,Yellow Card,Hannover 96,0.6
11134,Konstantin Rausch,Left Midfield,3b4efeb4-38b4-4bef-9dab-2c000a33cf79,3890398,2,57,16,3436,-3,Yellow Card,Darmstadt 98,0.5
13675,Mario Vrančić,Right Defensive Midfield,0d5d33b7-f2b7-475e-8602-abf73295f7bb,3890398,2,75,24,4524,-3,Yellow Card,Darmstadt 98,0.6
8209,Márcio Rafael Ferreira de Souza,Left Back,47fe9f82-7c9b-4459-a54b-8e8a5a67b084,3890399,1,30,59,1861,0,Wasted Turnover,Bayern Munich,93.8
5562,Thomas Müller,Right Center Midfield,9c2c4043-6cb6-465f-a3aa-604380ffe231,3890399,2,61,15,3685,0,Wasted Turnover,Bayern Munich,85.5
400805,Stefan Wannenwetsch,Left Center Midfield,42d13868-f131-4092-8908-f00c3f4a6681,3890399,2,72,13,4335,-1,Wasted Turnover,Ingolstadt,84.9
8504,Bastian Oczipka,Left Midfield,d32ac03c-545e-4de1-bcaf-d876850728d3,3890401,1,33,55,2042,0,Wasted Turnover,Eintracht Frankfurt,85.0
11458,Marcel Schmelzer,Left Back,5c2ccf28-d59f-4304-96b6-4aa40ebcb408,3890401,1,39,17,2357,0,Wasted Turnover,Borussia Dortmund,80.6
3275,Henrikh Mkhitaryan,Right Wing,035ed5e3-8c1e-45af-99c0-ab90a3949555,3890401,2,63,41,3821,2,Big Miss,Borussia Dortmund,0.5818559
8508,Max Meyer,Right Midfield,0ad758e5-0a67-4cd9-88b3-9f858e0de123,3890403,1,34,45,2091,1,Wasted Turnover,Schalke 04,87.9
8060,Klaas-Jan Huntelaar,Left Center Forward,c9f7ba24-aa19-44f9-ae7b-40b4236bff0c,3890403,1,39,59,2403,1,Wasted Turnover,Schalke 04,109.3
3510,Sead Kolašinac,Left Back,ea660bd2-a61a-491e-9f9b-c672dd749ada,3890403,2,50,22,3022,1,Wasted Turnover,Schalke 04,84.7
3499,Jean-Eric Maxim Choupo-Moting,Left Midfield,138b1ffa-2d48-4010-93e8-c997ca82fb99,3890403,2,69,44,4184,1,Wasted Turnover,Schalke 04,113.3
3053,Leroy Sané,Right Midfield,3bc879db-082a-4c5d-a372-0dbeb923864d,3890403,2,77,21,4653,1,Wasted Turnover,Schalke 04,103.8
40543,Jeong-Ho Hong,Right Center Back,da001fa8-e998-46a6-af96-719b9365c732,3890404,1,22,48,1375,0,Wasted Turnover,Augsburg,85.6
40480,Markus Feulner,Right Defensive Midfield,9e0c4469-b9df-4168-a512-1779901476ee,3890404,2,66,12,3972,0,Big Miss,Augsburg,0.38528156
8827,Matthias Lehmann,Center Defensive Midfield,9a8bb450-b3e4-4f84-9e7a-6a27a538fd86,3890406,1,22,21,1342,-1,Wasted Turnover,FC Köln,80.3
8823,Marcel Risse,Left Center Forward,bbcc7258-eaca-4dfd-a83f-ffcfa165cbef,3890406,1,38,5,2285,-1,Wasted Turnover,FC Köln,86.0
8823,Marcel Risse,Left Center Forward,2de3f181-d0ed-4eed-8b92-4158bf20a335,3890406,2,61,15,3675,-1,Wasted Turnover,FC Köln,92.8
8822,Simon Zoller,Left Wing Back,bb359b9c-7a1b-4195-862d-112cc5b742ed,3890406,2,82,49,4969,0,Yellow Card,FC Köln,0.8
5562,Thomas Müller,Left Center Forward,618fb96b-37c2-4ee5-a770-243a412474b5,3890407,1,29,8,1748,0,Big Miss,Bayern Munich,0.60186416
20027,Mevlüt Erdinç,Center Forward,75d2e1b1-880d-46f6-ae52-c5bc6a36243c,3890407,2,53,17,3197,-1,Wasted Turnover,Hannover 96,94.1
3016,Allan Saint-Maximin,Right Wing,0dc6f063-6721-4e0f-9b8c-5fffa82a1ba2,3890407,2,77,5,4625,-1,Wasted Turnover,Hannover 96,112.8
38172,Toni Šunjić,Right Center Back,05f5de1e-0d86-4db1-91ba-161a078d2f29,3890408,2,54,58,3298,2,Yellow Card,VfB Stuttgart,0.8
8521,Daniel Caligiuri,Left Wing Back,8a002252-8933-4602-94c9-c6d167457806,3890408,2,88,10,5290,-2,Selfish Shot,Wolfsburg,0.1642884970058657
8549,Giulio Donati,Right Back,0771e530-0d3e-4b5f-80fc-328b90e1ef3e,3890409,1,22,28,1359,0,Wasted Turnover,Bayer Leverkusen,85.2
5481,Mathew Leckie,Center Forward,18fe79e5-5fe2-4bc5-9100-85be3869bb81,3890409,1,30,13,1813,0,Wasted Turnover,Ingolstadt,83.3
9401,Marcel Heller,Right Wing,99ee636b-d69f-4879-935e-e8070cce72e8,3890410,1,9,4,544,0,Wasted Turnover,Darmstadt 98,83.2
8545,Julian Korb,Right Back,e0685c60-41e1-41b5-b5ec-9c1b174aafaa,3890410,1,16,23,984,0,Wasted Turnover,Borussia Mönchengladbach,86.3
40467,Peter Niemeyer,Right Defensive Midfield,575389ba-536f-4264-8216-5c216d2ac660,3890410,1,36,50,2210,1,Yellow Card,Darmstadt 98,0.6
9401,Marcel Heller,Right Wing,da8c8e77-6438-4c57-8384-4f7fa4c04730,3890410,2,64,23,3863,-1,Yellow Card,Darmstadt 98,0.2
9401,Marcel Heller,Right Wing,d47a0233-844d-4590-bdef-ed5074bad4a7,3890410,2,71,11,4271,0,Big Miss,Darmstadt 98,0.32935306
8965,Fabian Lustenberger,Right Defensive Midfield,85ee6440-bb22-4d28-bc3b-7847c050970e,3890411,1,6,45,413,0,Wasted Turnover,Hertha Berlin,86.7
8547,Matthias Ostrzolek,Left Back,4bc7d86d-1da3-4e8d-ac1d-be4e03d09ba8,3890412,1,19,16,1156,0,Yellow Card,Hamburger SV,0.8
40470,Georg Niedermeier,Left Center Back,344edf97-695d-4c50-bb06-5cc7004350b5,3890413,1,16,57,1017,0,Yellow Card,VfB Stuttgart,0.8
20665,Kevin Großkreutz,Right Back,03e78493-51ee-49d4-8cc9-a04c2e843e2d,3890413,2,82,6,4926,1,Wasted Turnover,VfB Stuttgart,101.0
5569,Marvin Plattenhardt,Left Back,4fd480d9-6dfe-44b2-a079-ecfda8366ee8,3890414,1,17,27,1047,0,Selfish Shot,Hertha Berlin,0.1607924182449401
40538,Jin-Su Kim,Left Back,1758153e-bf9e-4828-9637-7ccf8c9087c1,3890415,1,15,58,958,0,Yellow Card,Hoffenheim,0.8
8213,Karim Bellarabi,Right Midfield,0a43e673-811e-420a-a289-b2b426774ebf,3890415,1,37,10,2233,0,Wasted Turnover,Bayer Leverkusen,87.3
8549,Giulio Donati,Right Back,c26d8886-cc81-4b33-a4cd-98c22891f04c,3890415,2,85,0,5100,0,Yellow Card,Bayer Leverkusen,0.8
2968,Elias Kachunga,Center Forward,02d480f1-56a5-4375-abd4-8e6f2f9154eb,3890416,1,6,32,393,0,Wasted Turnover,Ingolstadt,95.5
5481,Mathew Leckie,Left Wing,da9794ce-ef4c-4080-a810-cc63120923e7,3890416,1,33,32,2012,0,Wasted Turnover,Ingolstadt,86.9
3097,Pascal Groß,Right Center Midfield,419f56cd-5277-4be6-af06-ebfabebaef46,3890416,2,51,34,3094,1,Yellow Card,Ingolstadt,0.5
12304,Alfredo Morales,Left Center Midfield,2b7d4ce9-5d08-4057-b5d4-db5a39cf476e,3890416,2,59,3,3543,1,Yellow Card,Ingolstadt,0.5
8539,Danny Latza,Left Defensive Midfield,03087243-8a82-46be-8fad-2d0c107e813e,3890416,2,78,10,4690,-1,Yellow Card,FSV Mainz 05,0.6
8817,Jhon Andrés Córdoba Copete,Center Forward,0daa9989-43b0-416a-b99d-531525420093,3890416,2,87,22,5242,-1,Yellow Card,FSV Mainz 05,0.2
3275,Henrikh Mkhitaryan,Left Wing,844a0dfc-b076-4546-98c4-b9dab7a2b36a,3890417,1,12,3,723,0,Wasted Turnover,Borussia Dortmund,84.8
8814,Nico Elvedi,Left Center Back,cd6c65b1-7b2e-4395-ac16-0638e5f0261c,3890417,2,66,3,3963,-1,Yellow Card,Borussia Mönchengladbach,0.8
24914,Edgar Prib,Left Center Midfield,25194aaa-7b30-401e-a5d2-1b3066c0f790,3890418,2,50,11,3019,-1,Wasted Turnover,Hannover 96,104.3
3053,Leroy Sané,Right Wing,3e8af8d9-27d5-42fc-bfe4-fdc0bde182a5,3890419,2,66,56,4016,-1,Big Miss,Schalke 04,0.35236272
10281,André Schürrle,Left Center Forward,22f6ed36-3b78-4d13-88bb-29da9676a1fc,3890420,1,31,46,1906,1,Wasted Turnover,Wolfsburg,105.3
5681,Makoto Hasebe,Right Back,4def45d0-f97b-4a2b-8400-f4920e1b800e,3890420,2,83,52,5032,0,Yellow Card,Eintracht Frankfurt,0.8
11285,Ibrahima Traoré,Right Midfield,3d9d87a1-85c3-4260-a753-821a9d800ac1,3890421,1,6,19,380,0,Wasted Turnover,Borussia Mönchengladbach,87.1
8395,Håvard Nordtveit,Center Defensive Midfield,91fdce40-2148-40f5-979f-c223252ee766,3890421,2,62,42,3762,-1,Yellow Card,Borussia Mönchengladbach,0.6
24324,Gustavo Adrián Ramos Vásquez,Right Wing,104c7f18-0180-413f-8864-6fb9579e4110,3890422,1,34,9,2049,0,Big Miss,Borussia Dortmund,0.31462994
8244,Sokratis Papastathopoulos,Right Center Back,8ffe1443-d53d-4c7e-91c4-16b364450ef9,3890422,2,60,28,3628,0,Yellow Card,Borussia Dortmund,0.8
20665,Kevin Großkreutz,Right Back,8e07bdd1-63c8-4b9f-a55f-f462fb7bc3c5,3890423,1,19,49,1189,0,Yellow Card,VfB Stuttgart,0.8
5591,Filip Kostić,Left Midfield,67261e28-e14f-4e70-90a9-62e3830f2e46,3890423,1,27,43,1668,0,Wasted Turnover,VfB Stuttgart,84.3
24740,Ivo Iličević,Left Wing,b009ea5c-7b81-4964-84f8-cacbcafa7860,3890423,1,39,3,2343,0,Wasted Turnover,Hamburger SV,95.0
3053,Leroy Sané,Right Wing,b28b7a51-4d39-4d1a-a6fc-183c59661dae,3890424,1,27,56,1676,0,Wasted Turnover,Schalke 04,100.3
40467,Peter Niemeyer,Center Defensive Midfield,b6ee6101-103b-4ad8-b53d-0c7c28a8c823,3890424,2,65,16,3916,-2,Yellow Card,Darmstadt 98,0.6
5697,Genki Haraguchi,Right Wing,fdbe3f5f-0c95-4ca6-b059-09c1f0ff733e,3890425,1,7,55,475,0,Yellow Card,Hertha Berlin,0.2
8575,Salomon Armand Magloire Kalou,Left Wing,4547533c-6825-44dd-a103-da62caeede68,3890425,1,16,46,1008,0,Wasted Turnover,Hertha Berlin,107.9
26359,Santiago García,Left Back,5c8f9311-d707-4d66-865f-f09da0f830d9,3890425,1,39,38,2378,-1,Yellow Card,Werder Bremen,0.8
3774,Papiss Mison Djilobodji,Left Center Back,3943eb18-226c-4397-8b2c-c465b7e24214,3890425,2,52,36,3156,-2,Yellow Card,Werder Bremen,0.8
8319,Philipp Max,Left Back,d2d91d6b-7902-4d1d-a301-fa1605f44156,3890426,1,8,30,515,0,Wasted Turnover,Augsburg,97.1
8574,Alexander Esswein,Right Wing,28b42ad2-8016-4b1c-9487-8b870d5a603e,3890426,1,19,14,1164,0,Wasted Turnover,Augsburg,116.0
9408,Jan Morávek,Center Attacking Midfield,7aa7de42-4117-4ba1-991d-27aaee763dc1,3890426,1,28,30,1717,0,Wasted Turnover,Augsburg,83.2
8678,David Ángel Abraham,Left Center Back,05d67b6d-cab5-4903-baf1-2d0a65eab9ff,3890426,2,61,28,3688,0,Yellow Card,Eintracht Frankfurt,0.8
21156,Stefan Aigner,Right Wing,6a990688-c919-493a-b2d2-bcf2146fed77,3890426,2,67,41,4061,0,Big Miss,Eintracht Frankfurt,0.35052598
5681,Makoto Hasebe,Right Back,14282328-822a-4057-9fda-1d3c4bf6464a,3890426,2,78,22,4702,0,Yellow Card,Eintracht Frankfurt,0.8
18888,Szabolcs Huszti,Left Wing,3cea3e97-3a94-4890-ab4c-89709b4a963c,3890426,2,84,7,5047,0,Wasted Turnover,Eintracht Frankfurt,108.6
11394,Stefan Kießling,Left Center Forward,85898a5a-5f5f-4dff-8659-7ea856260cad,3890427,1,12,16,741,0,Wasted Turnover,Bayer Leverkusen,92.9
30287,Ceyhun Gülselam,Left Center Back,f4003e55-ba10-42cc-94a6-381e3d3d6185,3890427,1,24,6,1446,0,Yellow Card,Hannover 96,0.8
5562,Thomas Müller,Right Center Midfield,07dca5f0-3790-46aa-bf52-93cc077bb2e4,3890428,1,16,28,988,0,Selfish Shot,Bayern Munich,0.1864979394112216
8218,Arjen Robben,Right Midfield,9aeacb55-b9ba-4944-9678-8b271f868d09,3890428,1,37,17,2246,1,Wasted Turnover,Bayern Munich,107.8
5668,Robert Lewandowski,Center Forward,fc56d0fb-a979-4363-9d8c-8b0271c5300f,3890428,2,52,40,3160,1,Big Miss,Bayern Munich,0.38594475
5562,Thomas Müller,Right Center Midfield,2912fb09-d6be-4cfc-9cc6-f70d6e252d69,3890428,2,62,46,3766,1,Wasted Turnover,Bayern Munich,99.7
3545,Luiz Gustavo Dias,Left Defensive Midfield,cf20df64-222c-4a01-990b-e9b5df802211,3890429,2,54,59,3299,0,Big Miss,Wolfsburg,0.6357567
3545,Luiz Gustavo Dias,Left Defensive Midfield,10e9baab-7c35-47e8-a63f-24fb4f77c300,3890429,2,76,13,4573,0,Yellow Card,Wolfsburg,0.6
24919,Sebastian Jung,Right Back,9747cc48-8bfa-4f3b-acbc-f9d9944e9c39,3890429,2,81,44,4904,0,Yellow Card,Wolfsburg,0.8
5632,Thorgan Hazard,Right Midfield,bb579d07-64cc-4248-b543-4873189e38ca,3890430,1,29,23,1763,1,Yellow Card,Borussia Mönchengladbach,0.5
11394,Stefan Kießling,Left Center Forward,e602b4a5-4077-454a-9e63-683106de5a7c,3890431,1,39,21,2366,0,Wasted Turnover,Bayer Leverkusen,91.4
20133,Xabier Alonso Olano,Right Defensive Midfield,2d6de66f-6871-4e72-a43d-2c5f3922ebdb,3890431,2,77,15,4635,0,Yellow Card,Bayern Munich,0.6
10790,Adelino André Vieira Freitas,Right Back,a3839ecc-697d-4b04-beeb-51ae3344368f,3890432,2,78,22,4705,-2,Wasted Turnover,Wolfsburg,91.6
6317,Marco Jhonfai Fabián De La Mora,Center Attacking Midfield,02f96143-aa3c-4f55-b3e4-b663c2a69228,3890433,1,13,31,812,0,Wasted Turnover,Eintracht Frankfurt,91.5
40470,Georg Niedermeier,Left Center Back,8aa3249c-8a9c-4a4f-aab6-38665e1fe10f,3890433,1,23,13,1402,0,Wasted Turnover,VfB Stuttgart,103.9
8407,Ádám Szalai,Right Center Forward,b8c11d75-1897-4b19-8031-917d9163db92,3890434,1,23,5,1396,0,Wasted Turnover,Hannover 96,82.6
23341,Alexander Milosevic,Right Center Back,ccb06c35-f7b7-4fd4-acc4-57e48311aad7,3890434,2,80,19,4819,-1,Yellow Card,Hannover 96,0.8
5658,Łukasz Piszczek,Right Back,f211f3d9-661c-4170-b3c9-c556b43a630f,3890435,1,28,37,1717,0,Wasted Turnover,Borussia Dortmund,91.9
8676,Danny Vieira da Costa,Right Back,c0590b79-5521-4d84-b5ec-464894bda44e,3890436,1,11,41,706,0,Wasted Turnover,Ingolstadt,86.3
8237,Paul Verhaegh,Right Back,466142ee-82d7-4117-820d-a5974f97049d,3890436,1,19,3,1143,1,Yellow Card,Augsburg,0.8
9106,Marvin Matip,Right Center Back,2e3c403e-3cf6-49f4-9a2e-52025ca27c4b,3890436,1,37,7,2239,-1,Wasted Turnover,Ingolstadt,110.2
3097,Pascal Groß,Right Center Midfield,b7ae9297-6452-4ed3-b321-9c4c73f7aa87,3890436,2,61,3,3663,0,Yellow Card,Ingolstadt,0.5
6039,Sebastian Rudy,Right Center Midfield,d9549265-707d-4505-a693-d3865281410a,3890437,2,54,30,3279,-1,Wasted Turnover,Hoffenheim,86.4
8547,Matthias Ostrzolek,Left Back,b8b90659-cb87-448d-bd47-6973fc50bb24,3890438,1,15,43,946,0,Wasted Turnover,Hamburger SV,106.4
26791,Emir Spahić,Left Center Back,a0b140fa-8088-4cae-b29c-dcf4922ca7ee,3890438,2,64,27,3867,0,Yellow Card,Hamburger SV,0.8
6317,Marco Jhonfai Fabián De La Mora,Left Center Midfield,f099d73d-38cf-4f0f-ae85-ce6a12235cd2,3890440,1,18,0,1080,0,Yellow Card,Eintracht Frankfurt,0.5
6317,Marco Jhonfai Fabián De La Mora,Left Midfield,642da497-36d8-427d-9588-897e7df9b569,3890440,2,71,28,4293,-1,Wasted Turnover,Eintracht Frankfurt,88.7
8504,Bastian Oczipka,Left Back,78be55cf-3579-4d46-8977-4b9147a4c410,3890440,2,81,24,4884,-2,Yellow Card,Eintracht Frankfurt,0.8
5557,Timo Werner,Center Forward,3aab90af-8eeb-45d2-9b02-e3494c8a6bdb,3890441,1,7,50,479,0,Wasted Turnover,VfB Stuttgart,84.2
12626,Emiliano Adrián Insúa Zapata,Left Back,32e42bdb-23b0-49ab-a181-199b3d7c012e,3890441,1,33,52,2032,0,Yellow Card,VfB Stuttgart,0.8
10287,İlkay Gündoğan,Right Center Midfield,7b2b92c6-bcbd-4f10-b3ce-04759bd990d2,3890442,1,23,49,1430,0,Wasted Turnover,Borussia Dortmund,106.5
24914,Edgar Prib,Left Center Midfield,d207bad1-afee-433b-a225-fa729b92f598,3890442,1,35,16,2116,0,Yellow Card,Hannover 96,0.5
10287,İlkay Gündoğan,Right Center Midfield,71d2867b-65b1-4ced-b246-92075503e40a,3890442,2,52,3,3134,0,Wasted Turnover,Borussia Dortmund,84.5
8233,Gonzalo Castro Randon,Left Wing,675c94c2-f2b4-48fa-a36e-e6b89b2d4d00,3890442,2,59,22,3563,1,Wasted Turnover,Borussia Dortmund,100.9
5684,Shinji Kagawa,Left Center Midfield,d1c7e2cc-93e2-4651-bbde-aa842ffbd14a,3890442,2,68,49,4129,1,Yellow Card,Borussia Dortmund,0.5
8246,Christian Pulisic,Left Wing,4242389f-d05d-4537-8c35-dfb113c4e2eb,3890442,2,84,3,5045,1,Wasted Turnover,Borussia Dortmund,117.1
8212,Wendell Nascimento Borges,Left Back,c5ee98c2-1d85-46f0-ac65-4970d0e4e220,3890444,1,22,44,1364,0,Yellow Card,Bayer Leverkusen,0.8
21168,Marlon Frey,Right Defensive Midfield,6ba6f8eb-9f14-4ff7-b2bf-5240013a6dab,3890444,1,29,38,1792,-1,Wasted Turnover,Bayer Leverkusen,90.2
40477,Jan Rosenthal,Center Attacking Midfield,bbad5cb2-9cfb-4f06-8a01-101bf5e066e0,3890444,2,57,23,3443,1,Big Miss,Darmstadt 98,0.30386227
40477,Jan Rosenthal,Center Attacking Midfield,03da9b20-1193-4bb9-92fb-b212d8c16dc8,3890444,2,68,2,4082,0,Yellow Card,Darmstadt 98,0.5
5555,Julian Brandt,Right Center Forward,271d60ee-b449-4031-af16-7b213aaaf409,3890444,2,74,13,4453,0,Wasted Turnover,Bayer Leverkusen,99.1
24919,Sebastian Jung,Right Back,c7c38ae4-c4d4-402f-ae76-0e007399c956,3890445,2,55,25,3332,2,Wasted Turnover,Wolfsburg,99.9
26790,Piotr Trochowski,Center Attacking Midfield,9d4e47cc-5d0f-498e-8ac4-2670243f184f,3890446,1,20,12,1219,-1,Wasted Turnover,Augsburg,89.2
5668,Robert Lewandowski,Center Forward,1ead52d3-e6a1-4534-b73a-8a0b4383ae74,3890446,1,28,48,1733,1,Wasted Turnover,Bayern Munich,99.0
5562,Thomas Müller,Right Center Midfield,4671e046-bf4f-48cb-89b3-8e537190c0d8,3890446,2,50,37,3037,1,Wasted Turnover,Bayern Munich,91.7
8207,Dominik Kohr,Right Defensive Midfield,029c1518-83df-43c2-86f4-807a5607974e,3890446,2,58,37,3517,-1,Wasted Turnover,Augsburg,86.4
5562,Thomas Müller,Right Center Midfield,993c937a-4191-4fc9-abca-a6553f772697,3890446,2,71,43,4303,2,Yellow Card,Bayern Munich,0.5
40468,Cleber Janderson Pereira Reis,Right Center Back,e642b611-bc8b-4bd2-82da-79dbc3542d97,3890447,1,28,20,1700,-1,Yellow Card,Hamburger SV,0.8
8810,Raffael Caetano de Araújo,Left Center Forward,57819997-015b-4496-966e-d95563431972,3890447,1,35,4,2104,1,Wasted Turnover,Borussia Mönchengladbach,104.6
8395,Håvard Nordtveit,Right Back,3e9f3966-9693-4236-a6b4-ee27f4c70fee,3890447,2,50,55,3055,-1,Yellow Card,Borussia Mönchengladbach,0.8
3500,Granit Xhaka,Left Defensive Midfield,266315e8-b41e-461d-b50f-24a4d2b2cbd4,3890447,2,61,11,3671,-1,Selfish Shot,Borussia Mönchengladbach,0.1875911507751859
8323,Gideon Jung,Right Defensive Midfield,bdc049b2-261d-48fe-932c-51e475f29540,3890447,2,68,40,4128,1,Wasted Turnover,Hamburger SV,83.3
6359,Johan Danon Djourou-Gbadjere,Right Center Back,460b1a5b-defb-413f-bf93-bd1fed327bc1,3890448,1,20,51,1251,0,Yellow Card,Hamburger SV,0.8
23268,Alexander Meier,Center Forward,de3d354e-df7f-4a46-b84d-577093e11cad,3890448,1,28,47,1729,0,Wasted Turnover,Eintracht Frankfurt,107.3
36359,Carlos Augusto Zambrano Ochandarte,Right Center Back,3907f61b-038f-461b-9f3c-0f69fe40c188,3890448,2,60,49,3649,0,Yellow Card,Eintracht Frankfurt,0.8
20485,Almog Cohen,Left Center Midfield,bf24f4b2-5ebd-4004-aa04-09cba8efd669,3890449,1,20,59,1259,1,Yellow Card,Ingolstadt,0.5
3774,Papiss Mison Djilobodji,Left Center Back,2f84b4cf-8d47-4853-84d1-ccfc63afa63c,3890449,1,35,53,2153,-1,Yellow Card,Werder Bremen,0.8
8676,Danny Vieira da Costa,Right Back,c3126b42-111f-4ab8-a696-de9442bf41ea,3890449,2,58,3,3483,1,Yellow Card,Ingolstadt,0.8
11132,Claudio Miguel Pizarro Bossio,Left Center Forward,dfaac450-4fbe-4b9e-a672-de6958f94ffe,3890449,2,71,16,4276,-1,Yellow Card,Werder Bremen,0.2
12624,Anthony Ujah,Right Center Forward,8e516c20-685b-444b-a233-3eafa46294be,3890449,2,86,39,5204,-1,Wasted Turnover,Werder Bremen,98.2
5679,Yūya Ōsako,Right Wing,3066a5cf-ca01-4846-8b78-f1db5a97387a,3890450,1,5,43,349,0,Wasted Turnover,FC Köln,94.8
8806,Lars Edi Stindl,Right Center Forward,97d1f535-e084-460c-9521-007d8ee88c16,3890450,2,52,7,3127,1,Selfish Shot,Borussia Mönchengladbach,0.3464511812424802
8828,Dominique Heintz,Left Center Back,1c3d873e-1f73-40d6-b08a-338f7486e300,3890450,2,62,22,3742,-1,Wasted Turnover,FC Köln,86.6
8810,Raffael Caetano de Araújo,Left Center Forward,2cd23449-27f8-481c-8514-2b0bf0523211,3890450,2,69,17,4157,1,Yellow Card,Borussia Mönchengladbach,0.2
8579,Vladimír Darida,Right Center Forward,27946348-b7b4-400c-9d4c-2cd02f78d08b,3890451,1,9,36,576,0,Yellow Card,Hertha Berlin,0.2
8571,Vedad Ibišević,Left Center Forward,78dda4db-1318-4c75-9587-dec7df8a71b0,3890451,2,59,50,3590,-1,Big Miss,Hertha Berlin,0.3140836
6039,Sebastian Rudy,Left Center Midfield,58fbd43a-738e-4e0c-b00d-92a9842a0cf9,3890452,1,14,0,840,0,Yellow Card,Hoffenheim,0.5
5467,Leon Aderemi Balogun,Right Center Back,629c7fa3-78cf-4cb8-a097-432fc0be21ba,3890452,1,25,52,1552,0,Yellow Card,FSV Mainz 05,0.8
8387,Mark Uth,Right Wing,4a75b9e4-6990-4d39-b0ea-c951e1bc4061,3890452,1,36,45,2213,0,Wasted Turnover,Hoffenheim,90.5
6039,Sebastian Rudy,Left Center Midfield,99a96c51-4e7b-407c-94e5-102843da2ce9,3890452,2,52,57,3184,0,Wasted Turnover,Hoffenheim,98.2
8561,Fabian Frei,Left Defensive Midfield,4f946973-7a3f-4aa7-a71d-62fe9a4ed844,3890452,2,69,12,4155,-1,Wasted Turnover,FSV Mainz 05,81.8
5668,Robert Lewandowski,Center Forward,6a6cc0b0-98b3-4aaf-b497-b1c0fa10607f,3890453,1,17,29,1054,0,Wasted Turnover,Bayern Munich,99.6
5668,Robert Lewandowski,Center Forward,c370cb53-0402-4728-961c-d62b2e336c48,3890453,2,85,17,5117,2,Big Miss,Bayern Munich,0.44401488
8319,Philipp Max,Left Back,b561daba-735a-4ce4-bb69-125c2f0ec2d2,3890454,1,18,12,1092,1,Wasted Turnover,Augsburg,84.3
3530,Hiroki Sakai,Right Back,c6d4f04e-e5f4-4467-a71f-0f7ffead724f,3890454,1,35,31,2135,-1,Wasted Turnover,Hannover 96,86.5
3499,Jean-Eric Maxim Choupo-Moting,Left Wing,9e964d59-29ed-460e-9d0f-22526bba8a88,3890455,1,7,18,443,0,Wasted Turnover,Schalke 04,80.8
11281,Alessandro Schöpf,Right Wing,7e879c35-861a-4830-a2a3-2ac67ed95cd0,3890455,1,13,30,810,0,Big Miss,Schalke 04,0.33960822
8243,Daniel Didavi,Right Center Midfield,a2074c1a-c986-46b5-8239-67c23689d65a,3890455,1,27,3,1623,-1,Yellow Card,VfB Stuttgart,0.5
30312,Uilson de Souza Paula Júnior,Right Back,14b67a4b-d637-4e2e-83b9-e6f5218a7a41,3890455,2,52,12,3135,1,Wasted Turnover,Schalke 04,83.7
3053,Leroy Sané,Right Wing,45b7f405-f83b-4959-913d-b3d4985d8d08,3890455,2,80,33,4833,0,Yellow Card,Schalke 04,0.2
8222,Kevin Kampl,Left Defensive Midfield,764ebba1-c6d8-4b00-84a1-d6c7f69180b0,3890456,1,7,40,460,0,Wasted Turnover,Bayer Leverkusen,86.0
3712,Pierre-Emerick Aubameyang,Center Forward,803475ca-312e-47e4-b501-36397575fe62,3890456,1,17,25,1047,0,Wasted Turnover,Borussia Dortmund,84.3
8222,Kevin Kampl,Left Defensive Midfield,343cae0c-d42b-46ee-a027-21891989c413,3890456,1,24,5,1445,0,Yellow Card,Bayer Leverkusen,0.6
5658,Łukasz Piszczek,Right Back,1619f3d7-2b02-4235-8859-0f8739a785ac,3890456,1,37,28,2253,0,Wasted Turnover,Borussia Dortmund,113.1
8825,Miloš Jojić,Left Defensive Midfield,70ac180a-d967-4c4d-8c2e-cc94a3ba4da9,3890457,2,77,35,4655,-1,Yellow Card,FC Köln,0.6
23266,Christian Träsch,Right Back,af3ce8f8-8277-4d7d-a595-9393bd814a4f,3890458,1,26,8,1575,0,Wasted Turnover,Wolfsburg,95.6
3545,Luiz Gustavo Dias,Left Defensive Midfield,17ed5362-4019-42cd-a423-b3d35d3fac53,3890458,1,32,1,1921,0,Wasted Turnover,Wolfsburg,93.3
3545,Luiz Gustavo Dias,Left Defensive Midfield,8d1ad9a0-aac5-4ca9-8e1f-b7bb7de4492b,3890458,2,69,10,4155,-1,Wasted Turnover,Wolfsburg,104.5
35033,Slobodan Rajković,Left Center Back,e172f8d6-9500-4ff2-8d15-7831fbc43002,3890459,1,35,47,2147,-1,Yellow Card,Darmstadt 98,0.8
9217,Aytac Sulu,Right Center Back,3946b2fb-4678-404e-a3f6-dc2a9d745e56,3890459,2,56,28,3388,0,Yellow Card,Darmstadt 98,0.8
11132,Claudio Miguel Pizarro Bossio,Right Center Forward,e2224749-c14b-4764-9288-4f0fcd2ddd86,3890459,2,88,9,5289,-1,Big Miss,Werder Bremen,0.37068388
5591,Filip Kostić,Left Midfield,ce753b38-c691-4571-a6d8-acd44ea85474,3890460,1,8,21,502,0,Wasted Turnover,VfB Stuttgart,80.7
8270,Daniel Schwaab,Right Center Back,77f47480-672e-46a0-b3b7-c61e81b8ffc6,3890460,1,15,4,914,0,Wasted Turnover,VfB Stuttgart,81.3
5694,Hotaru Yamaguchi,Right Defensive Midfield,331e1a64-9a16-4518-a8c9-e96b9ba69a15,3890460,2,64,12,3852,0,Yellow Card,Hannover 96,0.6
20485,Almog Cohen,Left Center Midfield,e4c61a1f-6918-4ac1-9762-a5f5468c1b1a,3890461,1,24,11,1451,-1,Wasted Turnover,Ingolstadt,88.4
5481,Mathew Leckie,Right Wing,df585e2d-abdb-40b7-838c-1c24d5cfc679,3890461,1,31,39,1912,-1,Wasted Turnover,Ingolstadt,100.5
20485,Almog Cohen,Left Center Midfield,8607a807-86a7-4453-bf5a-30f02b40c891,3890461,2,66,36,3996,0,Yellow Card,Ingolstadt,0.5
9408,Jan Morávek,Right Defensive Midfield,55b01640-5c4a-45dc-904d-53d885239ba8,3890462,1,27,15,1635,0,Wasted Turnover,Augsburg,103.4
5627,Ja-Cheol Koo,Right Defensive Midfield,c890b262-bab4-47fd-aa43-c09646f2dea7,3890462,2,52,48,3168,0,Selfish Shot,Augsburg,0.197993751547315
5627,Ja-Cheol Koo,Right Defensive Midfield,cf1678d6-b1b6-4135-8762-faa2cd5ce868,3890462,2,59,55,3595,0,Wasted Turnover,Augsburg,110.9
8303,Caiuby Francisco da Silva,Left Wing,df167fbf-79e8-498e-b2c9-9df8fd4feef9,3890462,2,79,34,4774,0,Wasted Turnover,Augsburg,89.5
8574,Alexander Esswein,Right Wing,4b4d4ad9-f7fc-46d0-a815-c7bdb0c45569,3890462,2,87,36,5263,0,Wasted Turnover,Augsburg,91.8
18399,Gaëtan Bussmann,Left Back,0309e676-32f0-4c12-a90b-964967aaf9bf,3890463,1,24,25,1465,1,Yellow Card,FSV Mainz 05,0.8
6309,Tin Jedvaj,Right Center Back,fd99a8c8-0afe-49ce-9755-91ae06693371,3890463,2,56,50,3410,-2,Yellow Card,Bayer Leverkusen,0.8
8213,Karim Bellarabi,Left Wing,eddaa0f5-1716-42b0-a6f4-7a04f09c6c3e,3890463,2,70,7,4209,-2,Wasted Turnover,Bayer Leverkusen,101.4
3712,Pierre-Emerick Aubameyang,Right Center Forward,640484ed-fcb4-4c0a-adfa-6c3645731c44,3890464,2,87,24,5244,1,Big Miss,Borussia Dortmund,0.53651303
18888,Szabolcs Huszti,Left Center Midfield,e05718ea-35a6-4b1f-b019-60a8b5bb4d28,3890465,1,23,56,1444,0,Wasted Turnover,Eintracht Frankfurt,89.5
18888,Szabolcs Huszti,Left Center Midfield,2d7ca44a-009e-416f-8a85-9307fdc6b8a2,3890465,2,81,8,4873,0,Wasted Turnover,Eintracht Frankfurt,87.7
10281,André Schürrle,Right Center Forward,e162509e-0e0c-4665-b5c6-ea95768a1419,3890466,2,67,4,4024,3,Big Miss,Wolfsburg,0.4827458
9113,Dario Lezcano,Center Forward,1c103e61-b954-41aa-87ca-c9d21a612281,3890467,1,27,55,1675,0,Yellow Card,Ingolstadt,0.2
11286,Dominik Maroh,Right Center Back,72a3bb7d-281d-4a14-93d2-f26e513df755,3890467,2,52,38,3158,-1,Yellow Card,FC Köln,0.8
8394,Robert Bauer,Left Back,36963e88-85d3-48e6-b1be-64db240f815d,3890467,2,74,2,4442,0,Yellow Card,Ingolstadt,0.8
8397,Kevin Vogt,Right Defensive Midfield,a4923897-6328-4a25-8940-4933e3e01683,3890467,2,85,55,5159,0,Wasted Turnover,FC Köln,97.1
9401,Marcel Heller,Right Midfield,c658e810-4067-4222-8467-7affb36b6d82,3890468,1,15,32,936,0,Wasted Turnover,Darmstadt 98,85.4
13675,Mario Vrančić,Center Attacking Midfield,b16b505b-a689-4d44-8955-a51224a7f00b,3890468,1,23,0,1382,0,Wasted Turnover,Darmstadt 98,114.9
8241,Felix Passlack,Right Center Midfield,f62ad07c-1ed4-4120-a5c5-93180f7c31db,3890468,1,35,58,2161,0,Wasted Turnover,Borussia Dortmund,86.5
3712,Pierre-Emerick Aubameyang,Right Center Forward,b57d24b0-21fc-4c7a-8957-50fb17759873,3890468,2,70,16,4216,2,Big Miss,Borussia Dortmund,0.47226602
4430,Neven Subotić,Right Center Back,ec382451-6d79-4aac-a2a8-12b28f460d83,3890468,2,80,49,4849,2,Yellow Card,Borussia Dortmund,0.8
5514,Alfreð Finnbogason,Center Forward,4cb46045-b59c-4e6c-854c-b9794918e77f,3890469,1,11,57,717,0,Big Miss,Augsburg,0.31998447
8303,Caiuby Francisco da Silva,Left Wing,185f48c5-db08-4e17-b207-806885d5c343,3890469,1,21,46,1306,0,Yellow Card,Augsburg,0.2
8404,Eugen Polanski,Left Defensive Midfield,48722de7-0e4e-489b-b438-23cc23345c19,3890469,2,52,17,3137,0,Wasted Turnover,Hoffenheim,81.8
21156,Stefan Aigner,Right Wing,93a10285-26de-47f5-bb07-a5e3fbb4d0b6,3890470,1,18,0,1080,0,Wasted Turnover,Eintracht Frankfurt,80.7
11283,Fabian Johnson,Right Wing Back,e14451b2-96e6-4293-9c90-156c7b6b9232,3890471,1,13,33,821,0,Wasted Turnover,Borussia Mönchengladbach,102.5
8243,Daniel Didavi,Center Attacking Midfield,fa66682d-e956-45e2-86f1-c132384e3490,3890471,2,62,58,3785,-2,Wasted Turnover,VfB Stuttgart,117.1
8557,Martin Harnik,Right Midfield,9a178955-95ae-4616-9b42-c1797f9443e4,3890471,2,82,59,4979,-3,Yellow Card,VfB Stuttgart,0.5
3058,Javier Hernández Balcázar,Center Forward,b12476ca-9512-454f-ab29-988942669a09,3890472,1,11,25,687,-1,Wasted Turnover,Bayer Leverkusen,93.8
3774,Papiss Mison Djilobodji,Left Center Back,870c164e-3dcd-4d09-98fe-d184c861d1df,3890472,2,61,12,3672,2,Yellow Card,Werder Bremen,0.8
8554,Levin Mete Öztunali,Right Midfield,d4c930f3-9905-43a5-9c5a-0ab087fca910,3890472,2,77,47,4667,2,Wasted Turnover,Werder Bremen,102.7
8554,Levin Mete Öztunali,Right Midfield,ea00ebf3-57c1-42a6-86f0-9003656f76b9,3890472,2,83,48,5037,3,Wasted Turnover,Werder Bremen,89.9
6339,Gotoku Sakai,Right Back,5b11c182-8257-4b17-a908-c8fee0393f64,3890473,1,12,58,781,1,Wasted Turnover,Hamburger SV,85.3
30312,Uilson de Souza Paula Júnior,Right Back,b94daa00-5538-4488-bfd9-06c92797ff87,3890473,2,59,32,3572,0,Yellow Card,Schalke 04,0.8
8891,Lewis Harry Holtby,Left Midfield,1f65489e-9095-4306-9824-b3a281ae53f7,3890473,2,67,19,4053,-1,Wasted Turnover,Hamburger SV,104.8
8209,Márcio Rafael Ferreira de Souza,Right Back,c812a3cb-deb8-42ee-99fe-f9a3034d8add,3890474,1,34,45,2086,-1,Wasted Turnover,Bayern Munich,98.8
5467,Leon Aderemi Balogun,Right Center Back,3a2b50cf-1610-4f64-9f63-9f7d0faa8bdb,3890474,2,61,2,3662,1,Yellow Card,FSV Mainz 05,0.8
10281,André Schürrle,Right Wing,db07b01a-82a4-4f93-a6f2-40ba6ea9e401,3890475,1,5,53,357,0,Wasted Turnover,Wolfsburg,85.4
6322,Niklas Süle,Left Center Back,16aa302f-a1c4-48a8-98f0-8250bfc0ae1d,3890476,2,58,56,3536,-3,Yellow Card,Hoffenheim,0.8
20665,Kevin Großkreutz,Right Back,ec85e3fc-3ae4-4708-bcee-94d09c6e79d8,3890476,2,64,36,3876,3,Selfish Shot,VfB Stuttgart,0.2312774039402371
7039,Hakan Çalhanoğlu,Left Defensive Midfield,b518cfdf-3467-4dc9-b8d8-22efd3012561,3890477,1,5,55,357,-1,Wasted Turnover,Bayer Leverkusen,95.3
8541,Kenan Karaman,Right Wing,e4e605ba-72ca-4602-b444-8c295e94006b,3890478,1,30,32,1832,-2,Wasted Turnover,Hannover 96,91.4
8826,Leonardo Bittencourt,Center Attacking Midfield,d6c0d910-bb5f-45fa-916c-d53f76047342,3890480,1,17,52,1072,-1,Big Miss,FC Köln,0.47114715
8508,Max Meyer,Center Attacking Midfield,ada68777-c324-4624-a7f4-1d055ba628e1,3890480,1,29,38,1781,2,Wasted Turnover,Schalke 04,94.4
30312,Uilson de Souza Paula Júnior,Right Back,b7a19ef7-6434-43d9-bbbc-8bfdcac71824,3890480,1,36,16,2188,1,Wasted Turnover,Schalke 04,81.2
8823,Marcel Risse,Right Wing,c242fa08-2da0-4e8c-8a37-7d05e2e05a1f,3890480,2,61,40,3700,-1,Wasted Turnover,FC Köln,88.6
6040,Jonas Hector,Left Back,db87371d-0e8c-4c7f-b785-5a9bcdc707ba,3890480,2,70,37,4240,-1,Wasted Turnover,FC Köln,111.7
20133,Xabier Alonso Olano,Right Defensive Midfield,2b6c9d54-1858-4220-b11c-c3bc0efb1f80,3890481,1,20,57,1257,0,Yellow Card,Bayern Munich,0.6
8216,Sven Bender,Center Back,99046c6a-55d3-43fd-beed-c726fc2c6cca,3890481,1,36,1,2161,0,Yellow Card,Borussia Dortmund,0.8
3275,Henrikh Mkhitaryan,Right Wing,5643ed36-0563-4f2e-9b27-48f679e071fd,3890481,2,50,53,3053,0,Selfish Shot,Borussia Dortmund,0.2335520650226404
10287,İlkay Gündoğan,Left Defensive Midfield,601e7199-7cf8-40e0-b1c8-4dee30f52687,3890481,2,69,50,4193,0,Wasted Turnover,Borussia Dortmund,96.6
3275,Henrikh Mkhitaryan,Right Wing,3c56e2df-1f1e-45b2-8bc7-5cdfac6f7faf,3890481,2,83,22,5006,0,Wasted Turnover,Borussia Dortmund,89.7
9723,Sandro Wagner,Center Forward,a37ea484-4e21-4ba9-88f3-fb79bd3bdeb9,3890482,1,16,27,989,0,Wasted Turnover,Darmstadt 98,94.9
8817,Jhon Andrés Córdoba Copete,Center Forward,93bedee7-4e21-4354-b078-e88fa3565317,3890482,2,52,12,3133,0,Wasted Turnover,FSV Mainz 05,85.5
35033,Slobodan Rajković,Left Center Back,10690425-9310-4b48-b2de-0bca8f1225c8,3890482,2,61,57,3717,0,Yellow Card,Darmstadt 98,0.8
6925,Jairo Samperio Bustara,Left Wing,5c5bd074-c98e-4d02-9962-58e3d94fb6a5,3890482,2,77,49,4669,0,Wasted Turnover,FSV Mainz 05,85.4
8576,Mitchell Weiser,Right Midfield,e5011f19-8c0e-4a4e-9989-2c77461eb710,3890483,1,9,9,549,0,Wasted Turnover,Hertha Berlin,117.0
40473,Artoms Rudņevs,Center Forward,998fd913-aba6-4cd9-ae91-758d6b994c8d,3890483,1,17,3,1023,0,Yellow Card,Hamburger SV,0.2
9722,Peter Pekarík,Right Back,e8c4e3d8-eb47-41ee-9396-a1e620b63d0c,3890483,1,37,20,2240,0,Yellow Card,Hertha Berlin,0.8
30312,Uilson de Souza Paula Júnior,Right Back,42c435f5-3c25-4ee7-a42e-03cc88787c33,3890484,1,25,17,1517,0,Yellow Card,Schalke 04,0.8
30439,Tolga Ciğerci,Left Defensive Midfield,d67ca5a9-88c9-4636-a781-c520b494ecdd,3890484,1,36,33,2193,0,Selfish Shot,Hertha Berlin,0.1261053639744996
30312,Uilson de Souza Paula Júnior,Right Back,0b3f61ed-8764-48ab-9bcf-d182512b9c89,3890484,2,62,59,3793,-1,Wasted Turnover,Schalke 04,85.9
30439,Tolga Ciğerci,Left Defensive Midfield,8d1ff17d-52b5-4685-a958-4388523ae3c6,3890484,2,68,15,4095,2,Selfish Shot,Hertha Berlin,0.1912970838393161
40470,Georg Niedermeier,Left Center Back,8d468b45-0e9c-4c06-a366-5b3dcabcd952,3890485,1,21,18,1278,0,Yellow Card,VfB Stuttgart,0.8
40470,Georg Niedermeier,Left Center Back,b00ffc61-88e8-413a-903a-a2e3ad451c0e,3890485,1,31,22,1884,0,Wasted Turnover,VfB Stuttgart,107.9
8676,Danny Vieira da Costa,Right Back,00560c77-8c9e-4a27-80c8-c4066b516a1f,3890485,2,53,10,3190,0,Yellow Card,Ingolstadt,0.8
8243,Daniel Didavi,Right Center Midfield,5f4dd753-4e48-4b4a-97e0-9abb95cdc629,3890485,2,61,32,3692,-2,Yellow Card,VfB Stuttgart,0.5
8959,Christian Gentner,Left Defensive Midfield,65e52c8f-1e73-42fd-af5d-e4f4048b2d03,3890485,2,86,18,5178,0,Yellow Card,VfB Stuttgart,0.6
8387,Mark Uth,Right Wing,fc3fff00-eba4-41b8-ae71-29902285563f,3890486,1,33,47,2033,1,Wasted Turnover,Hoffenheim,89.2
8240,Koen Casteels,Goalkeeper,7e013708-1f7f-4de1-be97-952c84e795ef,3890486,2,55,38,3338,-1,Yellow Card,Wolfsburg,0.5
8521,Daniel Caligiuri,Left Wing,deaa71f1-5b1b-46fb-946d-ee54afc457ea,3890486,2,62,13,3747,-1,Wasted Turnover,Wolfsburg,99.9
9219,Tobias Kempe,Left Midfield,0730b19b-730a-44bf-92e5-54a2420b0a5e,3890487,1,38,38,2318,1,Selfish Shot,Darmstadt 98,0.1797418364471863
9219,Tobias Kempe,Right Midfield,1ce74911-4a11-4c0d-b7e0-f7ca6d1de558,3890487,2,60,52,3652,2,Wasted Turnover,Darmstadt 98,86.3
8238,Mahmoud Dahoud,Right Defensive Midfield,3a7c5a88-96cb-4b72-8bf6-3bea36a1e709,3890488,1,22,18,1338,0,Selfish Shot,Borussia Mönchengladbach,0.196898183280379
5681,Makoto Hasebe,Left Center Midfield,6c5f9c83-f462-4662-9645-2e0d68ad9b6a,3890488,1,34,58,2098,0,Yellow Card,Eintracht Frankfurt,0.5
8678,David Ángel Abraham,Right Center Back,9d9ca01b-2851-4dbb-b081-d72984fea28a,3890488,2,75,46,4546,-2,Yellow Card,Eintracht Frankfurt,0.8
12624,Anthony Ujah,Center Forward,efeaf3df-8d08-4674-acd3-2eeb9d8cc9ff,3890489,1,9,18,558,-1,Wasted Turnover,Werder Bremen,80.8
8396,Theodor Gebre Selassie,Right Wing Back,e3f89082-bfb8-4aa5-8146-7a43bbb3f7d7,3890489,1,24,21,1461,-1,Yellow Card,Werder Bremen,0.8
8223,Franck Bilal Ribéry,Left Midfield,d159591b-2fbd-43d0-bb48-be2a7a28c5c8,3890489,1,34,1,2041,2,Yellow Card,Bayern Munich,0.5
3774,Papiss Mison Djilobodji,Left Center Back,fddc3b65-d0e4-4cb7-bc78-223cad878901,3890489,2,66,45,4005,-3,Yellow Card,Werder Bremen,0.8
22043,Ulisses Alexandre Garcia Lopes,Left Back,75b1bfc0-6710-45e7-ad85-8901c39eeb05,3890489,2,82,25,4945,-3,Yellow Card,Werder Bremen,0.8
8231,Yannick Gerhardt,Left Midfield,47e30c34-c927-4f1d-8cd2-b076b633958f,3890490,1,24,48,1488,0,Wasted Turnover,FC Köln,98.7
13125,Iver Tobias Rørvik Fossum,Left Midfield,c20d5724-5b9a-4775-9609-d85f7037217b,3890490,2,59,53,3600,-1,Wasted Turnover,Hannover 96,91.2
8543,Manuel Schmiedebach,Right Defensive Midfield,5239bcfc-c590-41f0-b0e4-5474fe94bd89,3890490,2,68,41,4121,-2,Yellow Card,Hannover 96,0.6
38524,Hiroshi Kiyotake,Left Defensive Midfield,d6b06b03-cb1c-42d1-bafc-51ccd61a383c,3890490,2,81,13,4873,-2,Selfish Shot,Hannover 96,0.1340396265817021
8679,Yunus Mallı,Center Attacking Midfield,cb854ebd-46e7-4149-af1c-5f6e462dabf3,3890491,1,20,48,1250,0,Wasted Turnover,FSV Mainz 05,84.0
3712,Pierre-Emerick Aubameyang,Center Forward,4e59d0d8-d1d2-496b-b948-205cd1c8d132,3890491,2,51,33,3093,1,Big Miss,Borussia Dortmund,0.4240353
5559,Marco Reus,Left Wing,225bfb05-e604-4788-9a49-d44fb00a3c1f,3890491,2,67,53,4073,1,Big Miss,Borussia Dortmund,0.43936557
20037,Julian Baumgartlinger,Right Defensive Midfield,56bec84e-de75-47ef-8e76-fc38ab536d6e,3890491,2,77,1,4621,-2,Wasted Turnover,FSV Mainz 05,87.3
20037,Julian Baumgartlinger,Right Defensive Midfield,6d5e7d80-e517-451c-8610-45f20ecffdf6,3890491,2,83,49,5029,-2,Wasted Turnover,FSV Mainz 05,99.0
8302,Nicolai Müller,Right Wing,6c0e8b49-566c-48c2-b885-aad68f43f605,3890492,2,65,57,3964,-1,Wasted Turnover,Hamburger SV,91.9
40473,Artoms Rudņevs,Left Center Forward,1979ef90-ff1f-4584-8f50-696d0dac21ad,3890492,2,89,45,5390,-1,Wasted Turnover,Hamburger SV,87.1
3053,Leroy Sané,Right Attacking Midfield,813f5c1c-34bc-4be1-bf93-7e006a3dcbab,3890493,1,29,52,1792,0,Wasted Turnover,Schalke 04,102.5
3510,Sead Kolašinac,Left Defensive Midfield,55520717-7e65-47e1-a1ac-58cd0a27a6ee,3890493,2,63,23,3803,1,Yellow Card,Schalke 04,0.6
11283,Fabian Johnson,Left Wing Back,49c254d4-cf35-4cfd-9136-1bca48252fed,3890493,2,68,30,4110,-1,Wasted Turnover,Borussia Mönchengladbach,95.9
20010,Clemens Fritz,Right Center Midfield,e40a25ca-3b90-4842-a6bd-e54021ca57b8,3890494,1,37,46,2266,-1,Yellow Card,Werder Bremen,0.5
22824,Sebastian Rode,Right Center Midfield,db4be859-70c4-4ba5-9368-b1f67328fc0e,3890495,1,35,41,2142,1,Wasted Turnover,Bayern Munich,90.8
23486,Anthony Modeste,Left Center Forward,55b511b2-a9d3-4aa5-80fc-f20655274d81,3890495,2,72,21,4345,-1,Wasted Turnover,FC Köln,80.9
12551,Max Christiansen,Right Center Midfield,3defc353-84fe-4631-8404-63cbc8e61ce0,3890496,1,32,37,1958,0,Wasted Turnover,Ingolstadt,80.7
20359,Hugo Miguel Pereira de Almeida,Right Center Forward,0575cf60-23f6-4470-a803-af7264179f76,3890497,1,7,5,425,0,Wasted Turnover,Hannover 96,111.7
8670,Timothy Chandler,Right Back,4bde74df-c0be-441e-9fb0-6d82c2939f16,3890497,1,12,21,747,0,Wasted Turnover,Eintracht Frankfurt,88.4
10896,Marc Stendera,Right Defensive Midfield,4dad1565-d56e-4964-a135-8aa34fe5f222,3890497,1,27,46,1669,0,Wasted Turnover,Eintracht Frankfurt,84.5
10896,Marc Stendera,Right Defensive Midfield,67dc7292-ab86-4d46-a2d8-ac79ef58b7d7,3890497,1,38,36,2316,1,Wasted Turnover,Eintracht Frankfurt,80.5
5543,Haris Seferović,Center Forward,6d791856-2e72-4bd5-b467-8e9d6df20260,3890497,2,85,57,5157,1,Yellow Card,Eintracht Frankfurt,0.2
10281,André Schürrle,Right Center Forward,005d5aa9-647a-4b6b-ab67-9180061a2e6a,3890498,1,13,21,801,0,Wasted Turnover,Wolfsburg,104.8
9401,Marcel Heller,Right Midfield,f7eaef9b-1403-4a40-a9f8-56fa1fdcfe38,3890498,1,36,2,2162,0,Selfish Shot,Darmstadt 98,0.1403638735463263
10281,André Schürrle,Left Wing,3e02f7fc-f70e-4245-9564-d9ac5f326a8a,3890498,2,57,25,3445,0,Wasted Turnover,Wolfsburg,101.1
8388,Jérôme Gondorf,Left Defensive Midfield,e5046d7c-cec8-4145-8978-90cf559c814d,3890498,2,88,20,5300,1,Yellow Card,Darmstadt 98,0.6
40473,Artoms Rudņevs,Center Forward,690a3d48-17b7-4e83-ac94-3a2ad82ae528,3890499,1,5,2,302,0,Wasted Turnover,Hamburger SV,106.4
8547,Matthias Ostrzolek,Left Back,969c7bff-d5a9-4761-91ef-aa73b6b922c0,3890499,1,34,4,2044,-1,Yellow Card,Hamburger SV,0.8
8309,Michael Gregoritsch,Right Wing,beeac99f-e68c-4093-9cc6-e9466add0caa,3890499,2,59,43,3583,-1,Big Miss,Hamburger SV,0.5577911
8891,Lewis Harry Holtby,Left Defensive Midfield,f30e9d8f-20b3-4c32-9568-99297b607cfe,3890499,2,68,56,4136,-2,Yellow Card,Hamburger SV,0.6
8805,Christoph Kramer,Right Defensive Midfield,90fb9030-0596-4322-8d5e-4a2d68f55b8e,3890500,1,12,49,769,1,Wasted Turnover,Bayer Leverkusen,87.2
8212,Wendell Nascimento Borges,Left Back,c3b491c2-f85f-4be5-bf00-85e67c60fae3,3890500,1,37,15,2247,1,Wasted Turnover,Bayer Leverkusen,81.4
8550,Alexandru Iulian Maxim,Center Attacking Midfield,3c904c91-61f6-40a1-a800-7dc912912a59,3890500,2,71,37,4297,-2,Selfish Shot,VfB Stuttgart,0.1451943176587253
3275,Henrikh Mkhitaryan,Right Wing,90634899-db51-4a81-a1d4-8b5588033247,3890501,1,23,31,1411,-1,Yellow Card,Borussia Dortmund,0.2
8303,Caiuby Francisco da Silva,Left Wing,6d4cf6b5-5edb-4bca-bb50-61c7f22f0ec5,3890501,1,32,28,1948,1,Yellow Card,Augsburg,0.2
5658,Łukasz Piszczek,Right Back,f963ad92-c89d-40be-adad-7cfac09c71a2,3890501,1,38,44,2330,-1,Wasted Turnover,Borussia Dortmund,91.4
5627,Ja-Cheol Koo,Center Forward,798af933-0a92-4a15-b69c-d41a6d0fe044,3890501,2,65,59,3971,0,Wasted Turnover,Augsburg,104.9
5514,Alfreð Finnbogason,Center Forward,8c23422d-5ced-48db-8a07-c31c361f5ea2,3890501,2,75,42,4544,-2,Wasted Turnover,Augsburg,105.6
6309,Tin Jedvaj,Right Back,23055552-440d-4d16-917c-ba7cff62823c,3890502,2,52,8,3135,1,Wasted Turnover,Bayer Leverkusen,91.2
3197,Dante Bonfim da Costa Santos,Left Center Back,97838984-e50c-4e02-88af-043131cf18ff,3890502,2,57,19,3439,-1,Yellow Card,Wolfsburg,0.8
3058,Javier Hernández Balcázar,Right Center Forward,e5154c94-8e9d-4ae0-be2c-ae875f291773,3890502,2,65,42,3956,1,Wasted Turnover,Bayer Leverkusen,80.1
3186,Julian Draxler,Center Attacking Midfield,51cff020-bd9f-48c3-9805-29edda03e42d,3890502,2,75,41,4541,-2,Yellow Card,Wolfsburg,0.5
8679,Yunus Mallı,Center Attacking Midfield,df57d556-a69e-421f-a337-f96d78799548,3890503,1,16,5,965,0,Wasted Turnover,FSV Mainz 05,104.0
5514,Alfreð Finnbogason,Center Forward,689dbe24-f13c-4096-b655-096591f870ea,3890503,1,32,17,1937,-1,Wasted Turnover,Augsburg,88.8
8817,Jhon Andrés Córdoba Copete,Center Forward,dca996bd-83fa-41ad-a692-663085606ceb,3890503,1,37,24,2244,1,Big Miss,FSV Mainz 05,0.5124842
8407,Ádám Szalai,Right Center Forward,be38b8f2-b2ea-4b3a-a9ea-d6a34967991c,3890504,2,57,27,3447,0,Yellow Card,Hannover 96,0.2
24914,Edgar Prib,Left Center Midfield,56d89f87-94de-4199-8b56-01ffed0d2bca,3890504,2,83,13,4998,-3,Wasted Turnover,Hannover 96,110.1
40467,Peter Niemeyer,Right Defensive Midfield,658614d2-2a67-4ea2-ac21-b85a396067e4,3890506,2,61,36,3696,0,Yellow Card,Darmstadt 98,0.6
12383,Florian Jungwirth,Right Back,a824a1ca-d800-47fc-b5f4-ef4a960403a5,3890506,2,69,35,4175,0,Yellow Card,Darmstadt 98,0.8
8403,Nadiem Amiri,Left Defensive Midfield,8daa30bf-e019-412f-a264-0c866b222aa7,3890509,1,6,39,399,0,Yellow Card,Hoffenheim,0.6
6039,Sebastian Rudy,Right Center Midfield,c40f956b-70ca-4fb9-93b2-42fee40cef56,3890509,1,22,39,1363,0,Wasted Turnover,Hoffenheim,85.7
8822,Simon Zoller,Right Midfield,a0b7ecd3-7e4a-4554-b987-0babf9af75af,3890509,2,71,6,4266,1,Yellow Card,FC Köln,0.5
9720,Philipp Ochs,Center Attacking Midfield,52e8b180-5b31-40cc-ab64-900dfc00a089,3890509,2,78,34,4717,-1,Wasted Turnover,Hoffenheim,100.3
5460,Andrej Kramarić,Center Forward,106e1195-715c-49d0-ba7d-7ac9533199b1,3890509,2,86,0,5169,-1,Wasted Turnover,Hoffenheim,107.1
8575,Salomon Armand Magloire Kalou,Left Wing,377bf398-1db1-486b-ad31-56b388cdf12e,3890510,2,58,33,3513,-1,Yellow Card,Hertha Berlin,0.2
8576,Mitchell Weiser,Right Back,b80951e1-d2c8-4bb4-a9cd-e6b10710a70e,3890510,2,73,23,4403,-2,Yellow Card,Hertha Berlin,0.8
24244,Uffe Manich Bech,Right Wing,aec4a722-eb4c-4498-97d0-b80a4abc4d6c,3890511,1,25,36,1536,0,Yellow Card,Hannover 96,0.2
8543,Manuel Schmiedebach,Left Defensive Midfield,58716bc7-3017-4ce6-9bc3-c3c70f6d4e41,3890511,2,73,51,4431,0,Yellow Card,Hannover 96,0.6
8539,Danny Latza,Left Defensive Midfield,cc84a114-a142-47df-8282-24c578c80b59,3890513,1,12,1,721,0,Selfish Shot,FSV Mainz 05,0.1131489004046314
8516,Ronaldo Aparecido Rodrigues,Right Center Back,38f92af1-d864-42fb-8da9-000bc322bc87,3890513,1,26,16,1576,0,Yellow Card,Wolfsburg,0.8
9098,Christian Clemens,Right Wing,6bdfdbe3-849d-434d-8c53-7da53351c37e,3890513,2,71,25,4285,0,Yellow Card,FSV Mainz 05,0.2
12383,Florian Jungwirth,Right Back,b37ec7d6-fc80-49a6-b6e2-d519bade3403,3890515,1,25,53,1553,0,Yellow Card,Darmstadt 98,0.8
13675,Mario Vrančić,Center Attacking Midfield,fc48c939-990e-4fe2-8372-44777203030e,3890515,2,69,17,4159,2,Wasted Turnover,Darmstadt 98,117.8
20133,Xabier Alonso Olano,Left Defensive Midfield,2d61304c-b2d5-4bf6-b328-4f3b560acd9e,3890516,1,36,12,2172,1,Yellow Card,Bayern Munich,0.6
5208,Thiago Alcântara do Nascimento,Left Defensive Midfield,961437ef-814b-4d21-a8ae-2b495c1b074e,3890516,2,77,54,4674,1,Selfish Shot,Bayern Munich,0.1264191609120699
3500,Granit Xhaka,Left Defensive Midfield,1c12a0d9-ec46-4753-915a-5fc67359e279,3890517,1,28,20,1700,0,Yellow Card,Borussia Mönchengladbach,0.6
9103,Lukas Hinterseer,Right Wing,d558d101-6264-4326-a389-343e152d9fa1,3890517,2,52,1,3121,0,Big Miss,Ingolstadt,0.48403537
9103,Lukas Hinterseer,Right Wing,2897b7d6-5d82-4bec-b509-ec277e76e6fc,3890517,2,59,38,3578,0,Wasted Turnover,Ingolstadt,97.4
12319,Ramazan Özcan,Goalkeeper,6a458952-3b7a-477c-b77f-2228d8b36739,3890517,2,70,22,4222,0,Yellow Card,Ingolstadt,0.5
8232,Nuri Şahin,Left Defensive Midfield,d4cfb912-8db7-4991-ac93-20a5dbfa4186,3890518,1,30,37,1837,0,Yellow Card,Borussia Dortmund,0.6
25003,Sascha Riether,Right Center Back,8a2ceb22-baa3-46ad-ac14-dfbeb3fcd72f,3890518,2,51,35,3095,0,Yellow Card,Schalke 04,0.8
5242,Younès Belhanda,Left Wing,73a487b5-13f5-45d9-b8a6-d04fe7f9d72b,3890518,2,80,10,4810,0,Yellow Card,Schalke 04,0.2
16534,Roman Neustädter,Left Center Back,9e03e5b2-858e-4056-a82e-44c7b6c539cc,3890518,2,86,39,5199,0,Yellow Card,Schalke 04,0.8
8212,Wendell Nascimento Borges,Left Back,e2f882c8-cef1-43a2-a6eb-7367271dc763,3890519,1,8,31,511,0,Yellow Card,Bayer Leverkusen,0.8
6040,Jonas Hector,Left Back,4ea0ed59-eea9-41e0-81b3-3e24549d65bf,3890519,2,63,40,3835,-2,Wasted Turnover,FC Köln,86.3
9363,André Ramalho Silva,Left Center Back,e216cc6c-703f-48f2-88b9-1c90a0f0f711,3890519,2,69,11,4151,2,Yellow Card,Bayer Leverkusen,0.8
5555,Julian Brandt,Left Midfield,e2fceabe-8870-4e84-ae6b-a4793b1bf58c,3890519,2,82,19,4939,2,Wasted Turnover,Bayer Leverkusen,93.2
8541,Kenan Karaman,Left Wing,cdb62dab-ac8f-44ed-aa52-97221e0e395f,3890520,1,8,28,510,0,Wasted Turnover,Hannover 96,107.4
5543,Haris Seferović,Left Midfield,12f65040-e865-4f09-8704-68b5d1eb35ff,3890521,1,26,47,1607,0,Wasted Turnover,Eintracht Frankfurt,114.7
8670,Timothy Chandler,Right Back,2c6d20d7-4991-4d73-bd6f-7179be31f101,3890521,2,84,45,5085,-2,Yellow Card,Eintracht Frankfurt,0.8
23660,Sambou Yatabaré,Right Wing,6d22c608-e3e6-4838-a4c9-5365c73017b4,3890523,1,9,32,581,0,Wasted Turnover,Werder Bremen,82.0
3545,Luiz Gustavo Dias,Left Defensive Midfield,50eb4eff-9bff-43ba-a49b-f01222212ae6,3890523,2,76,21,4581,-1,Yellow Card,Wolfsburg,0.6
8387,Mark Uth,Right Center Forward,22a7de32-9a1f-401a-a7ca-12d78f1daab3,3890524,1,18,0,1080,0,Big Miss,Hoffenheim,0.31159908
8404,Eugen Polanski,Center Defensive Midfield,c0d05696-7548-4902-86ce-3c1c97e7f2c3,3890524,1,25,1,1501,0,Yellow Card,Hoffenheim,0.6
9720,Philipp Ochs,Left Center Midfield,75f2d84b-d239-4a4c-84ca-36d2c5434852,3890524,2,60,56,3658,0,Wasted Turnover,Hoffenheim,103.8
8403,Nadiem Amiri,Right Center Midfield,1f83d83b-93e6-47cf-8c2f-b3a66205a176,3890524,2,87,58,5281,1,Wasted Turnover,Hoffenheim,86.2
5668,Robert Lewandowski,Center Forward,8a9b76ac-a932-452f-9378-a955e824937d,3890526,1,8,4,487,0,Wasted Turnover,Bayern Munich,85.7
8209,Márcio Rafael Ferreira de Souza,Right Back,30e11dbf-f1dd-4502-a9d3-9c4bb8d8dda2,3890526,1,18,57,1138,0,Wasted Turnover,Bayern Munich,90.5
8227,Mario Götze,Left Center Midfield,a8771aff-7d55-4fa7-885b-a783e8fd80e1,3890526,2,63,1,3793,1,Wasted Turnover,Bayern Munich,100.7
5242,Younès Belhanda,Left Defensive Midfield,0fd437b6-6fc4-4207-962e-de457f0ce055,3890526,2,74,28,4470,-3,Wasted Turnover,Schalke 04,100.8
8231,Yannick Gerhardt,Left Wing,9c316bd2-a16f-4241-b323-47876e0ae4a3,3890527,1,34,7,2060,-1,Wasted Turnover,FC Köln,105.9
8231,Yannick Gerhardt,Left Center Midfield,2b3cfdad-1d9f-45e3-87f2-49d48c6bb584,3890527,2,78,31,4711,0,Yellow Card,FC Köln,0.5
8555,Pablo Ezequiel De Blasis,Right Wing Back,ac6c058a-00a3-4424-887e-735cfc55471a,3890527,2,87,55,5275,-1,Wasted Turnover,FSV Mainz 05,88.5
8233,Gonzalo Castro Randon,Right Wing,3f955d71-63b9-4540-ac93-0b8b428c5a47,3890528,1,18,46,1130,0,Wasted Turnover,Borussia Dortmund,102.8
24324,Gustavo Adrián Ramos Vásquez,Center Forward,723455a6-bdb4-4dab-8f9c-b867af2edf9c,3890528,2,60,48,3648,2,Big Miss,Borussia Dortmund,0.30812147
5684,Shinji Kagawa,Center Attacking Midfield,03ad80a8-3230-4b55-bf71-cf3e9c4062d6,3890528,2,68,4,4087,2,Wasted Turnover,Borussia Dortmund,80.1
24324,Gustavo Adrián Ramos Vásquez,Right Center Forward,28e2621d-af4a-4d43-9ee2-24e9bbadf0ae,3890528,2,83,58,5038,2,Big Miss,Borussia Dortmund,0.31339005
23660,Sambou Yatabaré,Right Wing,4af22b9d-8f57-44c0-a553-b68b7ed0e35d,3890529,1,13,58,838,-1,Yellow Card,Werder Bremen,0.2
8895,Pierre-Michel Lasogga,Center Forward,a825b44b-7720-49c8-a792-35e89c12fc95,3890529,1,24,58,1498,1,Yellow Card,Hamburger SV,0.2
12624,Anthony Ujah,Right Wing,a0655dc7-ddfc-4400-974b-0991b327e351,3890529,2,64,49,3889,-2,Big Miss,Werder Bremen,0.4038386
24324,Gustavo Adrián Ramos Vásquez,Center Forward,a00c960c-4ee7-4512-b82b-f58fe8ba13c4,3890530,2,55,42,3342,2,Big Miss,Borussia Dortmund,0.36995217
24324,Gustavo Adrián Ramos Vásquez,Center Forward,88876d3b-2051-43dc-b776-c644dc3a5dc7,3890530,2,73,11,4391,3,Big Miss,Borussia Dortmund,0.8373824
8388,Jérôme Gondorf,Right Defensive Midfield,d7851b1d-18d2-4fe1-8184-111fee55b613,3890531,1,27,46,1666,0,Wasted Turnover,Darmstadt 98,88.4
23486,Anthony Modeste,Center Forward,5802c7cc-d554-4da2-b577-8994c7514c32,3890531,1,39,9,2349,1,Big Miss,FC Köln,0.5930201
3530,Hiroki Sakai,Right Back,0ffd4d15-edf6-4a7d-af5b-e1aae3752e72,3890532,1,8,3,483,0,Wasted Turnover,Hannover 96,85.3
40464,Moritz Hartmann,Left Wing,320d089d-eb73-4cec-8e7f-2cf9e02f8a39,3890532,2,54,44,3284,2,Yellow Card,Ingolstadt,0.2
8543,Manuel Schmiedebach,Center Defensive Midfield,c34be996-cfa4-4acb-a9c8-f28eb07194b2,3890532,2,61,28,3688,-1,Wasted Turnover,Hannover 96,94.9
9103,Lukas Hinterseer,Left Wing,b8a048ca-1434-4cb8-a443-0f113d8168bd,3890532,2,70,7,4210,1,Wasted Turnover,Ingolstadt,110.1
20485,Almog Cohen,Right Defensive Midfield,8cc3b271-3507-4524-95f4-d6fc52f1773b,3890532,2,77,27,4647,1,Wasted Turnover,Ingolstadt,103.4
5668,Robert Lewandowski,Center Forward,eab564ae-792a-4b48-8e4c-5910e66765d2,3890533,1,12,0,720,0,Wasted Turnover,Bayern Munich,91.7
8206,Arturo Erasmo Vidal Pardo,Right Defensive Midfield,5ddbf015-2f06-4bf1-9f5c-1f967e280cff,3890533,2,51,39,3099,1,Yellow Card,Bayern Munich,0.6
5208,Thiago Alcântara do Nascimento,Left Defensive Midfield,cbf1fb34-f260-4419-a73d-6ed7e7afc819,3890533,2,76,16,4576,1,Yellow Card,Bayern Munich,0.6
8213,Karim Bellarabi,Right Wing,730de2f6-b974-43ad-87cb-c32fae5fd01c,3890534,1,19,51,1193,-1,Wasted Turnover,Bayer Leverkusen,95.1
30312,Uilson de Souza Paula Júnior,Right Back,0776de7b-89ee-44ae-9072-4fade42ccb2b,3890534,1,26,6,1566,1,Yellow Card,Schalke 04,0.8
3570,Pierre-Emile Højbjerg,Right Defensive Midfield,918bc46d-fb05-4d86-a1cd-73ba25e996b5,3890534,2,50,38,3038,2,Yellow Card,Schalke 04,0.6
9400,Daniel Tawiah Opare,Right Midfield,acc8026b-6254-4cfd-a531-83b4fc206d23,3890535,1,6,38,398,1,Wasted Turnover,Augsburg,88.8
8317,Daniel Baier,Left Defensive Midfield,342366d4-a527-4404-bba6-1aeb4aac4ecd,3890535,2,53,40,3220,1,Yellow Card,Augsburg,0.6
6039,Sebastian Rudy,Right Center Midfield,09965a91-f098-4ce5-b46f-36f7c3af8a99,3890536,1,19,11,1151,-1,Yellow Card,Hoffenheim,0.5
8404,Eugen Polanski,Center Defensive Midfield,9486f0e6-edef-4b21-b446-a1aac58ae047,3890536,1,39,23,2363,-1,Yellow Card,Hoffenheim,0.6
5537,Fabian Lukas Schär,Right Center Back,f172e74a-2856-4053-ab82-e938a80f4cc9,3890536,2,79,12,4752,-2,Big Miss,Hoffenheim,0.5551775
8812,Marco Russ,Left Center Back,5e129816-0be1-457d-9077-af968c2b71c0,3890537,1,16,27,987,0,Yellow Card,Eintracht Frankfurt,0.8
8548,Daniel Brosinski,Right Back,d2d2baed-8289-41dd-8025-332a70b6f5cb,3890537,1,26,39,1599,1,Yellow Card,FSV Mainz 05,0.8
6925,Jairo Samperio Bustara,Left Wing,adba6ccb-6183-48f7-ad3b-5fcd076dd5c9,3890537,2,70,2,4202,0,Wasted Turnover,FSV Mainz 05,105.3
36359,Carlos Augusto Zambrano Ochandarte,Right Center Back,58a04acd-760d-4e12-aec0-1135f484c3ba,3890537,2,88,11,5291,1,Yellow Card,Eintracht Frankfurt,0.8
40462,Halil Altıntop,Center Attacking Midfield,0aecb233-385f-4005-8b20-d5ffe66702c7,3890538,1,37,46,2276,0,Wasted Turnover,Augsburg,94.0
40480,Markus Feulner,Right Back,5fb9ca1b-bd5f-4dce-b08d-abdad60bedc9,3890538,2,54,16,3258,0,Wasted Turnover,Augsburg,84.8
5543,Haris Seferović,Center Forward,8e947d7d-c8ea-4d74-b340-9560fe483e96,3890539,1,18,28,1108,-1,Yellow Card,Eintracht Frankfurt,0.2
18888,Szabolcs Huszti,Left Defensive Midfield,2598cd5e-9878-4e8a-b7ea-f616724dde5e,3890539,1,36,5,2165,-1,Yellow Card,Eintracht Frankfurt,0.6
9723,Sandro Wagner,Center Forward,95dedf78-9573-46ec-93cb-8e410f4df0ae,3890539,2,75,1,4502,0,Wasted Turnover,Darmstadt 98,85.6
12383,Florian Jungwirth,Right Back,d0dec253-3629-402f-aa3b-8d5a34e0fb6e,3890539,2,85,4,5104,-1,Yellow Card,Darmstadt 98,0.8
8571,Vedad Ibišević,Center Forward,1e6a9be2-9ab6-4d75-958e-0d20c4e1db04,3890540,2,52,37,3157,-1,Yellow Card,Hertha Berlin,0.2
8210,Charles Mariano Aránguiz Sandoval,Left Defensive Midfield,09705495-322b-4017-8141-ccbaf41fc363,3890540,2,58,31,3519,1,Wasted Turnover,Bayer Leverkusen,83.3
8570,Niklas Stark,Center Defensive Midfield,d98720ea-9827-41c6-970e-4282db0294a0,3890540,2,68,48,4128,-1,Yellow Card,Hertha Berlin,0.6
8810,Raffael Caetano de Araújo,Left Center Forward,273bff7a-a6e4-4070-9741-54ea383db18c,3890541,1,35,6,2109,-1,Wasted Turnover,Borussia Mönchengladbach,90.1
8322,André Hahn,Right Center Forward,c73251e3-22ad-494a-a184-a865c8c2c263,3890541,2,68,15,4095,-1,Big Miss,Borussia Mönchengladbach,0.34872705
8814,Nico Elvedi,Right Center Back,fe3c97f4-0ae4-45e3-aef4-ef2af4290622,3890541,2,76,45,4605,0,Yellow Card,Borussia Mönchengladbach,0.8
8233,Gonzalo Castro Randon,Left Defensive Midfield,d4beaec9-664a-48f7-9a80-67b1b0c72388,3890542,1,26,56,1625,2,Wasted Turnover,Borussia Dortmund,83.6
5559,Marco Reus,Left Wing,ceeb3714-62ca-4699-a2bc-9b0ce267eda5,3890542,2,52,34,3154,2,Yellow Card,Borussia Dortmund,0.2
5664,Salif Sané,Left Center Back,d71f6699-f31b-45ef-93cc-4a6b1fb3e8fd,3890543,1,14,18,858,-1,Big Miss,Hannover 96,0.34487754
3510,Sead Kolašinac,Left Back,3aed1b45-ee8a-457a-9156-494ed975f568,3890543,1,31,17,1878,0,Wasted Turnover,Schalke 04,87.8
13125,Iver Tobias Rørvik Fossum,Right Center Midfield,2f31f4ea-d960-48aa-9f8c-7a4967914871,3890543,2,77,8,4633,-1,Wasted Turnover,Hannover 96,96.8
8407,Ádám Szalai,Left Center Forward,6cea18a3-ec2e-4517-a5cf-e59bf11c2e98,3890543,2,83,44,5025,-2,Wasted Turnover,Hannover 96,94.5
8394,Robert Bauer,Left Back,1c1a0de0-8460-4dd3-bc6c-3960c46b2611,3890544,1,33,28,2008,1,Yellow Card,Ingolstadt,0.8
3097,Pascal Groß,Center Forward,fe8a8962-a94d-476a-bba2-bc3170c54dfe,3890544,2,69,27,4167,0,Big Miss,Ingolstadt,0.32824773
8215,Kevin Volland,Right Wing,95fd3023-9f29-4d49-a871-07a2d4aee3b8,3890544,2,78,3,4683,0,Selfish Shot,Hoffenheim,0.1129834452878348
8403,Nadiem Amiri,Center Attacking Midfield,0d1e46ef-0cf2-42ba-8fe1-8618128c644c,3890544,2,84,23,5063,1,Yellow Card,Hoffenheim,0.5
12626,Emiliano Adrián Insúa Zapata,Left Back,3cdb1a54-3742-4d4b-be68-c8dc96f876d1,3890546,1,8,29,509,0,Yellow Card,VfB Stuttgart,0.8
11132,Claudio Miguel Pizarro Bossio,Center Forward,f3b8e511-1a13-48b0-82a8-f4ad945d443c,3890546,1,18,12,1093,1,Wasted Turnover,Werder Bremen,87.5
8554,Levin Mete Öztunali,Right Wing,b0527ed7-14d8-4577-b378-7249115cb1e7,3890546,2,56,36,3396,1,Selfish Shot,Werder Bremen,0.1105295073625903
5664,Salif Sané,Left Center Back,eafad134-89a5-4159-9271-badc1e5c767c,3890547,1,25,26,1526,0,Yellow Card,Hannover 96,0.8
5460,Andrej Kramarić,Center Forward,85a92dce-4f3e-4580-8e41-104464740b96,3890547,1,32,20,1940,-1,Big Miss,Hoffenheim,0.55218107
8538,Waldemar Anton,Right Center Back,9ed53de5-ba05-4d6a-bbc7-8b6a15037360,3890547,2,53,43,3223,1,Yellow Card,Hannover 96,0.8
19836,Kevin Kuranyi,Center Forward,f39fa147-0c14-4f5d-ba13-da98c5233fb6,3890547,2,64,32,3872,-1,Big Miss,Hoffenheim,0.3004187
24914,Edgar Prib,Center Attacking Midfield,cc81f14d-70a2-489f-81a3-66515059a565,3890547,2,80,41,4841,1,Yellow Card,Hannover 96,0.5
5481,Mathew Leckie,Left Wing,c9c979eb-05ec-4136-af9f-ac090f106401,3890548,1,12,16,736,0,Wasted Turnover,Ingolstadt,81.7
40462,Halil Altıntop,Center Forward,008d456d-f32f-4187-9c38-d5f4e3c2bf5c,3890549,1,7,26,447,0,Wasted Turnover,Augsburg,89.9
3502,Joël Andre Job Matip,Right Center Back,89193c5c-4640-40fa-99ae-3816ddffd71f,3890549,1,14,22,862,0,Big Miss,Schalke 04,0.41345257
3502,Joël Andre Job Matip,Right Center Back,57696e00-7bfe-48b5-8f13-8d2b06f37f12,3890549,1,21,22,1282,0,Wasted Turnover,Schalke 04,106.0
5514,Alfreð Finnbogason,Right Wing,ac8c2d6a-8467-4023-8ef3-cf70bc4ebb1c,3890549,2,61,4,3664,0,Yellow Card,Augsburg,0.2
8318,Jeffrey Gouweleeuw,Right Center Back,a2bb714f-b59b-47cf-b1ba-423eedb077d9,3890549,2,68,22,4102,0,Yellow Card,Augsburg,0.8
8969,Lars Bender,Right Back,ee9601e4-bfb7-488b-8edd-e34372df900f,3890550,1,29,23,1763,1,Yellow Card,Bayer Leverkusen,0.8
7039,Hakan Çalhanoğlu,Left Midfield,1e2f1490-e8e6-4a8f-821f-05614e812bdd,3890550,1,39,22,2362,1,Wasted Turnover,Bayer Leverkusen,81.2
11394,Stefan Kießling,Left Center Forward,5facc5e4-5ac4-431d-b6b1-ed23c09a29de,3890550,2,69,57,4205,0,Wasted Turnover,Bayer Leverkusen,97.9
11285,Ibrahima Traoré,Right Wing Back,2aa76c69-646b-43f2-a583-2d130aaf22aa,3890550,2,75,0,4500,0,Yellow Card,Borussia Mönchengladbach,0.8
8386,Max Kruse,Center Forward,76f96fd9-b81d-4ba3-aa7b-97ee818111fb,3890551,1,28,58,1738,0,Big Miss,Wolfsburg,0.35324964
10790,Adelino André Vieira Freitas,Right Wing,c730a307-59b7-485c-aa99-9013590a24f3,3890551,1,34,41,2081,0,Wasted Turnover,Wolfsburg,88.0
8547,Matthias Ostrzolek,Left Back,e35b4336-9c19-4b10-b3a8-766a3b742d46,3890551,2,59,55,3595,0,Wasted Turnover,Hamburger SV,107.2
8243,Daniel Didavi,Center Forward,836c6d45-29be-418a-bc6a-57b941f077ce,3890552,1,17,1,1021,1,Yellow Card,VfB Stuttgart,0.2
8817,Jhon Andrés Córdoba Copete,Center Forward,ba0ddb65-c3f1-411e-8ba8-c21fed4dc54e,3890552,1,25,46,1546,-1,Wasted Turnover,FSV Mainz 05,97.3
20037,Julian Baumgartlinger,Right Defensive Midfield,26e05496-2fee-4797-b943-a6cbf8c4a0b9,3890552,2,51,47,3107,0,Yellow Card,FSV Mainz 05,0.6
8679,Yunus Mallı,Center Attacking Midfield,e17f3e92-47c2-4daf-bdba-7e3f945db806,3890552,2,78,42,4722,2,Big Miss,FSV Mainz 05,0.31873417
11286,Dominik Maroh,Right Center Back,9fbd996a-ed00-4bd1-87f4-8284c7c9d53d,3890554,1,23,51,1431,0,Yellow Card,FC Köln,0.8
6040,Jonas Hector,Left Defensive Midfield,a9ad48da-e351-4360-aa7d-78246101ba63,3890554,2,50,23,3023,0,Yellow Card,FC Köln,0.6
8829,Frederik Hillesborg Sørensen,Right Back,4c8e7c8d-c9ca-490f-8c8f-bd7704944120,3890554,2,60,19,3619,0,Yellow Card,FC Köln,0.8
8389,Fin Bartels,Left Midfield,5ba26cb7-2bd0-4a1e-9259-93adaadb5e1e,3890554,2,78,51,4731,0,Yellow Card,Werder Bremen,0.5
27639,Artem Kravets,Center Forward,44d1754f-e9fc-4ad1-bfc2-796f7c2a2afa,3890556,1,28,16,1700,-1,Wasted Turnover,VfB Stuttgart,89.9
11395,Lukas Rupp,Right Defensive Midfield,d43eb85a-4722-4b53-a1e3-9ec8065d4dae,3890556,2,61,25,3685,-2,Wasted Turnover,VfB Stuttgart,94.9
8401,Maximilian Eggestein,Left Wing,b6ea6328-7ec0-4ea2-a606-de87bee57082,3890557,1,10,57,660,0,Wasted Turnover,Werder Bremen,81.8
8401,Maximilian Eggestein,Left Wing,b4550fb9-b188-4a9d-b780-9fc5adfe0e6c,3890557,1,17,28,1048,0,Selfish Shot,Werder Bremen,0.0933216302010055
8504,Bastian Oczipka,Left Back,ba81ab4f-5d74-431a-ac82-f30bc8a1f48b,3890557,2,63,29,3809,0,Yellow Card,Eintracht Frankfurt,0.8
20037,Julian Baumgartlinger,Right Defensive Midfield,392f4c31-620e-478e-a1f4-b1063b3e41de,3890558,1,21,47,1307,0,Yellow Card,FSV Mainz 05,0.6
8575,Salomon Armand Magloire Kalou,Center Forward,7dae0d73-94fe-4c26-bb07-ea7e4853c27e,3890558,1,30,50,1850,0,Wasted Turnover,Hertha Berlin,94.1
8575,Salomon Armand Magloire Kalou,Center Forward,9d53b730-cb00-4a8b-8d92-3f4b53dec083,3890558,1,40,14,2414,0,Big Miss,Hertha Berlin,0.34499156
8965,Fabian Lustenberger,Left Defensive Midfield,97ad15d7-052c-4900-9f40-872f8445b7a6,3890558,2,63,16,3796,0,Yellow Card,Hertha Berlin,0.6
5668,Robert Lewandowski,Center Forward,bc6f7703-51d8-4dc6-984a-0f13c12f11a5,3890559,1,11,52,712,0,Wasted Turnover,Bayern Munich,105.7
131141,Fynn Arkenberg,Right Back,81bc827d-8f05-4f75-a749-623ef1e01e0f,3890559,1,38,44,2325,-2,Wasted Turnover,Hannover 96,100.4
8551,Felix Klaus,Left Midfield,4191c8f4-25cc-4e59-8ad9-8eda3fffc519,3890559,2,55,27,3327,-3,Yellow Card,Hannover 96,0.5
8804,Jonas Hofmann,Center Attacking Midfield,6a8a573e-7300-42c1-a646-ffa9a1494b60,3890560,1,26,24,1588,0,Wasted Turnover,Borussia Mönchengladbach,81.8
8215,Kevin Volland,Left Attacking Midfield,fa94d505-c4b6-49a3-a536-dcd5d8cb8e0a,3890561,1,18,44,1124,-2,Wasted Turnover,Hoffenheim,115.7
6039,Sebastian Rudy,Right Center Midfield,c1ee4d2c-2ef8-4128-b93a-ee8e666e663b,3890561,2,58,51,3531,-2,Yellow Card,Hoffenheim,0.5
7016,Benedikt Höwedes,Right Back,dfe98be3-ec14-42cf-8e55-fb52c67dc1f3,3890561,2,67,50,4070,2,Yellow Card,Schalke 04,0.8
8508,Max Meyer,Right Center Midfield,0261beb4-9051-4ce6-9f64-2565dfb1b772,3890561,2,74,0,4444,2,Wasted Turnover,Schalke 04,82.5
7993,Filip Mladenović,Left Wing Back,43740602-0ac0-4801-a517-63ce3cea6c28,3890562,2,57,39,3466,1,Wasted Turnover,FC Köln,112.1
40464,Moritz Hartmann,Right Wing,64c0da1d-49f3-49c4-b036-f6e158535754,3890563,1,26,7,1568,1,Wasted Turnover,Ingolstadt,83.7
20485,Almog Cohen,Left Center Midfield,7977bf90-f937-4eb0-baaa-5e24eca27b26,3890563,2,60,2,3611,-1,Wasted Turnover,Ingolstadt,80.5
8207,Dominik Kohr,Right Defensive Midfield,dc1f2592-66b6-4b40-bda5-deecac9cdb45,3890564,1,23,10,1401,1,Wasted Turnover,Augsburg,93.2
